system,year,day,depth,measured_mean,measured_std,simulated_mean,simulated_std
soil_core,1997,,7.5,2.608,0.48388676361314126,3.275844829693354,1.020168603447737
soil_core,1997,,22.5,2.6671666666666667,0.5810654345643744,1.8477710688335804,0.47593627453055704
soil_core,1997,,37.5,1.8785833333333333,0.5723284884894676,0.8091414725324081,0.38149251533502804
soil_core,1997,,52.5,1.153166666666667,0.6998750279895958,0.6700652460316902,0.25248588455375187
soil_core,1997,,67.5,0.9297500000000001,0.8082370334230957,0.6018958666051677,0.2216179400816998
soil_core,1997,,82.5,0.43625,0.4970051646252265,0.47743165019602646,0.24908848802973407
soil_core,1997,,97.5,0.29766666666666663,0.43034151000745374,0.19974984269993196,0.12372437784024774
soil_core,1997,,112.5,0.1735833333333333,0.2948814395870438,0.026609141602676762,0.05380564732573778
