system,year,day,depth,measured_mean,measured_std,simulated_mean,simulated_std
soil_core,1997,,7.5,2.608,0.48388676361314126,3.3522506551326705,0.9787749738128598
soil_core,1997,,22.5,2.6671666666666667,0.5810654345643744,1.8269371216895263,0.5054223806732187
soil_core,1997,,37.5,1.8785833333333333,0.5723284884894676,0.8030338241968493,0.2892559365215442
soil_core,1997,,52.5,1.153166666666667,0.6998750279895958,0.6887250205857793,0.24664321161470223
soil_core,1997,,67.5,0.9297500000000001,0.8082370334230957,0.6401139099717094,0.24539188702644718
soil_core,1997,,82.5,0.43625,0.4970051646252265,0.4927675975431723,0.22614759180091992
soil_core,1997,,97.5,0.29766666666666663,0.43034151000745374,0.3045693951626698,0.19116748709971979
soil_core,1997,,112.5,0.1735833333333333,0.2948814395870438,0.08721503994980022,0.0753209813135804
