system,year,day,depth,measured_mean,measured_std,simulated_mean,simulated_std
soil_core,1995,,7.5,1.6376666666666668,0.7939530632642379,2.1539787092580607,0.7624304731423172
soil_core,1995,,22.5,1.5798333333333334,0.7098071567313888,1.4423157536460895,0.40260274668296214
soil_core,1995,,37.5,1.0040833333333334,0.5847268215909949,0.7204406061244822,0.35047758915632116
soil_core,1995,,52.5,0.4835,0.5216339422705052,0.6131493468226654,0.29606009464826516
soil_core,1995,,67.5,0.512,0.4743118797895044,0.5432334960294517,0.27109637744003523
soil_core,1995,,82.5,0.39749999999999996,0.32398913120263007,0.41622547333674353,0.22812929451240913
soil_core,1995,,97.5,0.16166666666666665,0.11531704108569518,0.22717302922752453,0.16089810435510027
soil_core,1995,,112.5,0.06975,0.050148211562595635,0.05235247591063708,0.06679828478678616
