system,year,day,depth,measured_mean,measured_std,simulated_mean,simulated_std
soil_core,1995,,7.5,1.6376666666666668,0.7939530632642379,2.2770080878061707,0.7487775938192389
soil_core,1995,,22.5,1.5798333333333334,0.7098071567313888,1.4572207780813007,0.3875181475950722
soil_core,1995,,37.5,1.0040833333333334,0.5847268215909949,0.7399721228523563,0.31829056583709686
soil_core,1995,,52.5,0.4835,0.5216339422705052,0.6194779119198508,0.22980384788243755
soil_core,1995,,67.5,0.512,0.4743118797895044,0.5510980395444106,0.2143747102614688
soil_core,1995,,82.5,0.39749999999999996,0.32398913120263007,0.4096956336677733,0.23325419532553418
soil_core,1995,,97.5,0.16166666666666665,0.11531704108569518,0.22145392115032572,0.13477509194848672
soil_core,1995,,112.5,0.06975,0.050148211562595635,0.04714608291147425,0.06285168997669922
