system,year,day,depth,measured_mean,measured_std,simulated_mean,simulated_std
soil_core,1997,,7.5,2.608,0.48388676361314126,3.0239521216556735,0.9750518890317853
soil_core,1997,,22.5,2.6671666666666667,0.5810654345643744,1.7765899862450452,0.44139732195510095
soil_core,1997,,37.5,1.8785833333333333,0.5723284884894676,0.7410611248427451,0.33978256324036427
soil_core,1997,,52.5,1.153166666666667,0.6998750279895958,0.6512060887942057,0.3331310282158729
soil_core,1997,,67.5,0.9297500000000001,0.8082370334230957,0.5964746237114121,0.29446326009784946
soil_core,1997,,82.5,0.43625,0.4970051646252265,0.4473692194479916,0.2281249320350251
soil_core,1997,,97.5,0.29766666666666663,0.43034151000745374,0.23424148299616326,0.13755599858985565
soil_core,1997,,112.5,0.1735833333333333,0.2948814395870438,0.060404255903065515,0.08495773476892308
