system,year,day,depth,measured_mean,measured_std,simulated_mean,simulated_std
soil_core,1996,,7.5,3.3335000000000004,0.9050418222380666,3.470050622300803,0.9697271288719718
soil_core,1996,,22.5,3.16725,1.0075465862008262,1.8275554407571701,0.4298522455755928
soil_core,1996,,37.5,2.0765,0.8578609438336342,0.7954850721777623,0.3552850792837153
soil_core,1996,,52.5,0.877,0.5996827043142865,0.6601191533956843,0.3416860250361642
soil_core,1996,,67.5,0.3798333333333333,0.4090693882573909,0.4837556478508287,0.24060277502682645
soil_core,1996,,82.5,0.11383333333333333,0.13449301014626594,0.273842051189976,0.15796687196966608
soil_core,1996,,97.5,0.09716666666666668,0.13241081715083397,0.06979684476075956,0.06898958057352574
soil_core,1996,,112.5,0.081,0.13649628956720827,0.00499460013125468,0.010592303223264796
