system,year,day,depth,measured_mean,measured_std,simulated_mean,simulated_std
soil_core,1997,,7.5,2.608,0.48388676361314126,4.156199622794554,0.20088390849561338
soil_core,1997,,22.5,2.6671666666666667,0.5810654345643744,2.276303418219156,0.06553422777811713
soil_core,1997,,37.5,1.8785833333333333,0.5723284884894676,1.017867493924852,0.06281768557316644
soil_core,1997,,52.5,1.153166666666667,0.6998750279895958,0.79382271409098,0.08945850438180829
soil_core,1997,,67.5,0.9297500000000001,0.8082370334230957,0.6781739321244796,0.08294972909262298
soil_core,1997,,82.5,0.43625,0.4970051646252265,0.47419028405581404,0.1708156774895256
soil_core,1997,,97.5,0.29766666666666663,0.43034151000745374,0.3315816991615615,0.19067977209171474
soil_core,1997,,112.5,0.1735833333333333,0.2948814395870438,0.07995471046238263,0.08225096869932536
