system,year,day,depth,measured_mean,measured_std,simulated_mean,simulated_std
soil_core,1996,,7.5,3.3335000000000004,0.9050418222380666,3.2876987019228383,0.9279093031381358
soil_core,1996,,22.5,3.16725,1.0075465862008262,1.7837823834171533,0.4205777200803422
soil_core,1996,,37.5,2.0765,0.8578609438336342,0.6661760010373927,0.29010292367099527
soil_core,1996,,52.5,0.877,0.5996827043142865,0.5533779826061055,0.2526079266478064
soil_core,1996,,67.5,0.3798333333333333,0.4090693882573909,0.4355779401523034,0.2200967743359169
soil_core,1996,,82.5,0.11383333333333333,0.13449301014626594,0.2518516152843263,0.15014764249083531
soil_core,1996,,97.5,0.09716666666666668,0.13241081715083397,0.09454143169006571,0.08204516863953965
soil_core,1996,,112.5,0.081,0.13649628956720827,0.010547459344638004,0.029674649520860942
