system,year,day,depth,measured_mean,measured_std,simulated_mean,simulated_std
soil_core,1995,,7.5,1.6376666666666668,0.7939530632642379,2.096361804663741,0.7516907555412318
soil_core,1995,,22.5,1.5798333333333334,0.7098071567313888,1.4175008645569764,0.3970635373451081
soil_core,1995,,37.5,1.0040833333333334,0.5847268215909949,0.7000082375780241,0.3357837751815313
soil_core,1995,,52.5,0.4835,0.5216339422705052,0.6327316415069241,0.30693290602206075
soil_core,1995,,67.5,0.512,0.4743118797895044,0.5852499541478966,0.3043383083852207
soil_core,1995,,82.5,0.39749999999999996,0.32398913120263007,0.4494318002105512,0.25892065436053185
soil_core,1995,,97.5,0.16166666666666665,0.11531704108569518,0.2533674077848172,0.14440895987169453
soil_core,1995,,112.5,0.06975,0.050148211562595635,0.07115213824973568,0.1031078785398583
