system,year,day,depth,measured_mean,measured_std,simulated_mean,simulated_std
soil_core,1995,,7.5,1.6376666666666668,0.7939530632642379,2.9182262678555264,0.09537070568897409
soil_core,1995,,22.5,1.5798333333333334,0.7098071567313888,1.6520319147029114,0.26716119721863457
soil_core,1995,,37.5,1.0040833333333334,0.5847268215909949,0.7656675421258615,0.17657048015380944
soil_core,1995,,52.5,0.4835,0.5216339422705052,0.7323859322529619,0.06233106878128079
soil_core,1995,,67.5,0.512,0.4743118797895044,0.555435514628016,0.07982917275385841
soil_core,1995,,82.5,0.39749999999999996,0.32398913120263007,0.3676162550354382,0.10287121912638399
soil_core,1995,,97.5,0.16166666666666665,0.11531704108569518,0.16097930516877118,0.08192257417220315
soil_core,1995,,112.5,0.06975,0.050148211562595635,0.02711173259594162,0.03436691204862663
