system,year,day,depth,measured_mean,measured_std,simulated_mean,simulated_std
soil_core,1995,,7.5,1.6376666666666668,0.7939530632642379,2.360431548124142,0.7069753087603746
soil_core,1995,,22.5,1.5798333333333334,0.7098071567313888,1.5180251684806194,0.30209575787129794
soil_core,1995,,37.5,1.0040833333333334,0.5847268215909949,0.7014048402771674,0.21983025846227608
soil_core,1995,,52.5,0.4835,0.5216339422705052,0.6874375352938122,0.14439057314875295
soil_core,1995,,67.5,0.512,0.4743118797895044,0.592206868671596,0.17827379285671427
soil_core,1995,,82.5,0.39749999999999996,0.32398913120263007,0.4638067593300064,0.1985940991500798
soil_core,1995,,97.5,0.16166666666666665,0.11531704108569518,0.2553907684604033,0.13217389386058698
soil_core,1995,,112.5,0.06975,0.050148211562595635,0.047327714929079785,0.06411026887184987
