system,year,day,depth,measured_mean,measured_std,simulated_mean,simulated_std
soil_core,1996,,7.5,3.3335000000000004,0.9050418222380666,3.48451228267983,0.9767349946791607
soil_core,1996,,22.5,3.16725,1.0075465862008262,1.9040093788837897,0.47083430099825185
soil_core,1996,,37.5,2.0765,0.8578609438336342,0.7627865806538374,0.2701341106064841
soil_core,1996,,52.5,0.877,0.5996827043142865,0.6277479928931369,0.18647868694229355
soil_core,1996,,67.5,0.3798333333333333,0.4090693882573909,0.4761188970178374,0.1989386251198247
soil_core,1996,,82.5,0.11383333333333333,0.13449301014626594,0.3185388514033177,0.17958521737565555
soil_core,1996,,97.5,0.09716666666666668,0.13241081715083397,0.10530327693783208,0.07231896940170987
soil_core,1996,,112.5,0.081,0.13649628956720827,0.012318160522848036,0.020077295693408125
