system,year,day,depth,measured_mean,measured_std,simulated_mean,simulated_std
soil_core,1996,,7.5,3.3335000000000004,0.9050418222380666,3.2566560351728544,0.9462911112359338
soil_core,1996,,22.5,3.16725,1.0075465862008262,1.8045421992320845,0.3982755653644853
soil_core,1996,,37.5,2.0765,0.8578609438336342,0.6775964328382853,0.32337696570637653
soil_core,1996,,52.5,0.877,0.5996827043142865,0.5373550156330816,0.29456596341559305
soil_core,1996,,67.5,0.3798333333333333,0.4090693882573909,0.42886909748379776,0.2420956709214332
soil_core,1996,,82.5,0.11383333333333333,0.13449301014626594,0.2428714892958085,0.16412553570126115
soil_core,1996,,97.5,0.09716666666666668,0.13241081715083397,0.07326229047396261,0.07767887930820318
soil_core,1996,,112.5,0.081,0.13649628956720827,0.0056039236498968865,0.01922864165201849
