system,year,day,depth,measured_mean,measured_std,simulated_mean,simulated_std
soil_core,1997,,7.5,2.608,0.48388676361314126,3.0634454257995603,0.9637375110832485
soil_core,1997,,22.5,2.6671666666666667,0.5810654345643744,1.7883983470172575,0.4145151280596262
soil_core,1997,,37.5,1.8785833333333333,0.5723284884894676,0.7445769645942462,0.32681814010290355
soil_core,1997,,52.5,1.153166666666667,0.6998750279895958,0.6138200005785222,0.2669027255679035
soil_core,1997,,67.5,0.9297500000000001,0.8082370334230957,0.5351189874499267,0.23844594754140858
soil_core,1997,,82.5,0.43625,0.4970051646252265,0.4142311927857703,0.2141711858289845
soil_core,1997,,97.5,0.29766666666666663,0.43034151000745374,0.23137437030969601,0.16486286550674983
soil_core,1997,,112.5,0.1735833333333333,0.2948814395870438,0.04095482594070777,0.05874518120821373
