{"mode": {"krMode": "age dependent", "kxMode": "age dependent"}, "kx_ages": {"2": [[0.0], [0.0, 5.0, 12.0, 15.0, 20.0, 300.0], [0.0, 5.0, 10.0, 12.0, 20.0, 23.0, 300.0], [0.0, 5.0, 10.0, 12.0, 20.0, 23.0, 300.0], [0.0, 5.0, 12.0, 15.0, 20.0, 300.0], [0.0, 5.0, 12.0, 15.0, 20.0, 300.0], [0.0], [0.0], [0.0], [0.0]], "3": [[0.0], [0.0], [0.0], [0.0], [0.0], [0.0], [0.0], [0.0], [0.0], [0.0]], "4": [[0.0], [0.0], [0.0], [0.0], [0.0], [0.0], [0.0], [0.0], [0.0], [0.0]]}, "kx_values": {"2": [[1000.0], [0.000864, 0.00173, 0.0295, 0.0295, 0.432, 0.432], [8.64e-05, 8.64e-05, 8.64e-05, 0.0006048, 0.0006048, 0.00173, 0.00173], [8.64e-05, 8.64e-05, 8.64e-05, 0.0006048, 0.0006048, 0.00173, 0.00173], [0.000864, 0.00173, 0.0295, 0.0295, 0.432, 0.432], [0.000864, 0.00173, 0.0295, 0.0295, 0.432, 0.432], [0.0001], [0.0001], [0.0001], [0.0001]], "3": [[1.0], [1.0], [1.0], [1.0], [1.0], [1.0], [1.0], [1.0], [1.0], [1.0]], "4": [[1.0], [1.0], [1.0], [1.0], [1.0], [1.0], [1.0], [1.0], [1.0], [1.0]]}, "kr_ages": {"2": [[0.0], [-10000.0, -0.1, 0.0, 8.0, 10.0, 18.0, 25.0, 300.0], [-10000.0, -0.1, 0.0, 10.0, 16.0, 300.0], [-10000.0, -0.1, 0.0, 10.0, 16.0, 300.0], [-10000.0, -0.1, 0.0, 8.0, 10.0, 18.0, 25.0, 300.0], [-10000.0, -0.1, 0.0, 8.0, 10.0, 18.0, 25.0, 300.0], [0.0], [0.0], [0.0], [0.0]], "3": [[0.0], [0.0], [0.0], [0.0], [0.0], [0.0], [0.0], [0.0], [0.0], [0.0]], "4": [[0.0], [0.0], [0.0], [0.0], [0.0], [0.0], [0.0], [0.0], [0.0], [0.0]]}, "kr_values": {"2": [[0.0], [0.0, 0.0, 0.000181, 0.000181, 6.48e-05, 6.48e-05, 1.73e-05, 1.73e-05], [0.0, 0.0, 0.000181, 0.000181, 1.73e-05, 1.73e-05], [0.0, 0.0, 0.000181, 0.000181, 1.73e-05, 1.73e-05], [0.0, 0.0, 0.000181, 0.000181, 6.48e-05, 6.48e-05, 1.73e-05, 1.73e-05], [0.0, 0.0, 0.000181, 0.000181, 6.48e-05, 6.48e-05, 1.73e-05, 1.73e-05], [0.0001], [0.0001], [0.0001], [0.0001]], "3": [[0.0], [0.0], [0.0], [0.0], [0.0], [0.0], [0.0], [0.0], [0.0], [0.0]], "4": [[0.0], [0.0], [0.0], [0.0], [0.0], [0.0], [0.0], [0.0], [0.0], [0.0]]}, "krPerSegment": [0.0], "kxPerSegment": [0.0]}