{"mode": {"krMode": "age dependent", "kxMode": "age dependent"}, "kx_ages": {"2": [[0.0], [0.0, 2.0, 4.0, 6.0, 8.0, 10.0, 12.0, 14.0, 16.0, 18.0, 20.0, 22.0, 24.0, 26.0, 28.0, 30.0, 32.0], [0.0, 1.0, 2.0, 3.0, 4.0, 5.0, 6.0, 7.0, 8.0, 9.0, 10.0, 11.0, 12.0, 13.0, 14.0, 15.0, 16.0, 17.0], [0.0, 1.0, 2.0, 3.0, 4.0, 5.0, 6.0, 7.0, 8.0, 9.0, 10.0, 11.0, 12.0, 13.0, 14.0, 15.0, 16.0, 17.0], [0.0], [0.0], [0.0], [0.0], [0.0], [0.0]], "3": [[0.0], [0.0], [0.0], [0.0], [0.0], [0.0], [0.0], [0.0], [0.0], [0.0]], "4": [[0.0], [0.0], [0.0], [0.0], [0.0], [0.0], [0.0], [0.0], [0.0], [0.0]]}, "kx_values": {"2": [[0.0432], [0.0674, 0.0748, 0.083, 0.0921, 0.102, 0.113, 0.126, 0.14, 0.155, 0.172, 0.191, 0.212, 0.235, 0.261, 0.29, 0.321, 0.357], [0.000407, 0.0005, 0.000615, 0.000756, 0.00093, 0.00114, 0.00141, 0.00173, 0.00212, 0.00261, 0.00321, 0.00395, 0.00486, 0.00597, 0.00734, 0.00903, 0.0111, 0.0136], [0.000407, 0.0005, 0.000615, 0.000756, 0.00093, 0.00114, 0.00141, 0.00173, 0.00212, 0.00261, 0.00321, 0.00395, 0.00486, 0.00597, 0.00734, 0.00903, 0.0111, 0.0136], [0.0432], [0.0432], [0.0432], [0.0432], [0.0432], [0.0432]], "3": [[1.0], [1.0], [1.0], [1.0], [1.0], [1.0], [1.0], [1.0], [1.0], [1.0]], "4": [[1.0], [1.0], [1.0], [1.0], [1.0], [1.0], [1.0], [1.0], [1.0], [1.0]]}, "kr_ages": {"2": [[0.0], [0.0, 2.0, 4.0, 6.0, 8.0, 10.0, 12.0, 14.0, 16.0, 18.0, 20.0, 22.0, 24.0, 26.0, 28.0, 30.0, 32.0], [0.0, 1.0, 2.0, 3.0, 4.0, 5.0, 6.0, 7.0, 8.0, 9.0, 10.0, 11.0, 12.0, 13.0, 14.0, 15.0, 16.0, 17.0], [0.0, 1.0, 2.0, 3.0, 4.0, 5.0, 6.0, 7.0, 8.0, 9.0, 10.0, 11.0, 12.0, 13.0, 14.0, 15.0, 16.0, 17.0], [0.0], [0.0], [0.0], [0.0], [0.0], [0.0]], "3": [[0.0], [0.0], [0.0], [0.0], [0.0], [0.0], [0.0], [0.0], [0.0], [0.0]], "4": [[0.0], [0.0], [0.0], [0.0], [0.0], [0.0], [0.0], [0.0], [0.0], [0.0]]}, "kr_values": {"2": [[0.0001728], [0.00114, 0.00109, 0.00103, 0.000983, 0.000935, 0.00089, 0.000847, 0.000806, 0.000767, 0.00073, 0.000695, 0.000662, 0.00063, 0.000599, 0.00057, 0.000543, 0.000517], [0.00411, 0.00389, 0.00367, 0.00347, 0.00328, 0.0031, 0.00293, 0.00277, 0.00262, 0.00248, 0.00234, 0.00221, 0.00209, 0.00198, 0.00187, 0.00177, 0.00167, 0.00158], [0.00411, 0.00389, 0.00367, 0.00347, 0.00328, 0.0031, 0.00293, 0.00277, 0.00262, 0.00248, 0.00234, 0.00221, 0.00209, 0.00198, 0.00187, 0.00177, 0.00167, 0.00158], [0.0001728], [0.0001728], [0.0001728], [0.0001728], [0.0001728], [0.0001728]], "3": [[0.0], [0.0], [0.0], [0.0], [0.0], [0.0], [0.0], [0.0], [0.0], [0.0]], "4": [[0.0], [0.0], [0.0], [0.0], [0.0], [0.0], [0.0], [0.0], [0.0], [0.0]]}, "krPerSegment": [0.0], "kxPerSegment": [0.0]}