{"mode": {"krMode": "const", "kxMode": "const"}, "kx_ages": {"2": [[0.0], [0.0], [0.0], [0.0], [0.0], [0.0], [0.0], [0.0], [0.0], [0.0]], "3": [[0.0], [0.0], [0.0], [0.0], [0.0], [0.0], [0.0], [0.0], [0.0], [0.0]], "4": [[0.0], [0.0], [0.0], [0.0], [0.0], [0.0], [0.0], [0.0], [0.0], [0.0]]}, "kx_values": {"2": [[0.06973119972917548], [0.0023620042397231532], [0.0023620042397231532], [0.06973119972917548], [0.0001], [0.0001], [0.0001], [0.0001], [0.0001], [0.0001]], "3": [[4.5599962211124385], [4.5599962211124385], [4.5599962211124385], [4.5599962211124385], [4.5599962211124385], [4.5599962211124385], [4.5599962211124385], [4.5599962211124385], [4.5599962211124385], [4.5599962211124385]], "4": [[1.1294732598108421], [1.1294732598108421], [1.1294732598108421], [1.1294732598108421], [1.1294732598108421], [1.1294732598108421], [1.1294732598108421], [1.1294732598108421], [1.1294732598108421], [1.1294732598108421]]}, "kr_ages": {"2": [[0.0, 0.8, 1.0, 10000.0], [0.0, 0.8, 1.0, 10000.0], [0.0, 0.8, 1.0, 10000.0], [0.0, 0.8, 1.0, 10000.0], [0.0], [0.0], [0.0], [0.0], [0.0], [0.0]], "3": [[0.0], [0.0], [0.0], [0.0], [0.0], [0.0], [0.0], [0.0], [0.0], [0.0]], "4": [[0.0], [0.0], [0.0], [0.0], [0.0], [0.0], [0.0], [0.0], [0.0], [0.0]]}, "kr_values": {"2": [[6.495489000000001e-05, 6.495489000000001e-05, 9.743233500000001e-07, 9.743233500000001e-07], [8.05563e-05, 8.05563e-05, 1.2083445e-06, 1.2083445e-06], [8.05563e-05, 8.05563e-05, 1.2083445e-06, 1.2083445e-06], [6.495489000000001e-05, 6.495489000000001e-05, 9.743233500000001e-07, 9.743233500000001e-07], [0.0001], [0.0001], [0.0001], [0.0001], [0.0001], [0.0001]], "3": [[0.0], [0.0], [0.0], [0.0], [0.0], [0.0], [0.0], [0.0], [0.0], [0.0]], "4": [[3.9054510000000004e-05], [3.9054510000000004e-05], [3.9054510000000004e-05], [3.9054510000000004e-05], [3.9054510000000004e-05], [3.9054510000000004e-05], [3.9054510000000004e-05], [3.9054510000000004e-05], [3.9054510000000004e-05], [3.9054510000000004e-05]]}, "krPerSegment": [0.0], "kxPerSegment": [0.0]}