KeyValue	PolygonCode	Date	Rain	AirTemperatureMax	AirTemperatureMin	GlobalSolarRadiation	WindSpeed	ReferenceEvapotranspiration
ClimateId2	12345	01-01-1982	46.3	3.7	0.7	1.198	0.9	0.3
ClimateId2	12345	02-01-1982	9.5	8.4	-1.3	2.608	1.6	0.4
ClimateId2	12345	03-01-1982	0.0	5.4	-2.6	2.939	0.6	0.2
ClimateId2	12345	04-01-1982	1.1	6.5	-2.8	3.279	0.7	0.2
ClimateId2	12345	05-01-1982	0.0	4.9	-2.6	2.866	0.7	0.1
ClimateId2	12345	06-01-1982	0.0	10.7	-1.9	4.151	2.1	0.3
ClimateId2	12345	07-01-1982	0.0	-2.9	-4.9	1.859	4.2	1.0
ClimateId2	12345	08-01-1982	0.0	-5.5	-13.3	3.056	1.2	0.2
ClimateId2	12345	09-01-1982	0.0	-5.3	-5.2	3.18	1.4	0.3
ClimateId2	12345	10-01-1982	2.3	-6.8	-9.6	1.245	1.2	0.3
ClimateId2	12345	11-01-1982	0.7	-5.2	-10.9	2.47	0.7	0.1
ClimateId2	12345	12-01-1982	0.0	-2.8	-9.7	2.873	0.8	0.2
ClimateId2	12345	13-01-1982	0.3	-7.5	-15.5	3.327	0.6	0.1
ClimateId2	12345	14-01-1982	0.0	-5.4	-16.1	4.053	0.9	0.1
ClimateId2	12345	15-01-1982	0.0	-8.3	-9.6	2.941	1.0	0.2
ClimateId2	12345	16-01-1982	0.0	-8.2	-10.0	0.941	0.8	0.3
ClimateId2	12345	17-01-1982	0.0	1.8	-10.4	3.392	0.6	0.3
ClimateId2	12345	18-01-1982	0.0	-6.5	-8.5	1.087	0.7	0.3
ClimateId2	12345	19-01-1982	0.0	-6.7	-8.7	1.11	0.8	0.3
ClimateId2	12345	20-01-1982	0.0	-7.5	-7.5	1.951	0.7	0.3
ClimateId2	12345	21-01-1982	0.0	-6.1	-8.5	1.466	0.9	0.3
ClimateId2	12345	22-01-1982	0.8	-5.5	-6.8	2.734	0.8	0.3
ClimateId2	12345	23-01-1982	0.0	-1.6	-10.6	4.173	0.7	0.1
ClimateId2	12345	24-01-1982	0.0	-0.8	-6.0	2.943	0.6	0.2
ClimateId2	12345	25-01-1982	0.0	-1.3	-3.0	1.065	0.9	0.4
ClimateId2	12345	26-01-1982	0.8	-3.0	-6.7	2.266	1.5	0.4
ClimateId2	12345	27-01-1982	2.0	-1.1	-5.6	3.46	0.9	0.3
ClimateId2	12345	28-01-1982	1.2	3.3	-4.3	4.112	0.4	0.2
ClimateId2	12345	29-01-1982	0.8	3.5	-4.0	4.179	0.8	0.3
ClimateId2	12345	30-01-1982	0.2	6.7	-4.5	4.848	1.2	0.3
ClimateId2	12345	31-01-1982	0.0	10.5	1.4	4.87	4.3	1.4
ClimateId2	12345	01-02-1982	0.8	4.6	-1.6	3.839	3.9	1.4
ClimateId2	12345	02-02-1982	0.0	0.6	-5.6	5.008	3.6	0.5
ClimateId2	12345	03-02-1982	0.0	0.7	-8.5	5.198	1.2	0.3
ClimateId2	12345	04-02-1982	0.0	0.6	-9.8	5.678	1.0	0.3
ClimateId2	12345	05-02-1982	1.0	3.2	-9.1	5.693	1.4	0.4
ClimateId2	12345	06-02-1982	0.0	4.6	-9.7	7.119	0.8	0.3
ClimateId2	12345	07-02-1982	0.0	10.1	-2.6	6.779	0.5	0.5
ClimateId2	12345	08-02-1982	0.0	7.8	-4.0	6.585	1.6	0.5
ClimateId2	12345	09-02-1982	0.6	8.6	1.5	4.871	2.6	1.2
ClimateId2	12345	10-02-1982	0.0	6.9	-5.0	6.848	1.0	0.5
ClimateId2	12345	11-02-1982	0.0	2.4	-4.2	4.613	1.6	0.4
ClimateId2	12345	12-02-1982	0.0	-1.1	-2.8	1.803	0.9	0.4
ClimateId2	12345	13-02-1982	0.0	-2.2	-3.3	1.276	0.8	0.4
ClimateId2	12345	14-02-1982	0.0	-2.9	-4.0	1.233	1.0	0.4
ClimateId2	12345	15-02-1982	0.0	-2.8	-4.3	1.733	0.7	0.4
ClimateId2	12345	16-02-1982	0.0	2.0	-3.5	4.74	0.7	0.4
ClimateId2	12345	17-02-1982	0.0	5.0	-0.5	5.742	0.7	0.6
ClimateId2	12345	18-02-1982	0.0	2.2	-1.2	3.401	0.9	0.6
ClimateId2	12345	19-02-1982	0.1	1.5	-1.3	3.112	1.4	0.6
ClimateId2	12345	20-02-1982	0.0	-0.2	-4.5	4.266	1.8	0.8
ClimateId2	12345	21-02-1982	0.0	-0.9	-10.5	7.311	1.1	0.5
ClimateId2	12345	22-02-1982	4.0	-5.2	-9.1	4.21	1.9	0.3
ClimateId2	12345	23-02-1982	1.0	-3.1	-8.1	5.018	1.2	0.5
ClimateId2	12345	24-02-1982	0.0	-1.3	-12.4	8.337	0.7	0.3
ClimateId2	12345	25-02-1982	1.8	3.7	-5.8	6.726	1.2	0.7
ClimateId2	12345	26-02-1982	1.0	6.7	-3.1	7.862	2.1	0.9
ClimateId2	12345	27-02-1982	0.0	4.1	-5.8	8.038	1.2	0.8
ClimateId2	12345	28-02-1982	0.0	6.8	-8.3	9.122	1.1	0.8
ClimateId2	12345	01-03-1982	0.0	12.0	-2.5	10.483	0.7	0.9
ClimateId2	12345	02-03-1982	1.6	4.7	-0.4	5.649	1.8	0.6
ClimateId2	12345	03-03-1982	0.0	9.3	-1.6	9.235	2.4	1.3
ClimateId2	12345	04-03-1982	0.0	12.7	-0.9	10.566	1.9	1.3
ClimateId2	12345	05-03-1982	0.0	9.0	3.0	6.724	3.5	1.6
ClimateId2	12345	06-03-1982	0.0	6.8	0.8	7.393	4.1	1.6
ClimateId2	12345	07-03-1982	2.0	4.8	-1.0	9.395	1.9	1.2
ClimateId2	12345	08-03-1982	0.2	6.0	0.2	6.907	1.2	0.9
ClimateId2	12345	09-03-1982	0.0	6.9	-2.3	9.059	1.6	1.0
ClimateId2	12345	10-03-1982	0.0	11.8	-4.3	12.648	3.2	1.4
ClimateId2	12345	11-03-1982	1.1	8.8	4.2	6.118	5.5	2.3
ClimateId2	12345	12-03-1982	0.0	9.9	-1.3	10.603	2.5	1.6
ClimateId2	12345	13-03-1982	0.0	6.5	1.0	7.162	2.1	1.3
ClimateId2	12345	14-03-1982	0.0	8.2	-1.5	10.03	4.2	1.8
ClimateId2	12345	15-03-1982	0.0	9.4	-3.6	12.015	1.6	1.3
ClimateId2	12345	16-03-1982	0.0	10.5	-3.1	12.481	2.2	1.5
ClimateId2	12345	17-03-1982	0.0	13.2	-2.0	13.484	3.1	1.8
ClimateId2	12345	18-03-1982	0.5	7.1	2.2	7.008	2.1	1.0
ClimateId2	12345	19-03-1982	6.7	9.1	1.0	9.723	2.1	1.3
ClimateId2	12345	20-03-1982	0.0	9.5	-2.4	12.179	2.5	1.4
ClimateId2	12345	21-03-1982	0.0	7.2	1.4	8.24	1.6	1.2
ClimateId2	12345	22-03-1982	0.0	5.6	0.9	7.41	2.1	1.3
ClimateId2	12345	23-03-1982	0.1	7.2	-1.1	10.317	2.6	1.5
ClimateId2	12345	24-03-1982	0.0	10.1	-3.5	13.772	2.0	1.5
ClimateId2	12345	25-03-1982	0.0	11.4	-3.8	14.877	1.2	1.5
ClimateId2	12345	26-03-1982	0.0	15.5	-2.1	16.265	1.5	1.9
ClimateId2	12345	27-03-1982	0.0	18.7	-0.1	17.012	1.7	2.1
ClimateId2	12345	28-03-1982	0.0	17.3	2.7	14.907	3.1	2.6
ClimateId2	12345	29-03-1982	0.0	17.7	6.6	13.053	2.6	2.5
ClimateId2	12345	30-03-1982	6.1	9.3	4.0	8.726	1.8	1.2
ClimateId2	12345	31-03-1982	3.3	10.5	6.2	7.813	1.9	1.3
ClimateId2	12345	01-04-1982	0.0	12.0	5.5	9.923	1.3	1.5
ClimateId2	12345	02-04-1982	0.0	15.2	3.1	14.332	1.7	1.9
ClimateId2	12345	03-04-1982	4.1	17.2	3.4	15.546	1.9	2.1
ClimateId2	12345	04-04-1982	0.2	16.0	6.0	13.191	4.1	2.9
ClimateId2	12345	05-04-1982	0.0	16.4	2.3	16.059	2.8	2.4
ClimateId2	12345	06-04-1982	0.0	20.7	2.6	18.514	2.2	2.7
ClimateId2	12345	07-04-1982	0.2	14.8	7.7	11.064	2.0	1.9
ClimateId2	12345	08-04-1982	0.2	18.6	6.0	15.593	2.4	2.5
ClimateId2	12345	09-04-1982	1.3	10.9	5.0	10.303	4.8	2.9
ClimateId2	12345	10-04-1982	0.0	9.7	-1.7	15.008	1.9	1.8
ClimateId2	12345	11-04-1982	0.0	13.2	-2.1	17.76	2.0	2.0
ClimateId2	12345	12-04-1982	0.2	11.0	3.5	11.012	2.6	2.0
ClimateId2	12345	13-04-1982	3.8	4.4	0.4	8.461	1.5	1.0
ClimateId2	12345	14-04-1982	2.5	11.4	0.9	13.364	3.0	2.4
ClimateId2	12345	15-04-1982	0.0	10.0	2.7	12.349	1.8	2.3
ClimateId2	12345	16-04-1982	0.0	13.1	3.8	14.209	1.4	2.3
ClimateId2	12345	17-04-1982	0.0	15.8	3.9	16.308	1.9	2.6
ClimateId2	12345	18-04-1982	0.1	13.4	3.0	15.252	2.2	2.4
ClimateId2	12345	19-04-1982	0.0	10.0	-0.6	15.559	2.3	2.0
ClimateId2	12345	20-04-1982	0.0	11.4	-1.4	17.411	2.5	2.3
ClimateId2	12345	21-04-1982	0.0	12.5	-1.5	18.352	2.7	2.6
ClimateId2	12345	22-04-1982	0.4	9.9	1.0	14.485	2.8	2.3
ClimateId2	12345	23-04-1982	0.8	9.3	0.6	14.418	2.4	2.3
ClimateId2	12345	24-04-1982	0.0	13.2	-3.1	20.411	1.9	2.6
ClimateId2	12345	25-04-1982	0.0	13.6	3.9	15.571	3.3	3.0
ClimateId2	12345	26-04-1982	0.0	16.3	2.0	19.216	3.1	3.3
ClimateId2	12345	27-04-1982	0.8	9.2	3.2	12.128	5.3	2.8
ClimateId2	12345	28-04-1982	0.0	13.2	2.5	16.684	5.1	3.7
ClimateId2	12345	29-04-1982	0.7	13.9	4.9	15.275	2.9	2.9
ClimateId2	12345	30-04-1982	0.0	12.2	1.0	17.331	4.7	3.3
ClimateId2	12345	01-05-1982	0.0	9.4	-0.5	16.26	1.5	2.2
ClimateId2	12345	02-05-1982	0.0	16.2	-0.2	21.611	2.3	3.0
ClimateId2	12345	03-05-1982	0.0	20.2	2.3	22.774	2.2	3.5
ClimateId2	12345	04-05-1982	0.0	22.6	4.9	22.729	4.6	4.6
ClimateId2	12345	05-05-1982	0.0	20.0	10.7	16.165	5.9	4.6
ClimateId2	12345	06-05-1982	0.0	22.2	8.4	20.156	3.7	4.2
ClimateId2	12345	07-05-1982	0.0	20.7	10.5	17.098	3.5	4.1
ClimateId2	12345	08-05-1982	6.0	8.5	6.8	6.19	1.3	1.2
ClimateId2	12345	09-05-1982	12.2	15.1	6.1	16.323	1.7	2.4
ClimateId2	12345	10-05-1982	6.5	13.4	9.7	9.897	1.3	1.6
ClimateId2	12345	11-05-1982	35.6	17.2	9.4	15.101	2.3	2.9
ClimateId2	12345	12-05-1982	0.0	17.7	5.2	19.798	1.9	3.1
ClimateId2	12345	13-05-1982	0.0	18.0	7.2	18.408	2.4	3.4
ClimateId2	12345	14-05-1982	0.0	21.0	5.2	22.58	2.6	3.9
ClimateId2	12345	15-05-1982	0.0	21.0	7.2	21.183	1.5	3.6
ClimateId2	12345	16-05-1982	0.0	23.2	6.7	23.386	1.7	3.9
ClimateId2	12345	17-05-1982	0.0	24.7	8.4	23.298	1.7	4.1
ClimateId2	12345	18-05-1982	0.0	24.8	11.2	21.219	1.8	4.1
ClimateId2	12345	19-05-1982	0.2	25.0	9.9	22.499	2.0	4.2
ClimateId2	12345	20-05-1982	0.0	24.0	10.7	19.768	1.5	3.8
ClimateId2	12345	21-05-1982	28.2	20.4	11.8	16.908	1.4	3.0
ClimateId2	12345	22-05-1982	9.4	25.4	9.5	23.464	2.0	4.3
ClimateId2	12345	23-05-1982	9.2	20.6	13.0	17.777	1.4	3.4
ClimateId2	12345	24-05-1982	31.0	13.4	10.1	14.289	1.9	2.7
ClimateId2	12345	25-05-1982	0.0	19.4	6.3	21.328	3.3	3.9
ClimateId2	12345	26-05-1982	0.0	21.4	7.5	22.096	1.2	3.6
ClimateId2	12345	27-05-1982	0.0	25.2	9.1	22.43	1.5	4.0
ClimateId2	12345	28-05-1982	0.0	26.5	11.2	23.34	1.6	4.4
ClimateId2	12345	29-05-1982	3.8	17.6	14.3	9.843	3.8	2.9
ClimateId2	12345	30-05-1982	0.0	18.4	9.9	17.2	2.0	3.3
ClimateId2	12345	31-05-1982	0.0	23.5	12.2	20.131	1.2	3.9
ClimateId2	12345	01-06-1982	0.0	25.8	9.4	24.586	1.2	4.4
ClimateId2	12345	02-06-1982	0.0	27.2	10.1	25.174	1.4	4.7
ClimateId2	12345	03-06-1982	0.0	27.9	11.2	24.849	1.6	4.8
ClimateId2	12345	04-06-1982	0.0	28.5	11.2	25.378	1.6	4.9
ClimateId2	12345	05-06-1982	0.0	26.9	12.9	22.747	1.4	4.5
ClimateId2	12345	06-06-1982	0.0	29.0	11.4	25.702	2.0	5.1
ClimateId2	12345	07-06-1982	0.0	27.7	13.2	23.21	1.8	4.8
ClimateId2	12345	08-06-1982	0.0	23.0	14.4	17.631	1.4	3.7
ClimateId2	12345	09-06-1982	0.0	26.8	13.0	22.814	1.6	4.6
ClimateId2	12345	10-06-1982	7.6	25.0	15.4	18.871	1.8	4.0
ClimateId2	12345	11-06-1982	0.2	25.6	12.4	22.361	2.1	4.4
ClimateId2	12345	12-06-1982	23.9	23.9	16.6	16.157	3.5	4.1
ClimateId2	12345	13-06-1982	14.6	16.4	11.4	13.162	1.6	2.5
ClimateId2	12345	14-06-1982	3.3	19.1	9.8	18.548	3.5	4.2
ClimateId2	12345	15-06-1982	0.0	19.4	5.8	22.696	1.6	3.7
ClimateId2	12345	16-06-1982	0.2	19.2	7.9	20.604	1.5	3.4
ClimateId2	12345	17-06-1982	0.5	20.2	9.3	20.244	2.3	3.8
ClimateId2	12345	18-06-1982	0.0	20.7	11.4	18.584	1.4	3.5
ClimateId2	12345	19-06-1982	1.4	18.2	13.2	16.979	1.4	3.5
ClimateId2	12345	20-06-1982	0.0	23.1	11.2	21.251	2.1	4.2
ClimateId2	12345	21-06-1982	0.0	25.5	10.0	24.479	1.7	4.4
ClimateId2	12345	22-06-1982	3.2	26.0	14.0	21.305	2.1	4.4
ClimateId2	12345	23-06-1982	0.0	29.4	15.4	23.102	2.9	5.3
ClimateId2	12345	24-06-1982	4.4	24.1	14.2	19.313	1.5	4.0
ClimateId2	12345	25-06-1982	0.0	26.6	12.6	23.101	2.3	4.7
ClimateId2	12345	26-06-1982	0.0	29.9	16.5	22.388	2.9	5.2
ClimateId2	12345	27-06-1982	10.6	20.5	13.9	16.777	2.3	3.5
ClimateId2	12345	28-06-1982	1.3	23.2	11.5	20.945	2.0	4.2
ClimateId2	12345	29-06-1982	8.9	22.0	10.0	19.807	1.2	3.6
ClimateId2	12345	30-06-1982	12.0	22.4	11.7	19.876	2.0	4.0
ClimateId2	12345	01-07-1982	0.0	22.2	10.9	20.525	1.4	3.8
ClimateId2	12345	02-07-1982	0.0	24.9	13.1	20.977	1.6	4.2
ClimateId2	12345	03-07-1982	0.0	27.7	13.2	22.116	1.8	4.5
ClimateId2	12345	04-07-1982	25.0	27.3	14.9	20.383	2.5	4.6
ClimateId2	12345	05-07-1982	0.0	25.2	11.4	22.692	1.9	4.3
ClimateId2	12345	06-07-1982	0.0	25.7	13.3	21.381	1.8	4.3
ClimateId2	12345	07-07-1982	8.4	23.9	14.3	18.538	3.4	4.4
ClimateId2	12345	08-07-1982	0.0	23.5	12.5	19.989	2.2	4.2
ClimateId2	12345	09-07-1982	0.0	24.9	12.0	21.615	1.4	4.1
ClimateId2	12345	10-07-1982	0.0	25.8	11.3	23.057	2.5	4.6
ClimateId2	12345	11-07-1982	0.3	25.9	13.7	20.759	3.0	4.6
ClimateId2	12345	12-07-1982	23.5	23.9	16.4	15.904	2.7	3.8
ClimateId2	12345	13-07-1982	0.0	26.3	13.7	21.191	1.9	4.3
ClimateId2	12345	14-07-1982	0.7	25.4	13.7	20.376	1.6	4.0
ClimateId2	12345	15-07-1982	0.0	28.2	14.8	21.77	1.4	4.3
ClimateId2	12345	16-07-1982	1.3	28.7	17.5	19.729	1.2	4.3
ClimateId2	12345	17-07-1982	0.0	27.8	16.1	20.189	1.5	4.2
ClimateId2	12345	18-07-1982	0.7	22.0	16.4	13.293	2.3	2.9
ClimateId2	12345	19-07-1982	0.5	26.3	15.1	19.493	1.9	4.0
ClimateId2	12345	20-07-1982	0.0	28.9	16.4	20.627	1.6	4.4
ClimateId2	12345	21-07-1982	0.0	30.0	16.0	21.796	1.6	4.6
ClimateId2	12345	22-07-1982	0.2	29.2	15.0	21.9	1.9	4.6
ClimateId2	12345	23-07-1982	3.1	25.0	17.1	15.957	2.1	3.5
ClimateId2	12345	24-07-1982	22.7	24.4	16.8	15.562	1.5	3.2
ClimateId2	12345	25-07-1982	12.6	23.7	15.1	16.589	2.2	3.4
ClimateId2	12345	26-07-1982	12.9	21.9	15.4	14.211	2.9	3.2
ClimateId2	12345	27-07-1982	0.6	21.4	15.5	13.302	3.2	3.4
ClimateId2	12345	28-07-1982	0.0	23.3	12.4	18.475	1.6	3.5
ClimateId2	12345	29-07-1982	0.0	25.9	13.8	19.519	1.5	3.8
ClimateId2	12345	30-07-1982	0.0	23.9	14.4	17.022	1.6	3.5
ClimateId2	12345	31-07-1982	7.9	24.5	14.2	18.362	2.0	3.7
ClimateId2	12345	01-08-1982	6.2	26.5	12.4	20.878	2.2	4.2
ClimateId2	12345	02-08-1982	0.0	25.2	12.9	19.367	1.8	3.7
ClimateId2	12345	03-08-1982	0.0	25.3	16.4	17.445	2.4	3.9
ClimateId2	12345	04-08-1982	4.1	25.5	15.8	17.634	2.0	3.7
ClimateId2	12345	05-08-1982	12.5	22.2	14.6	16.2	1.4	3.3
ClimateId2	12345	06-08-1982	0.0	25.4	13.8	18.294	1.6	3.5
ClimateId2	12345	07-08-1982	0.0	24.0	14.9	15.989	1.6	3.1
ClimateId2	12345	08-08-1982	3.0	24.5	14.5	16.978	1.5	3.4
ClimateId2	12345	09-08-1982	15.5	24.2	14.0	16.803	1.5	3.2
ClimateId2	12345	10-08-1982	0.0	24.2	13.9	17.567	1.4	3.5
ClimateId2	12345	11-08-1982	0.0	26.5	15.1	17.6	1.9	3.7
ClimateId2	12345	12-08-1982	0.0	27.3	14.1	18.897	1.9	3.8
ClimateId2	12345	13-08-1982	0.0	27.4	15.6	18.328	2.2	3.9
ClimateId2	12345	14-08-1982	2.0	28.6	15.7	18.418	2.2	4.0
ClimateId2	12345	15-08-1982	0.6	27.4	16.9	16.353	1.6	3.5
ClimateId2	12345	16-08-1982	0.0	28.5	16.8	17.327	1.4	3.8
ClimateId2	12345	17-08-1982	16.1	25.6	15.0	16.265	1.9	3.3
ClimateId2	12345	18-08-1982	0.2	25.0	12.3	18.214	1.8	3.4
ClimateId2	12345	19-08-1982	0.0	26.0	13.4	17.677	2.2	3.6
ClimateId2	12345	20-08-1982	1.4	25.5	14.7	16.062	2.7	3.3
ClimateId2	12345	21-08-1982	12.8	15.8	12.8	13.081	1.9	2.6
ClimateId2	12345	22-08-1982	1.6	21.0	11.8	14.555	2.8	3.2
ClimateId2	12345	23-08-1982	0.0	22.6	7.4	18.85	1.6	3.0
ClimateId2	12345	24-08-1982	0.0	23.1	9.3	17.783	1.7	3.0
ClimateId2	12345	25-08-1982	0.0	22.6	10.9	16.107	2.1	3.0
ClimateId2	12345	26-08-1982	0.0	25.5	11.1	17.897	2.4	3.3
ClimateId2	12345	27-08-1982	0.0	26.5	11.8	17.985	2.3	3.4
ClimateId2	12345	28-08-1982	10.3	19.4	14.5	9.622	1.4	1.7
ClimateId2	12345	29-08-1982	6.7	16.9	14.0	7.19	2.4	1.7
ClimateId2	12345	30-08-1982	0.0	19.3	12.0	11.888	1.4	2.1
ClimateId2	12345	31-08-1982	0.0	22.2	9.2	16.223	2.0	2.6
ClimateId2	12345	01-09-1982	0.0	20.4	13.4	11.49	0.9	2.1
ClimateId2	12345	02-09-1982	0.0	22.4	10.5	14.956	1.2	2.5
ClimateId2	12345	03-09-1982	0.0	22.8	11.0	14.996	1.7	2.5
ClimateId2	12345	04-09-1982	0.0	23.9	11.2	15.41	1.6	2.6
ClimateId2	12345	05-09-1982	0.0	24.2	11.6	15.149	1.4	2.6
ClimateId2	12345	06-09-1982	0.0	28.5	15.1	15.557	2.9	3.5
ClimateId2	12345	07-09-1982	0.0	25.4	13.5	14.412	2.2	2.8
ClimateId2	12345	08-09-1982	47.0	24.8	14.2	13.439	2.6	2.8
ClimateId2	12345	09-09-1982	5.3	22.4	12.5	12.377	2.3	2.5
ClimateId2	12345	10-09-1982	0.0	22.1	12.7	12.287	1.7	2.3
ClimateId2	12345	11-09-1982	0.0	24.6	12.3	14.168	1.3	2.4
ClimateId2	12345	12-09-1982	0.0	25.3	12.9	14.009	1.2	2.5
ClimateId2	12345	13-09-1982	0.0	24.0	11.4	14.037	1.4	2.4
ClimateId2	12345	14-09-1982	0.0	24.6	11.5	14.171	1.2	2.3
ClimateId2	12345	15-09-1982	0.0	24.7	10.6	14.545	1.5	2.4
ClimateId2	12345	16-09-1982	0.0	25.2	10.3	14.824	1.2	2.4
ClimateId2	12345	17-09-1982	0.0	24.5	9.2	14.943	1.2	2.2
ClimateId2	12345	18-09-1982	0.0	24.3	9.9	14.24	1.1	2.2
ClimateId2	12345	19-09-1982	0.0	23.6	9.6	13.881	0.8	2.0
ClimateId2	12345	20-09-1982	0.0	23.7	9.3	13.894	0.9	1.9
ClimateId2	12345	21-09-1982	0.0	23.3	12.6	11.603	1.0	1.9
ClimateId2	12345	22-09-1982	0.0	25.4	14.9	11.393	1.5	2.3
ClimateId2	12345	23-09-1982	0.0	20.3	12.2	9.719	1.6	1.6
ClimateId2	12345	24-09-1982	20.0	14.9	10.0	7.162	1.3	1.2
ClimateId2	12345	25-09-1982	0.5	14.7	10.2	6.678	0.6	1.0
ClimateId2	12345	26-09-1982	0.0	24.0	12.5	11.451	3.0	2.2
ClimateId2	12345	27-09-1982	0.0	22.1	12.0	10.394	2.4	1.9
ClimateId2	12345	28-09-1982	0.0	19.9	13.9	7.623	1.2	1.5
ClimateId2	12345	29-09-1982	0.0	21.1	11.8	9.689	0.9	1.6
ClimateId2	12345	30-09-1982	0.0	19.4	8.4	10.676	1.2	1.4
ClimateId2	12345	01-10-1982	29.0	15.1	11.1	5.745	1.5	0.8
ClimateId2	12345	02-10-1982	5.3	15.9	10.9	6.933	1.8	1.3
ClimateId2	12345	03-10-1982	13.1	15.9	9.6	7.333	1.8	1.2
ClimateId2	12345	04-10-1982	1.0	12.7	7.3	6.576	1.4	1.0
ClimateId2	12345	05-10-1982	27.4	14.2	7.7	9.242	1.5	1.4
ClimateId2	12345	06-10-1982	19.1	13.2	9.4	5.172	3.0	1.0
ClimateId2	12345	07-10-1982	1.3	16.9	6.9	8.954	4.6	1.7
ClimateId2	12345	08-10-1982	2.6	13.0	7.7	5.983	2.1	1.1
ClimateId2	12345	09-10-1982	27.0	9.6	3.5	6.572	1.2	0.6
ClimateId2	12345	10-10-1982	0.0	15.7	6.8	8.108	1.3	1.1
ClimateId2	12345	11-10-1982	0.0	16.5	2.6	10.265	1.1	0.9
ClimateId2	12345	12-10-1982	7.4	10.9	6.6	6.11	1.1	0.9
ClimateId2	12345	13-10-1982	0.0	14.9	4.7	8.296	3.4	1.1
ClimateId2	12345	14-10-1982	15.8	12.9	8.4	5.471	2.1	1.0
ClimateId2	12345	15-10-1982	5.5	13.7	6.5	6.541	1.5	0.9
ClimateId2	12345	16-10-1982	0.0	15.2	2.1	9.195	1.5	1.0
ClimateId2	12345	17-10-1982	0.0	13.0	0.4	8.88	1.2	0.7
ClimateId2	12345	18-10-1982	0.0	16.8	1.8	9.627	1.2	0.8
ClimateId2	12345	19-10-1982	0.0	13.3	3.7	7.024	1.1	0.6
ClimateId2	12345	20-10-1982	0.6	15.7	9.3	5.631	1.4	0.9
ClimateId2	12345	21-10-1982	0.0	13.5	7.3	5.393	1.7	0.7
ClimateId2	12345	22-10-1982	0.0	17.7	8.4	6.85	2.3	1.1
ClimateId2	12345	23-10-1982	0.2	14.7	8.6	6.18	1.9	0.8
ClimateId2	12345	24-10-1982	1.7	19.0	8.9	6.943	1.4	0.9
ClimateId2	12345	25-10-1982	0.0	14.8	10.7	3.849	1.9	1.0
ClimateId2	12345	26-10-1982	0.1	14.5	7.9	5.184	1.4	0.8
ClimateId2	12345	27-10-1982	0.0	15.6	3.5	7.358	1.2	0.6
ClimateId2	12345	28-10-1982	0.0	12.9	3.9	6.041	1.1	0.5
ClimateId2	12345	29-10-1982	0.0	13.1	7.9	4.18	0.8	0.6
ClimateId2	12345	30-10-1982	0.0	12.4	4.8	5.079	1.1	0.7
ClimateId2	12345	31-10-1982	0.0	9.5	1.6	5.227	1.2	0.4
ClimateId2	12345	01-11-1982	0.0	7.6	3.2	3.416	0.9	0.6
ClimateId2	12345	02-11-1982	0.0	5.6	2.8	2.439	1.2	0.4
ClimateId2	12345	03-11-1982	0.0	4.9	3.4	1.394	1.0	0.5
ClimateId2	12345	04-11-1982	0.2	4.7	3.2	1.438	0.5	0.4
ClimateId2	12345	05-11-1982	0.0	7.7	2.6	3.606	1.8	0.6
ClimateId2	12345	06-11-1982	0.0	4.6	-0.2	4.487	1.4	0.6
ClimateId2	12345	07-11-1982	0.0	2.9	-6.4	5.175	1.2	0.4
ClimateId2	12345	08-11-1982	0.0	5.4	-5.3	5.564	2.8	0.3
ClimateId2	12345	09-11-1982	0.0	13.5	2.7	5.354	3.8	0.9
ClimateId2	12345	10-11-1982	0.3	12.7	5.6	3.906	1.1	0.4
ClimateId2	12345	11-11-1982	0.2	11.7	8.4	2.181	0.9	0.6
ClimateId2	12345	12-11-1982	0.0	8.5	4.0	2.57	1.1	0.4
ClimateId2	12345	13-11-1982	0.0	11.5	4.3	4.697	2.5	0.5
ClimateId2	12345	14-11-1982	37.6	7.8	3.4	3.946	2.6	0.5
ClimateId2	12345	15-11-1982	0.0	8.2	1.6	3.558	1.0	0.4
ClimateId2	12345	16-11-1982	0.0	6.0	0.8	2.981	1.3	0.3
ClimateId2	12345	17-11-1982	0.0	5.9	1.5	2.542	1.8	0.7
ClimateId2	12345	18-11-1982	0.0	8.4	-3.0	4.84	1.5	0.5
ClimateId2	12345	19-11-1982	0.0	11.8	0.5	4.738	1.6	0.6
ClimateId2	12345	20-11-1982	0.3	10.6	1.5	4.018	0.8	0.3
ClimateId2	12345	21-11-1982	0.0	9.4	-2.3	4.7	1.3	0.2
ClimateId2	12345	22-11-1982	0.0	5.5	-1.0	3.044	1.1	0.2
ClimateId2	12345	23-11-1982	0.0	4.6	-1.9	2.976	0.5	0.2
ClimateId2	12345	24-11-1982	0.0	12.9	-2.5	5.353	1.8	0.2
ClimateId2	12345	25-11-1982	0.0	12.3	1.7	4.121	2.3	0.4
ClimateId2	12345	26-11-1982	0.0	14.2	3.2	4.058	2.7	0.7
ClimateId2	12345	27-11-1982	0.0	9.4	1.6	3.205	2.4	0.6
ClimateId2	12345	28-11-1982	0.0	6.1	2.7	1.686	1.3	0.4
ClimateId2	12345	29-11-1982	0.7	6.0	4.0	2.255	2.0	0.4
ClimateId2	12345	30-11-1982	2.8	5.4	-1.6	2.789	2.0	0.3
ClimateId2	12345	01-12-1982	3.8	3.8	2.6	0.42	1.9	0.6
ClimateId2	12345	02-12-1982	3.6	5.3	2.0	1.502	2.3	0.3
ClimateId2	12345	03-12-1982	0.0	4.6	1.4	2.569	1.1	0.2
ClimateId2	12345	04-12-1982	0.0	4.3	0.8	1.525	1.5	0.4
ClimateId2	12345	05-12-1982	0.0	1.1	-0.6	0.654	2.0	0.4
ClimateId2	12345	06-12-1982	0.0	-0.4	-2.7	1.489	1.6	0.3
ClimateId2	12345	07-12-1982	0.0	3.1	-3.4	2.386	0.9	0.2
ClimateId2	12345	08-12-1982	0.0	10.4	0.2	3.438	0.9	0.2
ClimateId2	12345	09-12-1982	0.0	8.9	1.8	2.652	3.8	0.7
ClimateId2	12345	10-12-1982	1.3	12.3	5.7	2.475	3.0	0.8
ClimateId2	12345	11-12-1982	13.9	3.5	0.0	1.446	2.1	0.4
ClimateId2	12345	12-12-1982	0.0	2.2	-4.0	2.302	1.7	0.2
ClimateId2	12345	13-12-1982	0.3	2.1	-0.9	1.159	1.3	0.4
ClimateId2	12345	14-12-1982	0.0	2.8	-0.1	1.161	1.3	0.4
ClimateId2	12345	15-12-1982	0.0	1.8	-1.4	1.135	1.7	0.5
ClimateId2	12345	16-12-1982	1.4	6.5	-0.8	2.568	1.7	0.3
ClimateId2	12345	17-12-1982	0.0	10.7	2.8	2.742	3.0	0.7
ClimateId2	12345	18-12-1982	15.9	7.1	3.5	2.499	4.6	0.7
ClimateId2	12345	19-12-1982	9.5	3.7	1.5	0.822	5.6	1.6
ClimateId2	12345	20-12-1982	0.0	3.0	-3.6	2.349	2.5	0.3
ClimateId2	12345	21-12-1982	16.3	5.2	1.4	2.105	3.2	0.7
ClimateId2	12345	22-12-1982	5.5	1.9	-0.7	1.639	0.8	0.3
ClimateId2	12345	23-12-1982	8.7	1.7	0.0	0.547	1.8	0.5
ClimateId2	12345	24-12-1982	1.7	3.3	0.6	1.958	6.0	0.7
ClimateId2	12345	25-12-1982	0.6	6.2	1.4	1.846	4.7	1.5
ClimateId2	12345	26-12-1982	0.0	6.4	1.7	1.835	4.4	1.4
ClimateId2	12345	27-12-1982	0.0	4.8	-4.3	3.065	1.3	0.2
ClimateId2	12345	28-12-1982	0.0	8.1	-1.0	3.072	2.5	0.7
ClimateId2	12345	29-12-1982	0.0	5.1	-1.0	2.297	3.3	1.0
ClimateId2	12345	30-12-1982	0.0	3.5	-1.3	1.9	3.6	1.2
ClimateId2	12345	31-12-1982	0.0	2.2	-6.5	3.059	1.0	0.3
ClimateId2	12345	01-01-1983	0.0	2.2	-5.0	2.674	0.8	0.3
ClimateId2	12345	02-01-1983	0.0	5.2	-3.4	3.0751	1.1	0.3
ClimateId2	12345	03-01-1983	0.0	2.8	-1.6	1.8004	1.5	0.4
ClimateId2	12345	04-01-1983	0.0	4.8	-0.4	2.4645	1.2	0.4
ClimateId2	12345	05-01-1983	0.2	5.0	-1.7	2.6151	1.2	0.2
ClimateId2	12345	06-01-1983	0.0	11.5	-0.1	3.939	1.4	0.3
ClimateId2	12345	07-01-1983	0.0	6.1	-2.4	2.7257	1.2	0.3
ClimateId2	12345	08-01-1983	0.0	4.8	0.8	1.8091	1.2	0.5
ClimateId2	12345	09-01-1983	0.0	5.5	-4.1	3.565	1.6	0.3
ClimateId2	12345	10-01-1983	0.0	5.1	-3.6	3.3628	1.3	0.4
ClimateId2	12345	11-01-1983	0.0	9.5	-4.5	4.7176	1.3	0.3
ClimateId2	12345	12-01-1983	0.0	6.2	-3.4	3.864	0.9	0.4
ClimateId2	12345	13-01-1983	0.0	3.5	-5.2	3.4554	0.7	0.2
ClimateId2	12345	14-01-1983	0.0	1.2	-4.9	2.8538	1.5	0.2
ClimateId2	12345	15-01-1983	0.4	2.8	-2.2	2.979	1.5	0.3
ClimateId2	12345	16-01-1983	5.1	5.6	-1.4	3.0516	2.8	0.4
ClimateId2	12345	17-01-1983	0.2	11.8	2.3	3.9767	2.6	0.8
ClimateId2	12345	18-01-1983	0.0	12.9	-0.3	4.9826	2.2	0.6
ClimateId2	12345	19-01-1983	0.0	5.6	-2.5	3.5269	3.1	0.9
ClimateId2	12345	20-01-1983	0.0	2.8	-4.3	3.3918	4.1	1.1
ClimateId2	12345	21-01-1983	0.0	4.7	-4.7	4.204	1.8	0.7
ClimateId2	12345	22-01-1983	0.0	10.4	-0.7	4.7495	2.5	0.8
ClimateId2	12345	23-01-1983	0.0	5.3	-3.9	4.2675	1.3	0.3
ClimateId2	12345	24-01-1983	0.0	4.4	-2.5	3.5876	1.3	0.4
ClimateId2	12345	25-01-1983	0.0	4.5	-4.5	4.3584	1.4	0.3
ClimateId2	12345	26-01-1983	0.0	8.6	-2.4	4.9851	1.1	0.4
ClimateId2	12345	27-01-1983	0.0	12.1	1.0	5.1888	1.3	0.6
ClimateId2	12345	28-01-1983	0.0	13.2	2.2	5.1526	1.7	0.7
ClimateId2	12345	29-01-1983	0.0	10.1	2.5	4.18	1.1	0.6
ClimateId2	12345	30-01-1983	0.0	11.0	1.3	4.9879	2.4	0.7
ClimateId2	12345	31-01-1983	1.1	6.9	0.6	3.8798	3.7	1.4
ClimateId2	12345	01-02-1983	0.0	8.3	-2.5	5.5432	2.8	0.9
ClimateId2	12345	02-02-1983	0.0	7.5	-0.5	4.3707	2.9	1.1
ClimateId2	12345	03-02-1983	0.0	4.2	-3.3	4.5556	1.9	0.8
ClimateId2	12345	04-02-1983	0.0	4.7	-4.7	5.3783	3.6	1.1
ClimateId2	12345	05-02-1983	0.0	2.8	-6.2	5.3388	3.8	1.0
ClimateId2	12345	06-02-1983	1.3	1.7	-1.1	2.4668	3.4	0.9
ClimateId2	12345	07-02-1983	1.6	1.5	-2.6	3.2487	1.3	0.4
ClimateId2	12345	08-02-1983	0.9	3.3	-2.3	4.0751	1.0	0.5
ClimateId2	12345	09-02-1983	4.0	4.0	-2.3	5.658	1.4	0.6
ClimateId2	12345	10-02-1983	4.1	2.4	-4.7	4.7137	1.1	0.5
ClimateId2	12345	11-02-1983	4.6	2.6	-2.3	4.2902	2.0	0.5
ClimateId2	12345	12-02-1983	5.8	3.5	-2.7	5.0189	1.3	0.5
ClimateId2	12345	13-02-1983	0.0	1.1	-2.5	3.3305	1.0	0.6
ClimateId2	12345	14-02-1983	0.8	2.6	-2.6	4.9836	1.3	0.6
ClimateId2	12345	15-02-1983	0.6	0.6	-4.3	4.2591	2.9	0.8
ClimateId2	12345	16-02-1983	0.0	-3.6	-13.7	6.8191	2.1	0.5
ClimateId2	12345	17-02-1983	0.0	-0.2	-9.4	6.9048	5.4	1.0
ClimateId2	12345	18-02-1983	0.0	4.2	-7.4	7.6827	2.0	0.7
ClimateId2	12345	19-02-1983	0.0	1.1	-8.1	6.7282	1.8	0.7
ClimateId2	12345	20-02-1983	0.0	3.3	-6.1	7.1086	1.5	0.7
ClimateId2	12345	21-02-1983	0.0	4.6	-8.8	8.881	2.7	0.8
ClimateId2	12345	22-02-1983	0.0	-1.8	-10.1	6.7282	3.3	0.9
ClimateId2	12345	23-02-1983	0.0	0.3	-15.4	10.064	1.2	0.5
ClimateId2	12345	24-02-1983	0.0	2.5	-12.4	9.8843	1.3	0.6
ClimateId2	12345	25-02-1983	0.0	2.5	-11.4	9.5983	2.2	0.7
ClimateId2	12345	26-02-1983	0.0	5.9	-10.3	10.7098	2.2	0.7
ClimateId2	12345	27-02-1983	0.0	6.5	-2.3	7.9525	1.4	0.8
ClimateId2	12345	28-02-1983	0.4	8.3	0.4	7.2563	1.3	0.9
ClimateId2	12345	01-03-1983	0.0	7.4	-1.8	8.0832	1.5	0.8
ClimateId2	12345	02-03-1983	0.0	4.5	-1.8	6.6927	2.3	0.7
ClimateId2	12345	03-03-1983	0.0	6.6	0.8	6.3556	2.4	1.1
ClimateId2	12345	04-03-1983	0.0	4.3	-1.6	6.2441	1.9	1.0
ClimateId2	12345	05-03-1983	0.0	9.0	-5.9	11.3369	1.3	1.0
ClimateId2	12345	06-03-1983	0.0	9.6	-2.2	10.0846	1.3	1.1
ClimateId2	12345	07-03-1983	0.0	15.7	2.2	10.9828	2.5	1.9
ClimateId2	12345	08-03-1983	0.0	16.8	1.6	11.9408	2.2	1.5
ClimateId2	12345	09-03-1983	0.0	19.7	1.7	13.3053	1.6	1.7
ClimateId2	12345	10-03-1983	0.0	20.3	5.1	12.289	1.9	2.2
ClimateId2	12345	11-03-1983	0.0	20.5	0.5	14.525	3.1	2.3
ClimateId2	12345	12-03-1983	0.0	4.9	1.7	5.7049	3.7	1.7
ClimateId2	12345	13-03-1983	0.0	6.3	-6.1	11.4839	2.5	1.3
ClimateId2	12345	14-03-1983	0.0	9.2	-4.4	12.2307	2.1	1.4
ClimateId2	12345	15-03-1983	0.0	12.6	-0.1	11.865	3.8	1.9
ClimateId2	12345	16-03-1983	0.0	13.4	2.5	11.0651	1.5	1.6
ClimateId2	12345	17-03-1983	0.0	14.7	-1.0	13.8082	1.4	1.6
ClimateId2	12345	18-03-1983	0.0	16.4	0.5	13.9989	1.2	1.7
ClimateId2	12345	19-03-1983	0.0	15.1	4.8	11.8066	1.5	1.7
ClimateId2	12345	20-03-1983	0.0	15.8	4.8	11.6917	1.6	1.7
ClimateId2	12345	21-03-1983	0.0	18.3	2.4	14.5148	1.7	1.9
ClimateId2	12345	22-03-1983	5.6	11.8	2.3	11.5133	2.9	1.6
ClimateId2	12345	23-03-1983	7.0	10.5	0.9	11.3348	3.4	1.7
ClimateId2	12345	24-03-1983	0.0	14.6	-0.1	14.4286	6.0	2.3
ClimateId2	12345	25-03-1983	1.4	13.4	7.0	10.4174	3.1	1.8
ClimateId2	12345	26-03-1983	4.4	2.7	0.9	4.2325	2.4	0.8
ClimateId2	12345	27-03-1983	0.0	8.6	-1.0	11.7634	2.8	1.9
ClimateId2	12345	28-03-1983	0.0	13.3	-3.3	16.1648	3.3	2.1
ClimateId2	12345	29-03-1983	8.5	8.4	1.8	8.9958	2.1	1.3
ClimateId2	12345	30-03-1983	1.1	8.7	2.5	9.591	1.3	1.1
ClimateId2	12345	31-03-1983	0.0	12.3	0.1	14.0598	2.2	1.5
ClimateId2	12345	01-04-1983	0.7	10.8	5.3	9.0861	1.7	1.2
ClimateId2	12345	02-04-1983	1.7	12.8	4.5	11.6062	4.2	2.0
ClimateId2	12345	03-04-1983	3.3	12.5	4.1	11.9154	3.0	2.0
ClimateId2	12345	04-04-1983	2.6	9.7	3.8	9.6595	0.8	1.3
ClimateId2	12345	05-04-1983	1.3	10.0	-0.5	12.7455	1.7	1.5
ClimateId2	12345	06-04-1983	0.0	12.6	-1.2	16.0653	3.8	2.1
ClimateId2	12345	07-04-1983	3.4	10.8	3.1	11.7595	2.4	1.6
ClimateId2	12345	08-04-1983	0.0	18.3	2.2	17.8499	3.4	2.6
ClimateId2	12345	09-04-1983	0.0	19.6	6.8	15.9016	2.2	2.7
ClimateId2	12345	10-04-1983	0.0	19.8	5.9	16.6906	2.1	2.5
ClimateId2	12345	11-04-1983	0.0	21.0	6.2	17.4101	4.5	3.3
ClimateId2	12345	12-04-1983	1.9	13.7	8.7	9.5849	3.6	2.5
ClimateId2	12345	13-04-1983	0.0	11.7	1.8	14.4999	5.0	2.7
ClimateId2	12345	14-04-1983	0.0	9.8	-0.3	14.5156	2.6	2.2
ClimateId2	12345	15-04-1983	0.0	12.2	1.7	14.6906	2.1	2.3
ClimateId2	12345	16-04-1983	0.0	12.3	3.4	13.8163	1.5	2.0
ClimateId2	12345	17-04-1983	0.0	16.6	1.5	18.5454	2.7	2.7
ClimateId2	12345	18-04-1983	0.0	17.0	3.4	17.6739	3.0	2.9
ClimateId2	12345	19-04-1983	0.0	20.0	8.4	17.1827	6.0	3.9
ClimateId2	12345	20-04-1983	0.0	21.4	11.1	15.5578	3.5	3.7
ClimateId2	12345	21-04-1983	0.0	23.8	8.7	19.1756	3.9	4.1
ClimateId2	12345	22-04-1983	3.8	14.3	8.3	13.8545	1.7	2.4
ClimateId2	12345	23-04-1983	0.0	19.4	8.5	16.329	2.2	2.8
ClimateId2	12345	24-04-1983	0.0	21.9	8.1	18.6947	3.7	3.9
ClimateId2	12345	25-04-1983	0.0	21.4	5.9	20.0544	3.3	3.8
ClimateId2	12345	26-04-1983	0.0	23.3	7.0	20.6679	3.8	4.3
ClimateId2	12345	27-04-1983	0.0	22.5	10.3	17.8244	5.2	4.7
ClimateId2	12345	28-04-1983	0.0	21.0	10.7	16.4545	2.7	3.6
ClimateId2	12345	29-04-1983	0.0	20.7	8.8	19.1325	3.1	3.6
ClimateId2	12345	30-04-1983	0.0	21.5	8.8	18.595	2.2	3.4
ClimateId2	12345	01-05-1983	0.0	23.0	10.7	18.3514	3.9	4.1
ClimateId2	12345	02-05-1983	4.6	19.0	8.6	16.9707	3.3	3.7
ClimateId2	12345	03-05-1983	7.9	19.4	3.1	21.6975	2.1	3.3
ClimateId2	12345	04-05-1983	4.1	19.2	5.3	19.32	2.9	3.3
ClimateId2	12345	05-05-1983	0.2	17.6	6.8	17.6727	1.3	2.8
ClimateId2	12345	06-05-1983	0.0	17.7	6.3	18.094	2.2	3.1
ClimateId2	12345	07-05-1983	0.0	16.9	4.5	19.2553	1.8	3.0
ClimateId2	12345	08-05-1983	0.3	15.4	8.8	14.7297	1.8	2.6
ClimateId2	12345	09-05-1983	8.4	13.5	9.4	10.6332	2.6	2.1
ClimateId2	12345	10-05-1983	0.0	19.5	4.7	21.5277	2.3	3.4
ClimateId2	12345	11-05-1983	0.0	18.6	9.3	16.7673	3.8	3.4
ClimateId2	12345	12-05-1983	0.2	21.6	11.0	18.0975	2.8	3.7
ClimateId2	12345	13-05-1983	0.0	23.4	11.5	20.0646	4.2	4.5
ClimateId2	12345	14-05-1983	0.0	25.2	10.8	21.5291	3.7	4.7
ClimateId2	12345	15-05-1983	0.0	29.0	14.4	20.4851	4.2	5.4
ClimateId2	12345	16-05-1983	0.0	26.8	13.0	21.2457	2.7	4.7
ClimateId2	12345	17-05-1983	0.0	26.9	12.3	21.9054	3.6	5.1
ClimateId2	12345	18-05-1983	0.0	25.0	8.0	23.881	2.3	4.5
ClimateId2	12345	19-05-1983	0.0	24.3	9.7	22.1352	3.7	4.8
ClimateId2	12345	20-05-1983	1.3	23.3	7.6	23.1866	1.9	4.1
ClimateId2	12345	21-05-1983	0.0	26.3	12.5	21.6207	3.0	4.9
ClimateId2	12345	22-05-1983	0.0	25.9	13.3	20.7743	1.8	4.4
ClimateId2	12345	23-05-1983	3.4	21.6	12.7	17.3675	2.6	3.7
ClimateId2	12345	24-05-1983	6.0	16.5	12.3	11.5214	2.0	2.3
ClimateId2	12345	25-05-1983	3.3	14.9	6.6	16.6784	1.8	2.5
ClimateId2	12345	26-05-1983	11.6	17.1	8.9	16.5252	1.9	3.0
ClimateId2	12345	27-05-1983	7.5	12.3	9.1	9.9981	1.8	1.8
ClimateId2	12345	28-05-1983	1.6	17.8	9.6	16.8224	1.6	3.1
ClimateId2	12345	29-05-1983	0.0	20.1	5.4	23.1298	1.4	3.5
ClimateId2	12345	30-05-1983	0.0	21.4	6.8	23.0192	1.3	3.7
ClimateId2	12345	31-05-1983	0.0	24.8	9.8	23.5053	1.4	4.2
ClimateId2	12345	01-06-1983	0.0	26.4	10.5	24.2178	2.0	4.7
ClimateId2	12345	02-06-1983	0.0	26.7	13.1	22.5633	2.3	4.8
ClimateId2	12345	03-06-1983	10.0	25.7	13.4	21.2686	1.8	4.4
ClimateId2	12345	04-06-1983	0.0	27.3	12.6	23.3863	1.4	4.7
ClimateId2	12345	05-06-1983	0.0	28.7	13.5	23.8822	2.1	5.1
ClimateId2	12345	06-06-1983	5.1	20.3	11.3	20.7985	2.6	4.1
ClimateId2	12345	07-06-1983	0.0	18.5	9.1	18.569	3.2	4.1
ClimateId2	12345	08-06-1983	0.0	22.5	5.6	25.3708	2.1	4.4
ClimateId2	12345	09-06-1983	0.0	27.3	8.9	26.5161	2.0	5.0
ClimateId2	12345	10-06-1983	2.9	27.1	13.3	22.9268	1.7	4.7
ClimateId2	12345	11-06-1983	2.3	21.9	13.9	17.0815	1.9	3.6
ClimateId2	12345	12-06-1983	0.0	23.1	10.8	21.5751	2.2	4.3
ClimateId2	12345	13-06-1983	0.0	22.4	12.3	19.4672	2.1	4.0
ClimateId2	12345	14-06-1983	0.4	22.0	11.1	20.3046	2.3	4.0
ClimateId2	12345	15-06-1983	0.6	19.7	13.3	16.1412	3.2	4.2
ClimateId2	12345	16-06-1983	0.0	18.0	7.9	17.2269	4.9	4.1
ClimateId2	12345	17-06-1983	0.0	16.9	9.5	16.3686	4.7	4.0
ClimateId2	12345	18-06-1983	0.0	16.5	6.9	18.8857	3.0	3.5
ClimateId2	12345	19-06-1983	0.4	15.3	9.9	13.9316	1.6	2.4
ClimateId2	12345	20-06-1983	5.3	18.5	11.8	15.6735	1.8	2.7
ClimateId2	12345	21-06-1983	5.4	21.6	13.9	16.7602	1.0	3.3
ClimateId2	12345	22-06-1983	5.7	20.9	11.9	18.2517	2.0	3.3
ClimateId2	12345	23-06-1983	12.3	22.8	13.9	18.2052	2.0	4.0
ClimateId2	12345	24-06-1983	0.0	23.7	10.8	22.2228	2.0	4.2
ClimateId2	12345	25-06-1983	0.0	26.5	12.3	23.4218	2.0	4.7
ClimateId2	12345	26-06-1983	0.2	27.0	13.2	22.1397	1.4	4.4
ClimateId2	12345	27-06-1983	0.0	25.5	13.4	21.3475	2.2	4.4
ClimateId2	12345	28-06-1983	0.3	20.9	15.3	14.8981	1.7	3.2
ClimateId2	12345	29-06-1983	1.1	20.4	11.3	18.3221	1.7	3.7
ClimateId2	12345	30-06-1983	0.0	23.2	8.8	23.3811	1.5	4.1
ClimateId2	12345	01-07-1983	0.0	24.6	11.3	22.4529	1.9	4.3
ClimateId2	12345	02-07-1983	8.2	24.5	13.6	20.2638	3.2	4.5
ClimateId2	12345	03-07-1983	0.0	25.4	12.9	21.5919	1.9	4.5
ClimateId2	12345	04-07-1983	0.0	26.9	13.3	22.6582	1.3	4.5
ClimateId2	12345	05-07-1983	0.0	27.6	14.5	22.0163	1.4	4.6
ClimateId2	12345	06-07-1983	0.0	27.5	15.2	21.2929	1.3	4.4
ClimateId2	12345	07-07-1983	0.0	28.9	15.6	21.5403	1.6	4.6
ClimateId2	12345	08-07-1983	0.5	26.1	15.5	19.1915	1.9	4.2
ClimateId2	12345	09-07-1983	0.0	28.6	15.9	21.5676	2.3	5.2
ClimateId2	12345	10-07-1983	0.0	29.4	14.2	23.7381	1.3	5.0
ClimateId2	12345	11-07-1983	0.0	28.8	15.9	21.615	2.2	5.0
ClimateId2	12345	12-07-1983	0.0	26.0	14.2	21.0305	2.1	4.3
ClimateId2	12345	13-07-1983	0.4	28.5	17.0	20.164	2.3	4.9
ClimateId2	12345	14-07-1983	0.7	25.3	15.4	18.5957	2.5	4.4
ClimateId2	12345	15-07-1983	0.0	26.4	12.4	22.2722	1.9	4.5
ClimateId2	12345	16-07-1983	0.0	28.5	13.3	23.2801	1.3	4.7
ClimateId2	12345	17-07-1983	0.0	30.3	14.6	22.9618	1.5	5.0
ClimateId2	12345	18-07-1983	0.0	31.7	14.5	24.6782	2.5	5.6
ClimateId2	12345	19-07-1983	3.8	34.0	18.6	23.2857	2.2	5.8
ClimateId2	12345	20-07-1983	3.0	29.4	17.0	20.1615	3.1	5.0
ClimateId2	12345	21-07-1983	1.3	21.9	14.2	17.1902	2.1	3.9
ClimateId2	12345	22-07-1983	0.0	26.6	9.3	24.5329	1.6	4.5
ClimateId2	12345	23-07-1983	0.0	31.4	12.7	25.3612	2.1	5.3
ClimateId2	12345	24-07-1983	0.5	30.3	16.1	21.7801	1.7	4.8
ClimateId2	12345	25-07-1983	1.3	28.4	15.2	20.8237	1.9	4.6
ClimateId2	12345	26-07-1983	0.0	30.3	15.0	22.4114	1.2	4.7
ClimateId2	12345	27-07-1983	0.0	34.0	15.6	23.7817	1.0	5.1
ClimateId2	12345	28-07-1983	1.3	35.5	18.3	22.5435	2.4	5.8
ClimateId2	12345	29-07-1983	4.5	25.1	19.1	14.3954	2.2	3.6
ClimateId2	12345	30-07-1983	0.0	30.6	15.4	21.9721	1.1	4.7
ClimateId2	12345	31-07-1983	0.0	30.7	15.0	22.3136	1.7	4.9
ClimateId2	12345	01-08-1983	0.0	32.9	16.8	22.473	3.3	5.7
ClimateId2	12345	02-08-1983	19.0	27.8	17.8	17.372	3.0	4.4
ClimateId2	12345	03-08-1983	10.9	18.6	14.8	16.676	2.7	3.8
ClimateId2	12345	04-08-1983	2.5	19.7	11.1	15.8572	2.3	3.4
ClimateId2	12345	05-08-1983	0.0	21.4	10.8	17.6209	1.7	3.3
ClimateId2	12345	06-08-1983	0.2	19.5	11.2	15.3984	1.2	2.8
ClimateId2	12345	07-08-1983	0.7	20.8	11.0	16.7156	1.8	3.1
ClimateId2	12345	08-08-1983	0.7	23.6	13.7	16.6904	2.3	3.6
ClimateId2	12345	09-08-1983	0.0	26.6	12.2	20.2782	1.3	3.8
ClimateId2	12345	10-08-1983	0.0	27.5	14.2	19.1391	1.7	3.9
ClimateId2	12345	11-08-1983	6.0	25.9	13.8	18.2051	1.9	3.6
ClimateId2	12345	12-08-1983	0.0	26.5	14.6	17.9348	1.7	3.7
ClimateId2	12345	13-08-1983	0.0	23.0	15.3	13.9948	2.4	3.3
ClimateId2	12345	14-08-1983	0.0	22.8	9.1	19.1167	1.6	3.5
ClimateId2	12345	15-08-1983	0.0	24.1	8.7	20.1768	2.0	3.6
ClimateId2	12345	16-08-1983	0.0	25.8	9.9	20.4207	2.1	3.8
ClimateId2	12345	17-08-1983	0.0	25.8	13.5	17.6919	2.2	3.6
ClimateId2	12345	18-08-1983	6.2	25.4	15.3	15.8507	1.7	3.4
ClimateId2	12345	19-08-1983	0.0	26.9	13.3	18.6051	1.3	3.6
ClimateId2	12345	20-08-1983	0.0	27.6	13.3	18.632	1.2	3.8
ClimateId2	12345	21-08-1983	0.0	28.3	13.0	19.3381	1.1	3.7
ClimateId2	12345	22-08-1983	0.0	28.8	13.4	19.2019	1.4	3.8
ClimateId2	12345	23-08-1983	0.0	28.3	16.2	16.6733	1.4	3.7
ClimateId2	12345	24-08-1983	0.0	27.0	14.7	16.7152	1.2	3.3
ClimateId2	12345	25-08-1983	0.9	21.7	16.2	10.5562	1.6	2.2
ClimateId2	12345	26-08-1983	0.0	25.9	16.2	14.4316	1.4	3.1
ClimateId2	12345	27-08-1983	0.0	28.3	13.3	18.1869	1.4	3.6
ClimateId2	12345	28-08-1983	0.0	27.9	14.4	16.444	1.6	3.4
ClimateId2	12345	29-08-1983	1.3	26.1	14.1	15.8702	1.9	3.2
ClimateId2	12345	30-08-1983	0.3	21.7	15.5	10.8208	1.6	2.3
ClimateId2	12345	31-08-1983	0.0	24.0	14.0	13.0092	1.6	2.6
ClimateId2	12345	01-09-1983	0.0	25.1	13.9	14.8076	1.4	2.9
ClimateId2	12345	02-09-1983	0.0	25.0	13.1	14.7506	1.4	2.8
ClimateId2	12345	03-09-1983	6.5	24.0	16.3	11.7383	1.9	2.7
ClimateId2	12345	04-09-1983	10.3	20.1	8.0	15.0496	2.1	2.7
ClimateId2	12345	05-09-1983	0.0	22.9	5.7	18.0532	1.5	2.7
ClimateId2	12345	06-09-1983	0.3	22.9	12.4	13.7138	1.6	2.6
ClimateId2	12345	07-09-1983	4.5	19.5	14.2	9.73	1.5	2.1
ClimateId2	12345	08-09-1983	0.0	20.0	6.6	15.273	2.6	2.6
ClimateId2	12345	09-09-1983	0.0	24.7	6.9	17.6643	2.5	2.9
ClimateId2	12345	10-09-1983	0.0	27.2	13.3	15.2424	4.7	3.8
ClimateId2	12345	11-09-1983	1.7	25.0	15.7	12.1105	3.3	3.1
ClimateId2	12345	12-09-1983	4.5	15.2	11.3	8.2976	2.3	1.7
ClimateId2	12345	13-09-1983	0.0	19.3	7.8	13.3462	1.3	2.1
ClimateId2	12345	14-09-1983	0.0	21.3	5.8	15.5695	1.4	2.2
ClimateId2	12345	15-09-1983	0.0	23.8	8.7	15.1715	2.0	2.5
ClimateId2	12345	16-09-1983	0.0	23.6	10.5	13.8877	3.1	2.7
ClimateId2	12345	17-09-1983	18.2	13.8	8.4	8.2588	1.9	1.3
ClimateId2	12345	18-09-1983	0.0	18.1	7.8	11.8108	2.5	2.3
ClimateId2	12345	19-09-1983	0.0	21.2	5.0	15.0475	1.5	2.1
ClimateId2	12345	20-09-1983	0.0	24.6	8.1	14.6159	2.1	2.5
ClimateId2	12345	21-09-1983	0.0	21.7	7.9	13.5183	1.3	2.0
ClimateId2	12345	22-09-1983	0.0	24.6	11.7	12.8171	1.5	2.2
ClimateId2	12345	23-09-1983	0.0	18.0	12.3	7.9642	1.6	2.0
ClimateId2	12345	24-09-1983	0.0	19.7	6.1	12.8554	1.4	1.8
ClimateId2	12345	25-09-1983	3.9	19.3	9.2	10.7586	2.8	2.2
ClimateId2	12345	26-09-1983	0.0	17.6	6.9	10.9565	2.5	2.1
ClimateId2	12345	27-09-1983	0.0	20.0	4.9	12.7944	1.6	1.8
ClimateId2	12345	28-09-1983	0.0	20.7	3.6	13.8343	1.3	1.6
ClimateId2	12345	29-09-1983	0.0	19.9	5.6	12.3779	1.1	1.4
ClimateId2	12345	30-09-1983	0.0	22.9	9.3	11.9302	1.3	1.8
ClimateId2	12345	01-10-1983	0.0	15.1	9.8	7.7141	3.0	2.3
ClimateId2	12345	02-10-1983	0.0	13.6	-0.4	11.8294	2.2	1.4
ClimateId2	12345	03-10-1983	0.0	21.1	4.4	12.797	1.2	1.5
ClimateId2	12345	04-10-1983	0.0	24.5	7.7	12.709	1.2	1.8
ClimateId2	12345	05-10-1983	0.4	24.7	8.0	12.4181	1.9	1.9
ClimateId2	12345	06-10-1983	0.0	23.9	7.7	12.0769	1.8	1.7
ClimateId2	12345	07-10-1983	0.0	18.0	8.4	8.8025	1.9	1.6
ClimateId2	12345	08-10-1983	0.0	18.7	4.6	10.9042	1.2	1.3
ClimateId2	12345	09-10-1983	0.0	18.9	6.8	9.8457	2.0	1.6
ClimateId2	12345	10-10-1983	0.0	19.2	6.7	9.8274	2.2	1.6
ClimateId2	12345	11-10-1983	15.0	17.2	7.0	8.6519	2.2	1.2
ClimateId2	12345	12-10-1983	13.2	14.2	6.0	7.6824	2.4	1.6
ClimateId2	12345	13-10-1983	0.0	16.4	0.0	11.0021	1.8	1.1
ClimateId2	12345	14-10-1983	0.0	18.4	3.5	10.2356	2.3	1.3
ClimateId2	12345	15-10-1983	0.0	19.4	7.4	9.3714	4.2	1.8
ClimateId2	12345	16-10-1983	0.0	21.2	9.5	8.5234	5.6	2.4
ClimateId2	12345	17-10-1983	25.6	13.2	6.9	7.6179	3.3	1.0
ClimateId2	12345	18-10-1983	1.1	13.7	5.0	7.1074	2.5	1.2
ClimateId2	12345	19-10-1983	0.0	15.8	1.0	9.4608	1.5	1.0
ClimateId2	12345	20-10-1983	0.0	17.5	5.4	8.2868	1.4	1.0
ClimateId2	12345	21-10-1983	1.1	10.0	5.9	5.0904	1.9	1.1
ClimateId2	12345	22-10-1983	0.0	10.0	0.1	7.0852	2.5	0.9
ClimateId2	12345	23-10-1983	0.0	10.4	-1.5	7.8101	1.2	0.7
ClimateId2	12345	24-10-1983	0.0	10.3	-2.6	8.0433	1.3	0.7
ClimateId2	12345	25-10-1983	0.0	10.3	-3.3	8.1655	1.6	0.6
ClimateId2	12345	26-10-1983	0.0	12.5	-1.6	8.1618	1.7	0.7
ClimateId2	12345	27-10-1983	0.0	16.7	0.4	8.7343	1.4	0.7
ClimateId2	12345	28-10-1983	0.0	15.8	0.5	8.3145	0.7	0.5
ClimateId2	12345	29-10-1983	0.0	10.9	2.6	5.8411	1.2	0.5
ClimateId2	12345	30-10-1983	0.0	9.2	4.5	3.8374	0.9	0.5
ClimateId2	12345	31-10-1983	0.0	9.2	5.6	3.1449	1.3	0.6
ClimateId2	12345	01-11-1983	0.0	11.7	2.7	5.5942	1.9	0.9
ClimateId2	12345	02-11-1983	0.0	11.7	-1.8	7.1001	1.4	0.5
ClimateId2	12345	03-11-1983	0.0	10.6	-1.4	6.5012	1.1	0.3
ClimateId2	12345	04-11-1983	0.0	8.4	3.8	3.4158	1.2	0.4
ClimateId2	12345	05-11-1983	0.0	7.8	6.0	1.6264	0.6	0.6
ClimateId2	12345	06-11-1983	0.0	10.5	4.1	3.8484	1.3	0.6
ClimateId2	12345	07-11-1983	0.0	10.6	2.0	4.9142	1.1	0.4
ClimateId2	12345	08-11-1983	0.0	7.7	0.7	4.0706	1.2	0.3
ClimateId2	12345	09-11-1983	0.0	7.8	2.6	3.4022	1.4	0.5
ClimateId2	12345	10-11-1983	0.0	8.2	-1.9	5.1714	0.9	0.2
ClimateId2	12345	11-11-1983	0.0	4.8	1.2	2.4644	1.3	0.3
ClimateId2	12345	12-11-1983	0.0	4.3	0.9	3.2097	2.7	1.0
ClimateId2	12345	13-11-1983	0.0	3.5	-7.0	5.0512	1.8	0.5
ClimateId2	12345	14-11-1983	1.0	-2.7	-2.6	3.1286	1.6	0.6
ClimateId2	12345	15-11-1983	0.0	-1.7	-11.0	4.4708	1.8	0.3
ClimateId2	12345	16-11-1983	0.0	4.5	-5.6	4.9088	1.1	0.4
ClimateId2	12345	17-11-1983	0.0	4.9	-7.1	5.162	1.3	0.3
ClimateId2	12345	18-11-1983	0.0	1.9	-6.9	4.1546	1.0	0.2
ClimateId2	12345	19-11-1983	0.0	2.4	-8.6	4.7302	1.1	0.1
ClimateId2	12345	20-11-1983	0.0	1.0	-8.8	4.311	1.4	0.2
ClimateId2	12345	21-11-1983	0.0	0.2	-7.4	3.5567	1.3	0.2
ClimateId2	12345	22-11-1983	0.0	3.6	-6.5	4.2453	1.4	0.3
ClimateId2	12345	23-11-1983	0.0	3.9	-7.5	4.4967	1.1	0.3
ClimateId2	12345	24-11-1983	0.0	3.5	-8.4	4.5562	1.0	0.3
ClimateId2	12345	25-11-1983	0.0	-1.6	-9.7	3.4408	1.2	0.1
ClimateId2	12345	26-11-1983	0.0	5.2	-4.8	3.935	1.8	0.3
ClimateId2	12345	27-11-1983	8.4	11.5	0.7	4.1057	3.5	0.3
ClimateId2	12345	28-11-1983	12.4	10.1	1.5	3.4425	1.3	0.3
ClimateId2	12345	29-11-1983	0.0	8.0	-0.2	3.2452	1.2	0.4
ClimateId2	12345	30-11-1983	0.1	5.7	0.0	2.4762	3.0	1.0
ClimateId2	12345	01-12-1983	1.1	1.0	-4.1	2.0575	4.8	1.1
ClimateId2	12345	02-12-1983	0.0	-1.0	-5.2	1.8647	3.8	1.0
ClimateId2	12345	03-12-1983	0.0	-2.1	-7.8	2.4108	1.5	0.4
ClimateId2	12345	04-12-1983	0.0	-0.1	-5.1	2.1176	1.0	0.5
ClimateId2	12345	05-12-1983	0.0	3.5	-7.3	3.7479	1.3	0.3
ClimateId2	12345	06-12-1983	0.0	2.5	-5.3	3.1144	0.9	0.2
ClimateId2	12345	07-12-1983	0.0	4.3	-3.6	2.9288	2.1	0.6
ClimateId2	12345	08-12-1983	0.0	1.9	-5.8	2.8016	2.5	0.6
ClimateId2	12345	09-12-1983	0.0	1.2	-8.8	3.3962	1.4	0.3
ClimateId2	12345	10-12-1983	0.0	-1.4	-7.7	2.4096	1.2	0.2
ClimateId2	12345	11-12-1983	0.1	1.7	-4.4	2.4167	2.1	0.5
ClimateId2	12345	12-12-1983	0.0	-1.0	-10.4	3.1626	1.0	0.1
ClimateId2	12345	13-12-1983	0.0	-3.1	-7.4	2.215	1.3	0.2
ClimateId2	12345	14-12-1983	0.0	-5.0	-11.1	2.2216	1.0	0.1
ClimateId2	12345	15-12-1983	0.0	-3.7	-7.2	1.3983	1.3	0.3
ClimateId2	12345	16-12-1983	0.0	-3.0	-5.2	1.3217	2.5	0.4
ClimateId2	12345	17-12-1983	0.1	-1.5	-5.2	1.4215	0.9	0.2
ClimateId2	12345	18-12-1983	0.0	4.3	-2.2	2.3727	1.9	0.2
ClimateId2	12345	19-12-1983	0.7	11.0	2.2	2.9852	3.3	0.5
ClimateId2	12345	20-12-1983	7.8	4.9	0.7	1.7449	1.6	0.4
ClimateId2	12345	21-12-1983	0.0	9.0	-0.4	3.0779	2.1	0.2
ClimateId2	12345	22-12-1983	2.6	6.0	-0.9	2.1453	1.6	0.3
ClimateId2	12345	23-12-1983	0.9	8.1	0.9	2.5423	1.1	0.3
ClimateId2	12345	24-12-1983	0.0	7.8	1.0	2.297	1.2	0.3
ClimateId2	12345	25-12-1983	0.0	9.3	1.0	2.871	1.2	0.4
ClimateId2	12345	26-12-1983	1.0	10.4	-1.0	3.6016	2.0	0.3
ClimateId2	12345	27-12-1983	1.9	8.8	4.4	1.7267	4.0	1.9
ClimateId2	12345	28-12-1983	0.0	12.2	-1.1	4.0388	2.0	0.8
ClimateId2	12345	29-12-1983	0.0	11.4	-0.2	3.6849	1.2	0.4
ClimateId2	12345	30-12-1983	0.0	8.1	-1.4	3.207	1.3	0.3
ClimateId2	12345	31-12-1983	0.0	6.9	-0.1	2.8041	1.6	0.4
ClimateId2	12345	01-01-1984	0.0	9.3	-1.3	3.5165	1.4	0.4
ClimateId2	12345	02-01-1984	0.0	10.5	-2.7	4.149	1.5	0.3
ClimateId2	12345	03-01-1984	0.0	10.9	-2.5	4.1954	4.0	0.4
ClimateId2	12345	04-01-1984	12.1	3.9	-2.0	2.3356	2.5	0.4
ClimateId2	12345	05-01-1984	0.0	2.3	-4.8	2.7366	1.4	0.2
ClimateId2	12345	06-01-1984	0.0	1.2	-8.1	3.3855	1.2	0.2
ClimateId2	12345	07-01-1984	0.0	2.6	-3.9	2.61	1.6	0.5
ClimateId2	12345	08-01-1984	3.3	1.1	-4.6	2.3942	1.1	0.3
ClimateId2	12345	09-01-1984	0.3	1.7	-3.1	2.3339	1.1	0.4
ClimateId2	12345	10-01-1984	0.0	1.3	-8.5	3.6851	1.8	0.2
ClimateId2	12345	11-01-1984	0.0	-0.3	-11.2	3.9924	1.2	0.2
ClimateId2	12345	12-01-1984	0.0	-5.9	-13.3	3.054	1.1	0.1
ClimateId2	12345	13-01-1984	0.0	0.0	-11.0	4.0963	1.6	0.2
ClimateId2	12345	14-01-1984	0.0	3.5	-6.2	3.8338	2.3	0.3
ClimateId2	12345	15-01-1984	2.3	3.3	-2.2	2.3772	2.8	0.4
ClimateId2	12345	16-01-1984	0.2	5.2	-3.9	3.7866	1.7	0.4
ClimateId2	12345	17-01-1984	0.0	4.7	-4.4	3.8441	3.1	0.4
ClimateId2	12345	18-01-1984	0.4	4.0	-1.6	2.7108	1.9	0.4
ClimateId2	12345	19-01-1984	0.0	-0.6	-7.5	3.2727	2.0	0.1
ClimateId2	12345	20-01-1984	0.4	0.7	-2.4	1.7906	1.6	0.4
ClimateId2	12345	21-01-1984	0.3	-0.1	-6.3	3.2598	1.3	0.2
ClimateId2	12345	22-01-1984	3.0	-1.3	-4.2	1.7473	1.2	0.3
ClimateId2	12345	23-01-1984	0.0	-0.2	-3.8	2.1432	1.4	0.3
ClimateId2	12345	24-01-1984	7.6	0.8	-1.4	1.3817	2.2	0.4
ClimateId2	12345	25-01-1984	0.0	3.9	-4.9	4.1936	3.1	0.6
ClimateId2	12345	26-01-1984	0.0	2.8	-6.8	4.5436	1.7	0.7
ClimateId2	12345	27-01-1984	0.0	1.0	-11.4	5.5079	2.3	0.3
ClimateId2	12345	28-01-1984	0.0	5.1	-4.7	4.7896	1.3	0.4
ClimateId2	12345	29-01-1984	5.2	1.5	-0.6	1.4975	1.5	0.4
ClimateId2	12345	30-01-1984	0.0	0.5	-1.6	1.5286	1.3	0.4
ClimateId2	12345	31-01-1984	0.2	1.4	-1.9	2.2541	1.3	0.4
ClimateId2	12345	01-02-1984	1.8	0.4	-3.7	2.8168	1.0	0.3
ClimateId2	12345	02-02-1984	5.5	1.5	-0.5	1.5407	0.7	0.4
ClimateId2	12345	03-02-1984	2.1	2.0	-0.1	1.8368	0.7	0.4
ClimateId2	12345	04-02-1984	0.0	5.8	-0.5	3.9532	1.4	0.6
ClimateId2	12345	05-02-1984	0.0	6.3	-4.4	5.9062	1.0	0.3
ClimateId2	12345	06-02-1984	2.2	3.1	-2.7	4.0133	1.7	0.3
ClimateId2	12345	07-02-1984	0.0	8.2	-2.1	5.9993	2.8	0.7
ClimateId2	12345	08-02-1984	0.0	3.8	-4.0	5.0109	2.5	0.6
ClimateId2	12345	09-02-1984	0.0	5.5	-2.6	5.2603	4.7	0.9
ClimateId2	12345	10-02-1984	0.0	3.1	0.6	2.2223	10.2	2.8
ClimateId2	12345	11-02-1984	0.0	2.9	-1.1	3.479	6.1	1.8
ClimateId2	12345	12-02-1984	0.0	1.2	-3.7	4.0649	6.2	1.7
ClimateId2	12345	13-02-1984	0.0	0.3	-4.3	3.9071	4.6	1.4
ClimateId2	12345	14-02-1984	0.0	-1.3	-4.7	3.2845	2.9	0.9
ClimateId2	12345	15-02-1984	0.5	-2.7	-5.9	3.2237	1.7	0.5
ClimateId2	12345	16-02-1984	0.3	-2.5	-6.7	3.9758	1.7	0.5
ClimateId2	12345	17-02-1984	0.5	-1.5	-7.4	4.9911	1.5	0.5
ClimateId2	12345	18-02-1984	0.0	-0.1	-5.9	5.0891	1.8	0.6
ClimateId2	12345	19-02-1984	0.6	-0.5	-3.2	3.0818	1.6	0.5
ClimateId2	12345	20-02-1984	0.6	0.0	-3.9	4.7663	0.7	0.5
ClimateId2	12345	21-02-1984	0.0	1.3	-4.0	5.0435	1.0	0.6
ClimateId2	12345	22-02-1984	0.2	-0.2	-5.7	5.2588	1.3	0.3
ClimateId2	12345	23-02-1984	3.6	0.1	-1.5	2.2782	1.6	0.4
ClimateId2	12345	24-02-1984	5.6	1.6	-1.6	3.717	1.3	0.5
ClimateId2	12345	25-02-1984	6.7	1.9	-0.3	2.9961	1.8	0.5
ClimateId2	12345	26-02-1984	2.8	2.7	0.3	3.3155	2.1	0.5
ClimateId2	12345	27-02-1984	6.5	5.3	-0.6	5.9387	1.4	0.7
ClimateId2	12345	28-02-1984	0.0	3.4	-0.2	4.8676	0.9	0.7
ClimateId2	12345	29-02-1984	0.0	1.9	-2.2	5.6457	1.0	0.6
ClimateId2	12345	01-03-1984	0.0	4.9	0.4	5.3953	0.9	0.7
ClimateId2	12345	02-03-1984	2.1	3.7	-0.5	5.0772	2.0	0.7
ClimateId2	12345	03-03-1984	1.4	4.4	-0.3	5.7033	4.0	1.1
ClimateId2	12345	04-03-1984	0.1	5.2	1.6	4.9419	7.5	2.2
ClimateId2	12345	05-03-1984	0.0	5.7	0.4	6.2954	4.5	1.9
ClimateId2	12345	06-03-1984	0.0	8.4	-0.3	8.6002	5.1	2.0
ClimateId2	12345	07-03-1984	0.0	9.4	-0.9	9.5696	3.0	1.5
ClimateId2	12345	08-03-1984	0.0	4.5	1.2	4.8783	3.7	1.6
ClimateId2	12345	09-03-1984	0.0	4.6	-2.1	7.6818	3.9	1.7
ClimateId2	12345	10-03-1984	0.0	5.8	-1.7	8.3517	2.4	1.4
ClimateId2	12345	11-03-1984	0.0	6.2	-1.9	8.9101	3.7	1.7
ClimateId2	12345	12-03-1984	0.3	4.0	-1.6	7.2413	1.9	1.0
ClimateId2	12345	13-03-1984	0.0	7.5	-2.4	10.2296	1.0	1.1
ClimateId2	12345	14-03-1984	0.2	7.0	1.5	7.399	1.3	1.1
ClimateId2	12345	15-03-1984	0.0	6.1	0.5	7.546	1.3	1.1
ClimateId2	12345	16-03-1984	0.0	6.6	1.0	7.6815	0.7	1.1
ClimateId2	12345	17-03-1984	0.0	8.8	-0.2	10.2095	1.6	1.3
ClimateId2	12345	18-03-1984	0.0	9.2	-1.2	11.3394	2.3	1.5
ClimateId2	12345	19-03-1984	0.0	5.0	-1.6	8.4883	2.4	1.6
ClimateId2	12345	20-03-1984	0.0	3.9	-4.7	11.1832	2.0	1.5
ClimateId2	12345	21-03-1984	0.0	7.3	-6.0	13.3886	1.3	1.3
ClimateId2	12345	22-03-1984	0.0	9.2	-4.4	13.7259	1.7	1.4
ClimateId2	12345	23-03-1984	0.0	10.8	-2.6	13.752	1.6	1.6
ClimateId2	12345	24-03-1984	0.0	12.4	-3.0	15.0276	2.1	1.8
ClimateId2	12345	25-03-1984	0.0	14.0	0.0	14.3281	4.0	2.3
ClimateId2	12345	26-03-1984	0.7	14.4	1.9	13.6461	2.1	1.7
ClimateId2	12345	27-03-1984	0.0	16.0	0.2	15.7356	2.4	2.2
ClimateId2	12345	28-03-1984	0.0	17.0	4.6	13.8124	4.5	3.0
ClimateId2	12345	29-03-1984	0.0	17.2	8.4	11.6569	4.7	3.2
ClimateId2	12345	30-03-1984	5.9	10.5	4.3	9.9114	3.3	1.8
ClimateId2	12345	31-03-1984	0.0	11.4	1.2	12.9061	2.2	2.0
ClimateId2	12345	01-04-1984	0.0	12.9	0.5	14.1234	4.8	2.5
ClimateId2	12345	02-04-1984	2.1	8.1	6.0	5.2606	2.7	1.4
ClimateId2	12345	03-04-1984	10.3	9.1	3.4	9.2556	3.4	1.5
ClimateId2	12345	04-04-1984	1.6	6.5	2.3	8.0689	2.3	1.2
ClimateId2	12345	05-04-1984	0.1	9.9	1.6	11.9724	1.4	1.7
ClimateId2	12345	06-04-1984	0.0	12.8	2.7	13.6108	2.0	1.9
ClimateId2	12345	07-04-1984	1.4	15.3	6.8	12.5008	3.0	2.4
ClimateId2	12345	08-04-1984	0.7	15.2	5.8	13.199	4.9	3.0
ClimateId2	12345	09-04-1984	3.0	12.1	6.4	10.254	4.2	2.5
ClimateId2	12345	10-04-1984	0.0	12.6	5.5	11.7059	2.3	2.0
ClimateId2	12345	11-04-1984	0.0	12.3	2.2	14.4409	1.4	1.8
ClimateId2	12345	12-04-1984	1.0	13.2	3.0	14.5704	2.8	2.1
ClimateId2	12345	13-04-1984	4.2	11.6	6.3	10.1362	4.4	2.3
ClimateId2	12345	14-04-1984	0.0	17.0	4.4	16.5132	1.8	2.6
ClimateId2	12345	15-04-1984	0.0	19.5	3.4	19.0568	2.3	3.0
ClimateId2	12345	16-04-1984	0.0	19.3	5.1	18.0063	2.1	3.0
ClimateId2	12345	17-04-1984	4.9	11.8	6.3	10.6989	6.2	3.2
ClimateId2	12345	18-04-1984	0.0	12.4	5.5	12.3936	7.0	4.0
ClimateId2	12345	19-04-1984	0.0	13.6	2.1	16.4123	4.2	3.4
ClimateId2	12345	20-04-1984	0.0	14.5	0.4	18.4937	1.6	2.7
ClimateId2	12345	21-04-1984	0.0	16.4	1.8	19.0403	2.1	2.9
ClimateId2	12345	22-04-1984	0.0	17.4	4.0	17.3581	1.4	2.7
ClimateId2	12345	23-04-1984	0.0	20.1	7.3	17.9538	2.2	3.2
ClimateId2	12345	24-04-1984	0.0	15.1	7.4	13.9068	3.9	3.1
ClimateId2	12345	25-04-1984	0.0	17.1	4.5	18.105	4.0	3.6
ClimateId2	12345	26-04-1984	0.0	19.7	2.5	21.458	2.2	3.4
ClimateId2	12345	27-04-1984	0.0	11.1	2.4	15.0323	4.1	3.1
ClimateId2	12345	28-04-1984	0.0	9.1	0.3	15.1223	2.1	2.1
ClimateId2	12345	29-04-1984	3.2	13.0	0.5	17.7937	2.3	2.6
ClimateId2	12345	30-04-1984	2.6	10.4	-1.3	17.9531	1.8	2.1
ClimateId2	12345	01-05-1984	4.6	13.2	4.2	15.7263	1.7	2.2
ClimateId2	12345	02-05-1984	0.0	21.0	4.7	21.3735	4.2	3.7
ClimateId2	12345	03-05-1984	0.0	19.9	7.6	18.6341	4.5	3.9
ClimateId2	12345	04-05-1984	0.0	24.1	11.4	19.2482	2.3	4.1
ClimateId2	12345	05-05-1984	0.0	24.0	9.6	20.6378	1.4	3.8
ClimateId2	12345	06-05-1984	0.0	23.8	8.0	21.9068	1.8	3.8
ClimateId2	12345	07-05-1984	0.6	23.2	9.7	20.2669	2.7	3.9
ClimateId2	12345	08-05-1984	8.8	13.9	6.9	12.6247	2.1	2.3
ClimateId2	12345	09-05-1984	0.3	11.0	3.8	14.4494	2.2	2.3
ClimateId2	12345	10-05-1984	3.9	7.4	5.7	6.3147	2.8	1.3
ClimateId2	12345	11-05-1984	2.5	8.9	5.3	9.9441	2.1	1.6
ClimateId2	12345	12-05-1984	1.3	11.9	6.0	13.1294	1.2	2.0
ClimateId2	12345	13-05-1984	0.0	13.9	8.5	12.6261	1.4	2.1
ClimateId2	12345	14-05-1984	2.5	16.7	8.2	16.3111	1.7	2.8
ClimateId2	12345	15-05-1984	0.0	18.0	4.3	21.2685	2.6	3.4
ClimateId2	12345	16-05-1984	0.9	23.1	7.6	22.7333	2.2	4.1
ClimateId2	12345	17-05-1984	0.0	19.8	8.2	19.385	4.0	4.3
ClimateId2	12345	18-05-1984	0.0	21.5	6.7	22.3089	2.8	4.2
ClimateId2	12345	19-05-1984	0.0	22.5	9.6	21.1375	4.3	4.7
ClimateId2	12345	20-05-1984	0.0	24.6	8.8	23.326	2.6	4.5
ClimateId2	12345	21-05-1984	6.7	17.3	13.5	10.7723	4.7	3.1
ClimateId2	12345	22-05-1984	0.7	18.9	10.2	17.6426	3.6	3.8
ClimateId2	12345	23-05-1984	3.2	15.2	8.2	14.9499	4.2	3.0
ClimateId2	12345	24-05-1984	2.1	18.9	8.5	18.9634	2.0	3.4
ClimateId2	12345	25-05-1984	0.4	18.4	7.5	19.4197	1.8	3.2
ClimateId2	12345	26-05-1984	10.6	19.5	7.4	19.9078	1.5	3.4
ClimateId2	12345	27-05-1984	0.0	20.0	8.6	18.8543	5.0	4.2
ClimateId2	12345	28-05-1984	0.9	15.6	10.7	12.7332	1.7	2.4
ClimateId2	12345	29-05-1984	0.6	17.5	7.7	18.0206	2.2	3.2
ClimateId2	12345	30-05-1984	0.0	17.7	6.4	19.0254	1.4	3.2
ClimateId2	12345	31-05-1984	0.0	20.2	4.2	24.3231	1.5	3.7
ClimateId2	12345	01-06-1984	1.1	21.4	8.8	21.4742	1.5	3.7
ClimateId2	12345	02-06-1984	0.0	25.6	8.7	25.1122	1.8	4.6
ClimateId2	12345	03-06-1984	0.0	25.7	10.9	23.3959	2.4	4.7
ClimateId2	12345	04-06-1984	0.0	20.9	11.6	18.8649	3.3	3.9
ClimateId2	12345	05-06-1984	0.0	21.2	10.3	19.7448	5.4	4.8
ClimateId2	12345	06-06-1984	0.0	20.9	12.4	17.5044	4.1	4.3
ClimateId2	12345	07-06-1984	1.3	14.6	9.4	13.3489	1.8	2.4
ClimateId2	12345	08-06-1984	0.0	19.8	7.1	21.794	1.9	3.7
ClimateId2	12345	09-06-1984	0.0	21.3	9.8	20.7303	2.3	4.1
ClimateId2	12345	10-06-1984	0.0	23.9	8.7	24.0083	1.9	4.5
ClimateId2	12345	11-06-1984	0.6	22.2	11.3	20.241	1.8	4.0
ClimateId2	12345	12-06-1984	3.9	17.5	9.3	17.3447	2.6	3.6
ClimateId2	12345	13-06-1984	0.0	21.6	5.2	25.1314	1.9	4.2
ClimateId2	12345	14-06-1984	0.0	27.5	10.4	25.6682	2.0	5.0
ClimateId2	12345	15-06-1984	0.1	21.6	14.4	16.1979	2.1	3.6
ClimateId2	12345	16-06-1984	0.0	19.6	8.5	20.4842	1.6	3.7
ClimateId2	12345	17-06-1984	0.0	20.9	8.5	21.7257	1.1	3.8
ClimateId2	12345	18-06-1984	1.3	23.1	12.1	20.477	1.4	4.0
ClimateId2	12345	19-06-1984	0.0	24.9	10.8	23.2068	1.3	4.3
ClimateId2	12345	20-06-1984	0.0	27.7	11.9	24.7743	1.5	4.8
ClimateId2	12345	21-06-1984	0.3	27.4	15.6	21.4758	2.3	4.7
ClimateId2	12345	22-06-1984	3.3	24.1	15.8	18.2504	1.5	3.9
ClimateId2	12345	23-06-1984	5.7	25.5	13.3	21.5265	1.9	4.4
ClimateId2	12345	24-06-1984	1.0	15.4	10.7	14.421	1.9	2.8
ClimateId2	12345	25-06-1984	0.1	21.5	8.3	20.3725	1.8	4.0
ClimateId2	12345	26-06-1984	0.3	21.5	10.5	20.2757	2.2	4.1
ClimateId2	12345	27-06-1984	0.0	24.0	9.8	22.6012	2.6	4.5
ClimateId2	12345	28-06-1984	0.0	26.8	11.6	23.6704	3.5	4.9
ClimateId2	12345	29-06-1984	5.8	16.8	13.1	20.5864	1.8	4.3
ClimateId2	12345	30-06-1984	3.7	20.0	9.7	19.1691	1.3	3.4
ClimateId2	12345	01-07-1984	2.0	22.1	12.2	19.1325	2.2	3.8
ClimateId2	12345	02-07-1984	5.1	23.5	14.2	18.4584	2.6	4.0
ClimateId2	12345	03-07-1984	7.8	19.7	12.3	15.8595	1.6	3.3
ClimateId2	12345	04-07-1984	0.0	18.3	6.3	21.0679	2.4	3.7
ClimateId2	12345	05-07-1984	0.0	18.8	9.8	19.2815	1.6	3.7
ClimateId2	12345	06-07-1984	0.0	19.1	10.7	17.3927	1.2	3.2
ClimateId2	12345	07-07-1984	1.9	18.8	11.8	15.6838	1.9	3.2
ClimateId2	12345	08-07-1984	0.0	21.4	5.8	24.0845	1.7	3.9
ClimateId2	12345	09-07-1984	0.0	24.0	8.4	23.9375	2.0	4.2
ClimateId2	12345	10-07-1984	0.0	28.5	12.3	24.525	1.1	4.6
ClimateId2	12345	11-07-1984	0.0	30.4	15.4	23.4146	1.6	4.9
ClimateId2	12345	12-07-1984	0.0	31.9	17.2	23.112	1.6	5.1
ClimateId2	12345	13-07-1984	0.0	28.8	18.8	18.7261	2.1	4.6
ClimateId2	12345	14-07-1984	0.0	23.9	16.7	15.6418	2.2	3.9
ClimateId2	12345	15-07-1984	20.1	25.5	14.6	19.567	1.7	4.1
ClimateId2	12345	16-07-1984	7.5	19.2	12.3	15.1327	1.6	3.1
ClimateId2	12345	17-07-1984	2.3	20.6	9.6	19.49	2.1	3.7
ClimateId2	12345	18-07-1984	0.0	21.7	11.0	19.1199	1.8	3.8
ClimateId2	12345	19-07-1984	3.0	21.7	11.2	18.9411	1.9	3.5
ClimateId2	12345	20-07-1984	0.3	22.9	11.2	19.8884	1.6	3.7
ClimateId2	12345	21-07-1984	0.0	24.9	12.4	20.6107	1.3	3.9
ClimateId2	12345	22-07-1984	0.0	26.3	13.4	20.8483	1.6	4.1
ClimateId2	12345	23-07-1984	1.9	24.3	12.0	20.2402	1.5	3.7
ClimateId2	12345	24-07-1984	0.7	21.5	12.3	17.1041	1.4	3.2
ClimateId2	12345	25-07-1984	0.0	24.5	11.9	20.3145	1.8	3.9
ClimateId2	12345	26-07-1984	4.2	20.7	14.4	13.7799	1.7	2.9
ClimateId2	12345	27-07-1984	0.0	21.5	11.4	17.5585	1.7	3.5
ClimateId2	12345	28-07-1984	0.0	19.1	11.0	15.7598	0.9	2.8
ClimateId2	12345	29-07-1984	0.3	22.0	13.3	16.256	1.2	3.1
ClimateId2	12345	30-07-1984	0.0	27.3	11.3	22.5013	2.2	4.3
ClimateId2	12345	31-07-1984	0.0	29.1	13.8	21.8804	2.6	4.6
ClimateId2	12345	01-08-1984	19.0	28.2	15.0	20.1178	2.5	4.4
ClimateId2	12345	02-08-1984	0.2	25.1	14.0	18.176	1.2	3.6
ClimateId2	12345	03-08-1984	0.0	26.7	12.8	20.5804	1.3	3.9
ClimateId2	12345	04-08-1984	0.0	27.6	12.8	21.0492	1.7	4.1
ClimateId2	12345	05-08-1984	0.0	28.1	13.2	20.7443	1.6	4.2
ClimateId2	12345	06-08-1984	5.1	23.0	15.8	14.3171	2.2	3.2
ClimateId2	12345	07-08-1984	12.9	23.5	15.0	15.3637	1.9	3.2
ClimateId2	12345	08-08-1984	7.4	23.7	14.2	16.182	1.1	3.1
ClimateId2	12345	09-08-1984	0.0	23.6	12.7	17.3153	1.5	3.1
ClimateId2	12345	10-08-1984	6.0	24.5	15.9	15.2178	2.1	3.4
ClimateId2	12345	11-08-1984	0.0	25.4	13.6	18.1142	2.1	3.6
ClimateId2	12345	12-08-1984	0.5	23.8	14.6	15.5008	1.6	3.2
ClimateId2	12345	13-08-1984	1.3	20.5	15.0	11.5042	1.7	2.5
ClimateId2	12345	14-08-1984	0.0	21.9	14.1	13.7451	1.5	2.9
ClimateId2	12345	15-08-1984	0.0	23.8	12.3	17.09	1.6	3.3
ClimateId2	12345	16-08-1984	0.2	22.5	11.2	16.8768	1.5	3.0
ClimateId2	12345	17-08-1984	0.0	22.8	9.8	18.0823	1.3	3.1
ClimateId2	12345	18-08-1984	0.0	24.3	9.5	18.7509	0.9	3.3
ClimateId2	12345	19-08-1984	0.0	21.8	12.6	14.7441	2.0	3.2
ClimateId2	12345	20-08-1984	1.3	21.5	9.7	16.7983	1.3	3.0
ClimateId2	12345	21-08-1984	0.0	23.3	7.1	19.7838	1.5	3.3
ClimateId2	12345	22-08-1984	0.0	23.7	7.4	19.5763	1.8	3.3
ClimateId2	12345	23-08-1984	0.0	24.7	10.1	18.4248	1.9	3.3
ClimateId2	12345	24-08-1984	0.0	25.1	12.8	16.5436	3.2	3.8
ClimateId2	12345	25-08-1984	3.2	22.1	13.8	13.2812	2.2	2.6
ClimateId2	12345	26-08-1984	0.6	22.2	14.7	12.4685	2.0	2.7
ClimateId2	12345	27-08-1984	0.5	21.2	13.4	12.6333	2.2	2.9
ClimateId2	12345	28-08-1984	0.0	21.2	8.4	16.4145	1.5	2.8
ClimateId2	12345	29-08-1984	0.0	22.6	7.0	18.1	1.2	2.8
ClimateId2	12345	30-08-1984	0.0	25.2	9.7	17.8445	0.9	3.0
ClimateId2	12345	31-08-1984	0.0	24.8	10.5	16.8325	1.1	2.9
ClimateId2	12345	01-09-1984	0.0	27.1	12.1	16.6371	1.6	3.2
ClimateId2	12345	02-09-1984	0.0	28.5	11.0	18.5903	1.9	3.5
ClimateId2	12345	03-09-1984	0.0	28.5	11.5	18.0796	2.1	3.4
ClimateId2	12345	04-09-1984	0.0	27.2	13.6	15.9083	1.4	3.0
ClimateId2	12345	05-09-1984	0.0	27.1	15.9	14.1251	4.1	4.0
ClimateId2	12345	06-09-1984	3.2	20.9	14.2	10.3978	2.4	2.3
ClimateId2	12345	07-09-1984	0.0	19.3	11.4	11.3057	2.0	2.2
ClimateId2	12345	08-09-1984	0.2	18.4	6.5	14.21	1.5	2.1
ClimateId2	12345	09-09-1984	1.4	18.0	9.0	12.0715	2.2	2.2
ClimateId2	12345	10-09-1984	11.9	19.8	8.1	13.0519	2.1	2.3
ClimateId2	12345	11-09-1984	1.3	19.4	5.5	15.0125	1.5	2.1
ClimateId2	12345	12-09-1984	0.0	22.4	8.7	14.7143	1.4	2.3
ClimateId2	12345	13-09-1984	0.0	23.3	10.9	13.7571	1.3	2.4
ClimateId2	12345	14-09-1984	0.0	22.2	9.4	13.8814	0.9	2.0
ClimateId2	12345	15-09-1984	0.0	20.9	10.4	12.2837	1.6	2.0
ClimateId2	12345	16-09-1984	7.4	18.3	13.1	8.4437	1.7	1.6
ClimateId2	12345	17-09-1984	0.0	17.5	8.5	10.986	0.8	1.5
ClimateId2	12345	18-09-1984	0.0	17.1	9.0	10.2142	1.3	1.4
ClimateId2	12345	19-09-1984	0.0	21.0	8.4	12.963	1.3	1.8
ClimateId2	12345	20-09-1984	0.0	18.6	10.3	10.1076	1.7	1.6
ClimateId2	12345	21-09-1984	4.2	16.0	13.0	5.3239	1.1	1.1
ClimateId2	12345	22-09-1984	1.1	13.0	9.9	9.3148	1.7	1.7
ClimateId2	12345	23-09-1984	0.0	19.0	6.7	12.1751	2.8	1.8
ClimateId2	12345	24-09-1984	21.2	15.8	8.5	8.9053	2.3	1.6
ClimateId2	12345	25-09-1984	8.9	9.8	8.1	7.6214	2.7	1.3
ClimateId2	12345	26-09-1984	0.7	16.0	5.1	10.9849	1.3	1.5
ClimateId2	12345	27-09-1984	0.0	16.8	4.6	11.4559	1.6	1.5
ClimateId2	12345	28-09-1984	0.0	17.4	4.6	11.6549	1.5	1.3
ClimateId2	12345	29-09-1984	0.0	19.5	5.6	12.0617	1.4	1.4
ClimateId2	12345	30-09-1984	0.0	21.2	7.0	12.0449	2.1	1.6
ClimateId2	12345	01-10-1984	0.6	18.5	8.9	9.4177	1.0	1.1
ClimateId2	12345	02-10-1984	1.7	17.7	12.7	6.6041	3.0	1.7
ClimateId2	12345	03-10-1984	0.8	16.4	4.9	10.256	2.0	1.1
ClimateId2	12345	04-10-1984	6.7	17.8	10.9	7.5753	3.0	1.8
ClimateId2	12345	05-10-1984	6.8	17.8	9.0	8.6005	2.6	1.6
ClimateId2	12345	06-10-1984	0.0	19.5	7.5	9.957	3.0	1.7
ClimateId2	12345	07-10-1984	0.0	15.4	9.2	6.8024	2.5	1.4
ClimateId2	12345	08-10-1984	0.0	16.5	5.5	9.2435	1.3	1.3
ClimateId2	12345	09-10-1984	0.0	17.5	2.3	10.9829	1.8	1.3
ClimateId2	12345	10-10-1984	0.0	19.8	3.2	11.4117	1.2	1.2
ClimateId2	12345	11-10-1984	0.0	18.8	6.0	9.6534	1.4	1.1
ClimateId2	12345	12-10-1984	0.3	16.9	9.3	6.988	1.1	0.9
ClimateId2	12345	13-10-1984	0.0	15.2	8.5	6.3989	1.5	1.0
ClimateId2	12345	14-10-1984	0.0	17.8	4.2	9.6196	1.5	1.0
ClimateId2	12345	15-10-1984	0.0	18.9	5.8	9.212	1.2	1.1
ClimateId2	12345	16-10-1984	0.0	13.7	7.3	5.9197	1.7	1.4
ClimateId2	12345	17-10-1984	0.0	13.4	3.3	7.3226	1.9	1.1
ClimateId2	12345	18-10-1984	0.0	16.9	0.7	9.597	2.1	1.0
ClimateId2	12345	19-10-1984	0.0	17.8	5.0	8.144	2.8	1.4
ClimateId2	12345	20-10-1984	0.0	18.3	9.7	6.5669	3.5	1.6
ClimateId2	12345	21-10-1984	0.4	13.4	9.6	3.7665	1.2	0.7
ClimateId2	12345	22-10-1984	0.1	13.5	9.3	4.0312	2.0	1.0
ClimateId2	12345	23-10-1984	0.0	16.1	3.6	7.9134	1.3	0.7
ClimateId2	12345	24-10-1984	0.0	16.8	3.1	8.1941	1.1	0.7
ClimateId2	12345	25-10-1984	0.0	17.4	3.1	8.2677	1.7	0.7
ClimateId2	12345	26-10-1984	0.0	19.3	4.2	8.3746	2.3	0.9
ClimateId2	12345	27-10-1984	1.8	13.1	9.9	3.0755	1.3	0.7
ClimateId2	12345	28-10-1984	0.6	10.2	7.3	2.741	1.6	0.7
ClimateId2	12345	29-10-1984	0.0	13.5	1.5	6.9769	1.1	0.6
ClimateId2	12345	30-10-1984	0.0	13.8	-0.4	7.5741	1.0	0.4
ClimateId2	12345	31-10-1984	0.0	12.8	0.6	6.7939	1.1	0.4
ClimateId2	12345	01-11-1984	0.2	6.0	3.0	2.5863	1.4	0.4
ClimateId2	12345	02-11-1984	0.0	8.1	2.5	3.8075	1.8	0.5
ClimateId2	12345	03-11-1984	0.0	8.5	3.6	3.5897	1.6	0.8
ClimateId2	12345	04-11-1984	0.0	7.1	-1.9	5.2268	1.1	0.3
ClimateId2	12345	05-11-1984	0.0	5.5	-0.6	3.9768	1.5	0.3
ClimateId2	12345	06-11-1984	0.0	11.2	2.5	4.8814	1.9	0.5
ClimateId2	12345	07-11-1984	0.0	16.5	3.4	6.2417	2.2	0.7
ClimateId2	12345	08-11-1984	0.0	15.8	1.1	6.6366	1.9	0.5
ClimateId2	12345	09-11-1984	0.4	16.1	3.9	5.8058	3.5	1.0
ClimateId2	12345	10-11-1984	0.0	11.1	1.6	4.8332	1.8	0.3
ClimateId2	12345	11-11-1984	0.0	8.2	3.8	2.8144	1.3	0.4
ClimateId2	12345	12-11-1984	0.0	6.6	2.4	3.2664	1.4	0.6
ClimateId2	12345	13-11-1984	0.0	4.7	-2.8	3.9542	1.1	0.4
ClimateId2	12345	14-11-1984	0.0	1.6	-3.6	2.9862	1.4	0.3
ClimateId2	12345	15-11-1984	5.1	-1.1	-1.2	0.7758	1.6	0.5
ClimateId2	12345	16-11-1984	0.0	0.4	-2.1	1.5398	1.5	0.3
ClimateId2	12345	17-11-1984	0.9	2.2	-0.1	1.4625	1.7	0.4
ClimateId2	12345	18-11-1984	6.1	4.7	0.9	2.1258	1.6	0.3
ClimateId2	12345	19-11-1984	0.4	4.5	2.7	0.969	1.6	0.4
ClimateId2	12345	20-11-1984	4.3	5.9	2.4	1.9677	1.5	0.4
ClimateId2	12345	21-11-1984	0.0	8.3	0.1	3.6994	0.8	0.2
ClimateId2	12345	22-11-1984	0.0	10.0	0.5	4.014	2.0	0.4
ClimateId2	12345	23-11-1984	0.0	15.5	4.8	3.8532	3.1	1.0
ClimateId2	12345	24-11-1984	0.0	18.0	3.3	5.1664	2.8	0.8
ClimateId2	12345	25-11-1984	0.0	13.8	2.7	4.2276	1.2	0.5
ClimateId2	12345	26-11-1984	0.0	10.3	2.3	3.33	0.9	0.3
ClimateId2	12345	27-11-1984	0.5	7.5	1.0	2.8117	1.8	0.6
ClimateId2	12345	28-11-1984	0.0	7.3	-3.1	3.9107	1.5	0.4
ClimateId2	12345	29-11-1984	0.0	3.9	-4.5	3.2939	1.0	0.1
ClimateId2	12345	30-11-1984	0.0	-0.1	-1.6	0.5315	1.4	0.4
ClimateId2	12345	01-12-1984	0.0	1.8	-0.8	1.158	1.5	0.3
ClimateId2	12345	02-12-1984	0.0	3.4	0.5	1.3391	1.2	0.4
ClimateId2	12345	03-12-1984	0.0	2.8	1.2	0.6328	1.2	0.5
ClimateId2	12345	04-12-1984	0.0	1.7	-1.6	1.5584	1.2	0.3
ClimateId2	12345	05-12-1984	0.0	1.7	0.5	0.3984	0.7	0.6
ClimateId2	12345	06-12-1984	0.0	1.2	-1.0	0.9049	0.8	0.5
ClimateId2	12345	07-12-1984	0.0	0.3	-2.1	1.1774	0.9	0.4
ClimateId2	12345	08-12-1984	0.0	1.6	-0.5	0.8468	1.1	0.4
ClimateId2	12345	09-12-1984	0.0	-1.1	-2.0	0.1396	1.3	0.4
ClimateId2	12345	10-12-1984	0.0	1.1	-3.7	1.9119	0.8	0.2
ClimateId2	12345	11-12-1984	0.0	9.9	-3.0	3.9648	0.9	0.2
ClimateId2	12345	12-12-1984	0.0	5.2	-0.6	2.2062	1.2	0.5
ClimateId2	12345	13-12-1984	0.0	-0.1	-3.9	1.5198	0.8	0.2
ClimateId2	12345	14-12-1984	0.0	0.3	-1.0	0.2519	0.7	0.5
ClimateId2	12345	15-12-1984	0.0	0.7	-1.1	0.5811	1.2	0.5
ClimateId2	12345	16-12-1984	0.0	1.9	-2.0	1.7291	1.4	0.4
ClimateId2	12345	17-12-1984	2.2	0.6	-1.7	0.8523	1.0	0.3
ClimateId2	12345	18-12-1984	0.7	4.6	-0.5	1.6985	1.3	0.2
ClimateId2	12345	19-12-1984	2.1	3.3	1.5	0.4907	1.8	0.4
ClimateId2	12345	20-12-1984	1.0	5.8	1.5	1.6683	0.5	0.4
ClimateId2	12345	21-12-1984	0.2	2.1	-0.7	1.0543	0.8	0.3
ClimateId2	12345	22-12-1984	0.0	5.9	-1.3	2.5474	1.6	0.6
ClimateId2	12345	23-12-1984	0.0	4.8	-5.0	3.1987	1.2	0.2
ClimateId2	12345	24-12-1984	1.1	-0.1	-2.2	1.2932	2.0	0.5
ClimateId2	12345	25-12-1984	0.9	-0.3	-2.1	0.5919	1.5	0.5
ClimateId2	12345	26-12-1984	2.2	-0.2	-3.2	1.3348	1.8	0.4
ClimateId2	12345	27-12-1984	0.3	-1.1	-2.5	0.3558	1.3	0.4
ClimateId2	12345	28-12-1984	0.0	-1.0	-2.6	0.532	1.2	0.4
ClimateId2	12345	29-12-1984	0.3	-0.6	-2.6	0.7106	1.6	0.5
ClimateId2	12345	30-12-1984	3.7	-1.9	-3.3	0.8388	1.7	0.5
ClimateId2	12345	31-12-1984	2.2	-2.6	-4.2	2.2219	1.6	0.4
ClimateId2	12345	01-01-1985	0.0	-5.4	-11.3	2.1859	1.1	0.2
ClimateId2	12345	02-01-1985	0.0	-4.1	-12.1	2.9227	1.2	0.2
ClimateId2	12345	03-01-1985	0.0	-3.7	-11.4	2.3859	1.2	0.2
ClimateId2	12345	04-01-1985	0.0	-3.2	-13.9	3.6222	2.0	0.2
ClimateId2	12345	05-01-1985	0.1	-7.9	-10.7	1.1978	3.2	0.6
ClimateId2	12345	06-01-1985	0.0	-10.5	-18.7	3.0139	1.1	0.2
ClimateId2	12345	07-01-1985	0.0	-6.4	-23.4	4.3192	1.3	0.1
ClimateId2	12345	08-01-1985	0.0	-11.4	-23.2	4.0655	1.2	0.0
ClimateId2	12345	09-01-1985	0.0	-9.5	-17.0	3.0009	1.9	0.1
ClimateId2	12345	10-01-1985	0.0	-4.4	-10.7	2.6915	2.5	0.6
ClimateId2	12345	11-01-1985	0.0	-5.7	-18.5	4.4636	1.0	0.1
ClimateId2	12345	12-01-1985	0.0	-5.3	-19.2	4.7364	1.4	0.1
ClimateId2	12345	13-01-1985	0.4	-8.1	-12.3	1.9636	1.4	0.2
ClimateId2	12345	14-01-1985	0.4	-9.2	-12.0	1.4208	1.7	0.2
ClimateId2	12345	15-01-1985	6.4	-5.2	-10.3	2.4608	1.7	0.2
ClimateId2	12345	16-01-1985	0.3	-3.7	-5.5	0.93	1.8	0.4
ClimateId2	12345	17-01-1985	0.0	-2.4	-11.6	3.8356	1.8	0.3
ClimateId2	12345	18-01-1985	0.0	-5.2	-12.0	3.1589	0.9	0.3
ClimateId2	12345	19-01-1985	0.0	-5.4	-16.4	4.4771	0.7	0.1
ClimateId2	12345	20-01-1985	0.0	-2.0	-10.6	3.9043	0.6	0.1
ClimateId2	12345	21-01-1985	0.0	-1.9	-5.0	1.8259	1.1	0.5
ClimateId2	12345	22-01-1985	0.0	6.7	-6.4	5.2708	4.1	0.0
ClimateId2	12345	23-01-1985	0.0	11.9	4.0	3.8228	3.5	0.8
ClimateId2	12345	24-01-1985	10.6	9.3	-2.5	3.4511	2.8	0.5
ClimateId2	12345	25-01-1985	0.0	0.6	-6.0	3.4964	1.5	0.2
ClimateId2	12345	26-01-1985	0.0	5.8	-7.0	5.5366	3.6	0.2
ClimateId2	12345	27-01-1985	0.2	7.5	1.5	3.3594	1.5	0.5
ClimateId2	12345	28-01-1985	0.0	3.9	-3.9	4.0133	1.3	0.5
ClimateId2	12345	29-01-1985	0.0	3.2	-5.2	4.3491	1.0	0.4
ClimateId2	12345	30-01-1985	0.0	1.5	-7.8	4.8219	1.3	0.2
ClimateId2	12345	31-01-1985	0.0	5.8	-6.0	5.6081	1.5	0.3
ClimateId2	12345	01-02-1985	0.6	8.0	-1.7	5.3501	1.7	0.5
ClimateId2	12345	02-02-1985	0.0	12.0	0.9	5.6992	3.4	0.9
ClimateId2	12345	03-02-1985	0.4	8.0	1.6	4.088	5.5	1.7
ClimateId2	12345	04-02-1985	0.0	3.8	-5.2	5.232	1.5	0.7
ClimateId2	12345	05-02-1985	0.0	6.4	-3.8	5.7315	0.9	0.6
ClimateId2	12345	06-02-1985	0.0	7.9	-3.3	6.2212	1.1	0.5
ClimateId2	12345	07-02-1985	0.0	2.2	-2.2	4.4014	1.9	0.5
ClimateId2	12345	08-02-1985	0.0	-1.8	-4.4	1.908	2.1	0.7
ClimateId2	12345	09-02-1985	1.9	-1.7	-5.2	3.1082	1.0	0.3
ClimateId2	12345	10-02-1985	3.0	-2.8	-5.1	3.715	2.3	0.6
ClimateId2	12345	11-02-1985	2.5	-6.1	-8.8	3.7991	1.9	0.5
ClimateId2	12345	12-02-1985	0.0	-9.5	-17.6	5.5644	1.3	0.3
ClimateId2	12345	13-02-1985	0.0	-6.5	-20.2	7.8915	1.2	0.2
ClimateId2	12345	14-02-1985	0.0	0.2	-11.7	7.3542	1.5	0.5
ClimateId2	12345	15-02-1985	0.0	-3.9	-11.3	5.6234	1.4	0.4
ClimateId2	12345	16-02-1985	0.0	-2.6	-15.7	8.0807	1.2	0.4
ClimateId2	12345	17-02-1985	0.0	-0.8	-15.7	8.8323	1.5	0.4
ClimateId2	12345	18-02-1985	0.2	-3.6	-11.6	6.1941	2.1	0.7
ClimateId2	12345	19-02-1985	0.0	-1.3	-12.9	7.8499	2.3	0.7
ClimateId2	12345	20-02-1985	0.0	-0.5	-12.9	8.3699	1.0	0.5
ClimateId2	12345	21-02-1985	0.0	-0.5	-14.6	9.1	1.3	0.4
ClimateId2	12345	22-02-1985	0.0	3.3	-9.9	8.9277	1.4	0.6
ClimateId2	12345	23-02-1985	0.0	-0.3	-4.9	5.807	1.8	0.7
ClimateId2	12345	24-02-1985	0.7	1.8	-8.1	7.8371	1.0	0.4
ClimateId2	12345	25-02-1985	0.0	7.7	-0.3	7.2009	1.4	0.8
ClimateId2	12345	26-02-1985	0.0	2.2	-2.6	5.1867	1.0	0.4
ClimateId2	12345	27-02-1985	0.0	1.2	-0.4	2.3356	1.1	0.8
ClimateId2	12345	28-02-1985	0.0	-0.1	-2.0	2.7764	1.8	0.6
ClimateId2	12345	01-03-1985	0.0	4.5	-2.0	6.5746	1.4	0.7
ClimateId2	12345	02-03-1985	0.4	1.9	-1.4	4.3753	1.4	0.5
ClimateId2	12345	03-03-1985	7.8	1.9	-0.5	5.9002	1.6	0.8
ClimateId2	12345	04-03-1985	0.0	4.8	0.1	5.5686	1.3	0.6
ClimateId2	12345	05-03-1985	0.0	8.7	1.0	7.6393	1.3	0.8
ClimateId2	12345	06-03-1985	0.0	12.9	0.5	10.72	2.1	1.3
ClimateId2	12345	07-03-1985	0.0	4.7	-0.1	6.2162	1.4	0.7
ClimateId2	12345	08-03-1985	0.3	4.0	1.4	4.6438	1.4	0.8
ClimateId2	12345	09-03-1985	0.7	6.7	1.3	6.6861	1.6	1.1
ClimateId2	12345	10-03-1985	0.3	3.9	-0.4	5.8821	2.3	1.0
ClimateId2	12345	11-03-1985	1.9	0.5	-2.5	4.3486	3.3	0.6
ClimateId2	12345	12-03-1985	3.6	2.4	-0.5	4.7828	2.3	0.7
ClimateId2	12345	13-03-1985	0.3	3.5	-0.6	5.9232	1.1	0.7
ClimateId2	12345	14-03-1985	0.0	3.1	-0.8	6.7725	0.6	0.8
ClimateId2	12345	15-03-1985	0.3	5.3	0.1	7.1469	1.2	0.9
ClimateId2	12345	16-03-1985	0.1	6.2	-2.1	9.4778	2.0	0.9
ClimateId2	12345	17-03-1985	4.5	3.9	1.0	4.936	2.4	0.8
ClimateId2	12345	18-03-1985	1.2	3.7	-0.7	6.607	1.5	0.9
ClimateId2	12345	19-03-1985	13.1	0.4	-0.1	1.5373	3.8	0.5
ClimateId2	12345	20-03-1985	0.2	5.1	-0.1	7.7114	1.3	1.0
ClimateId2	12345	21-03-1985	1.0	2.7	-1.2	6.4636	1.3	0.7
ClimateId2	12345	22-03-1985	7.7	4.3	1.1	5.7336	1.2	0.7
ClimateId2	12345	23-03-1985	1.7	7.4	1.7	8.2038	0.8	0.9
ClimateId2	12345	24-03-1985	3.2	6.8	1.4	7.9448	1.0	0.9
ClimateId2	12345	25-03-1985	0.0	12.7	0.0	13.5598	1.5	1.5
ClimateId2	12345	26-03-1985	0.0	15.6	1.5	14.3721	2.7	2.2
ClimateId2	12345	27-03-1985	0.0	15.4	0.9	14.8559	3.2	2.2
ClimateId2	12345	28-03-1985	4.4	8.6	3.8	8.0196	2.7	1.9
ClimateId2	12345	29-03-1985	0.0	10.6	-3.0	14.644	2.2	1.9
ClimateId2	12345	30-03-1985	0.0	17.6	-0.9	17.4909	2.4	2.5
ClimateId2	12345	31-03-1985	0.0	17.4	1.6	15.8474	2.2	2.3
ClimateId2	12345	01-04-1985	0.0	18.4	7.0	13.659	1.7	2.6
ClimateId2	12345	02-04-1985	0.8	22.0	4.1	17.7566	1.7	2.6
ClimateId2	12345	03-04-1985	0.1	17.0	5.9	13.7638	1.5	2.3
ClimateId2	12345	04-04-1985	0.0	20.7	2.1	18.4886	2.7	2.8
ClimateId2	12345	05-04-1985	0.0	22.2	6.2	17.2107	4.1	3.7
ClimateId2	12345	06-04-1985	0.0	18.8	9.8	12.5983	5.9	3.8
ClimateId2	12345	07-04-1985	1.5	16.7	7.7	12.8487	2.6	2.5
ClimateId2	12345	08-04-1985	0.0	20.5	5.2	17.1714	3.8	3.1
ClimateId2	12345	09-04-1985	1.0	19.8	7.3	15.6559	3.3	2.9
ClimateId2	12345	10-04-1985	0.0	13.6	7.1	10.7966	2.0	1.8
ClimateId2	12345	11-04-1985	1.3	16.0	2.9	16.3049	2.7	2.6
ClimateId2	12345	12-04-1985	4.3	9.5	4.1	10.5518	3.0	1.8
ClimateId2	12345	13-04-1985	0.0	14.8	2.1	16.3731	2.3	2.6
ClimateId2	12345	14-04-1985	4.1	9.1	4.3	9.654	2.0	1.7
ClimateId2	12345	15-04-1985	0.3	13.0	0.8	16.2583	2.0	2.2
ClimateId2	12345	16-04-1985	0.0	12.1	2.2	14.5365	2.4	2.3
ClimateId2	12345	17-04-1985	0.0	10.8	3.4	12.5347	5.5	2.7
ClimateId2	12345	18-04-1985	1.2	8.9	5.7	7.8338	3.4	1.7
ClimateId2	12345	19-04-1985	0.1	15.6	5.9	14.8232	2.4	2.9
ClimateId2	12345	20-04-1985	0.0	17.1	1.1	19.6502	2.0	2.7
ClimateId2	12345	21-04-1985	0.0	17.8	3.0	19.0329	1.5	2.7
ClimateId2	12345	22-04-1985	0.0	20.9	4.6	20.1092	2.7	3.4
ClimateId2	12345	23-04-1985	0.6	19.9	5.8	18.707	1.9	3.1
ClimateId2	12345	24-04-1985	6.8	8.6	5.1	16.597	2.8	2.9
ClimateId2	12345	25-04-1985	0.0	12.8	-1.8	19.4538	2.3	2.6
ClimateId2	12345	26-04-1985	0.0	11.5	-0.6	17.6455	2.3	2.2
ClimateId2	12345	27-04-1985	1.4	8.2	3.5	10.5707	1.6	1.7
ClimateId2	12345	28-04-1985	7.6	5.9	4.6	12.5356	2.1	2.1
ClimateId2	12345	29-04-1985	0.1	10.4	-0.6	17.1061	2.9	2.6
ClimateId2	12345	30-04-1985	0.0	14.9	-2.4	21.9913	3.1	3.0
ClimateId2	12345	01-05-1985	0.0	18.0	5.1	18.8765	2.5	3.3
ClimateId2	12345	02-05-1985	1.3	14.4	6.7	16.6291	2.3	3.0
ClimateId2	12345	03-05-1985	18.6	11.4	1.1	16.9912	1.8	2.3
ClimateId2	12345	04-05-1985	0.0	13.6	-1.2	20.7458	1.9	2.6
ClimateId2	12345	05-05-1985	5.5	8.4	1.7	13.3577	1.6	1.5
ClimateId2	12345	06-05-1985	1.0	11.8	5.3	13.3709	1.4	1.7
ClimateId2	12345	07-05-1985	31.9	14.0	7.2	13.1441	2.2	2.0
ClimateId2	12345	08-05-1985	0.2	16.0	6.0	17.1234	4.7	3.6
ClimateId2	12345	09-05-1985	0.0	17.7	5.9	18.9183	2.5	3.3
ClimateId2	12345	10-05-1985	0.0	19.1	4.4	21.3477	0.8	3.1
ClimateId2	12345	11-05-1985	0.0	21.9	7.5	21.2702	1.6	3.6
ClimateId2	12345	12-05-1985	0.0	23.7	7.9	22.4198	1.9	3.8
ClimateId2	12345	13-05-1985	0.0	26.4	10.8	22.3401	2.0	4.3
ClimateId2	12345	14-05-1985	0.0	26.6	12.5	21.3657	1.3	4.1
ClimateId2	12345	15-05-1985	0.0	26.6	11.9	21.9081	1.7	4.2
ClimateId2	12345	16-05-1985	16.0	24.0	13.4	18.4716	1.9	3.7
ClimateId2	12345	17-05-1985	7.9	20.5	12.9	15.0914	1.1	2.8
ClimateId2	12345	18-05-1985	0.0	23.8	12.4	19.3385	2.0	3.8
ClimateId2	12345	19-05-1985	1.3	23.1	10.4	19.6976	1.4	3.7
ClimateId2	12345	20-05-1985	0.3	20.5	10.0	18.6566	1.6	3.2
ClimateId2	12345	21-05-1985	0.0	23.5	13.4	19.3737	3.1	4.0
ClimateId2	12345	22-05-1985	8.2	20.4	12.2	16.461	1.5	3.1
ClimateId2	12345	23-05-1985	4.4	20.6	8.0	20.8191	2.0	3.6
ClimateId2	12345	24-05-1985	1.0	22.0	8.9	21.2828	1.8	3.9
ClimateId2	12345	25-05-1985	0.0	23.5	9.8	21.9842	1.7	4.0
ClimateId2	12345	26-05-1985	0.0	23.2	10.3	21.3264	1.2	3.9
ClimateId2	12345	27-05-1985	0.0	25.6	11.7	22.3035	1.5	4.3
ClimateId2	12345	28-05-1985	0.0	25.8	10.9	23.1303	1.4	4.4
ClimateId2	12345	29-05-1985	0.0	24.6	13.5	19.9047	1.7	4.1
ClimateId2	12345	30-05-1985	0.2	22.1	11.7	19.2036	2.4	3.9
ClimateId2	12345	31-05-1985	0.0	20.0	11.7	16.9913	1.6	3.3
ClimateId2	12345	01-06-1985	2.6	24.0	12.8	20.0861	2.4	4.4
ClimateId2	12345	02-06-1985	0.0	21.6	11.2	19.0641	1.8	3.7
ClimateId2	12345	03-06-1985	0.0	20.2	12.4	16.5124	1.4	3.1
ClimateId2	12345	04-06-1985	0.0	23.7	13.4	19.353	1.5	3.9
ClimateId2	12345	05-06-1985	0.0	27.1	12.6	23.23	2.2	4.7
ClimateId2	12345	06-06-1985	4.8	29.1	14.0	23.778	2.2	5.1
ClimateId2	12345	07-06-1985	0.0	28.8	14.8	22.8539	2.3	5.1
ClimateId2	12345	08-06-1985	10.5	19.5	14.0	13.9027	2.3	3.1
ClimateId2	12345	09-06-1985	20.8	16.8	7.7	18.1737	1.8	3.2
ClimateId2	12345	10-06-1985	0.0	19.9	7.1	21.9828	2.9	3.9
ClimateId2	12345	11-06-1985	0.3	18.0	9.6	17.6081	2.3	3.6
ClimateId2	12345	12-06-1985	0.0	20.2	6.9	22.466	2.7	4.1
ClimateId2	12345	13-06-1985	3.9	16.3	10.8	13.9011	1.9	2.6
ClimateId2	12345	14-06-1985	0.4	21.0	10.7	19.6307	2.7	3.7
ClimateId2	12345	15-06-1985	3.8	18.6	13.8	12.9464	2.0	3.0
ClimateId2	12345	16-06-1985	0.0	18.6	5.2	22.5556	2.1	3.6
ClimateId2	12345	17-06-1985	14.4	13.0	10.6	10.9223	2.6	2.3
ClimateId2	12345	18-06-1985	0.0	17.4	8.2	18.6722	2.6	3.7
ClimateId2	12345	19-06-1985	0.0	19.7	6.1	23.4807	2.1	3.9
ClimateId2	12345	20-06-1985	5.1	14.6	11.1	10.7786	1.4	2.0
ClimateId2	12345	21-06-1985	0.2	19.7	10.4	18.5703	1.2	3.4
ClimateId2	12345	22-06-1985	0.0	23.0	9.2	23.0571	2.3	4.2
ClimateId2	12345	23-06-1985	1.6	16.8	12.5	12.0638	1.9	2.6
ClimateId2	12345	24-06-1985	0.1	22.0	9.3	22.0388	1.3	3.9
ClimateId2	12345	25-06-1985	0.0	22.5	9.4	22.3582	2.3	4.4
ClimateId2	12345	26-06-1985	0.0	23.4	9.2	23.2347	2.1	4.3
ClimateId2	12345	27-06-1985	12.2	19.5	13.3	14.7936	2.4	3.2
ClimateId2	12345	28-06-1985	4.4	20.5	11.6	18.0708	1.6	3.5
ClimateId2	12345	29-06-1985	0.0	23.3	9.6	22.8546	2.1	4.2
ClimateId2	12345	30-06-1985	0.0	25.1	10.7	23.4499	2.1	4.5
ClimateId2	12345	01-07-1985	8.3	24.5	12.7	20.9717	1.7	4.0
ClimateId2	12345	02-07-1985	3.8	20.2	12.6	16.4691	1.9	3.3
ClimateId2	12345	03-07-1985	0.0	21.0	9.1	21.0891	1.8	3.8
ClimateId2	12345	04-07-1985	0.0	21.5	12.2	18.3846	1.2	3.6
ClimateId2	12345	05-07-1985	0.0	22.8	12.9	19.0288	1.3	3.8
ClimateId2	12345	06-07-1985	0.0	22.7	11.4	20.4126	1.9	4.1
ClimateId2	12345	07-07-1985	0.2	23.4	11.3	21.129	1.3	3.9
ClimateId2	12345	08-07-1985	0.0	23.6	12.4	19.9265	2.1	3.9
ClimateId2	12345	09-07-1985	1.3	22.1	12.2	18.8252	2.3	3.8
ClimateId2	12345	10-07-1985	2.4	21.9	13.9	16.5765	1.8	3.5
ClimateId2	12345	11-07-1985	1.3	23.0	11.6	20.3243	1.5	3.8
ClimateId2	12345	12-07-1985	0.0	25.1	11.1	22.5405	1.6	4.2
ClimateId2	12345	13-07-1985	0.0	27.1	12.8	22.6935	0.9	4.3
ClimateId2	12345	14-07-1985	0.0	27.3	14.2	21.5863	1.4	4.3
ClimateId2	12345	15-07-1985	0.0	28.5	15.3	21.712	2.2	4.7
ClimateId2	12345	16-07-1985	13.8	27.5	15.5	21.0151	1.5	4.3
ClimateId2	12345	17-07-1985	10.2	20.8	16.9	11.2296	1.7	2.5
ClimateId2	12345	18-07-1985	0.0	26.3	14.3	20.3559	1.5	4.1
ClimateId2	12345	19-07-1985	0.0	28.0	15.0	21.2141	1.8	4.4
ClimateId2	12345	20-07-1985	0.0	28.4	16.6	20.1113	2.0	4.4
ClimateId2	12345	21-07-1985	4.1	18.7	13.5	12.5909	2.5	2.6
ClimateId2	12345	22-07-1985	0.0	22.3	8.3	21.8861	1.7	3.8
ClimateId2	12345	23-07-1985	0.0	27.7	11.3	23.6591	1.6	4.5
ClimateId2	12345	24-07-1985	0.0	25.4	15.8	17.7229	1.5	3.9
ClimateId2	12345	25-07-1985	0.0	26.7	16.8	17.9491	1.3	3.9
ClimateId2	12345	26-07-1985	0.0	29.3	15.7	21.1545	1.6	4.5
ClimateId2	12345	27-07-1985	11.9	29.5	16.3	20.7675	2.3	4.7
ClimateId2	12345	28-07-1985	1.9	28.4	15.2	20.552	1.4	4.2
ClimateId2	12345	29-07-1985	0.0	31.2	16.9	20.8371	4.1	5.4
ClimateId2	12345	30-07-1985	0.0	24.1	17.9	13.603	2.1	3.5
ClimateId2	12345	31-07-1985	6.5	21.9	13.7	15.7226	2.0	3.2
ClimateId2	12345	01-08-1985	0.0	24.6	11.1	20.4849	1.9	3.9
ClimateId2	12345	02-08-1985	0.3	22.7	14.1	16.0274	1.7	3.4
ClimateId2	12345	03-08-1985	0.0	25.8	10.6	21.0847	1.9	4.0
ClimateId2	12345	04-08-1985	5.6	22.8	13.5	16.4746	1.7	3.3
ClimateId2	12345	05-08-1985	0.0	25.5	14.2	18.1852	2.5	4.0
ClimateId2	12345	06-08-1985	0.0	27.0	15.3	18.3685	2.8	4.2
ClimateId2	12345	07-08-1985	35.2	17.0	11.1	12.5602	3.3	3.0
ClimateId2	12345	08-08-1985	0.0	18.9	11.0	14.6181	2.3	3.1
ClimateId2	12345	09-08-1985	0.0	21.9	12.2	16.2799	1.7	3.3
ClimateId2	12345	10-08-1985	0.0	26.5	9.3	22.1036	2.1	3.9
ClimateId2	12345	11-08-1985	0.0	23.8	16.1	14.1806	2.0	3.2
ClimateId2	12345	12-08-1985	0.0	28.0	12.9	20.4227	1.5	3.9
ClimateId2	12345	13-08-1985	0.0	29.7	15.6	19.491	1.3	4.0
ClimateId2	12345	14-08-1985	0.0	30.2	15.0	20.2031	1.3	4.1
ClimateId2	12345	15-08-1985	0.0	30.4	14.9	20.2868	1.6	4.2
ClimateId2	12345	16-08-1985	0.0	29.9	13.9	18.0757	1.2	3.6
ClimateId2	12345	17-08-1985	0.0	27.7	14.9	17.7556	2.1	3.9
ClimateId2	12345	18-08-1985	7.7	21.2	12.4	14.597	2.1	2.9
ClimateId2	12345	19-08-1985	0.0	23.9	8.4	19.6701	1.8	3.2
ClimateId2	12345	20-08-1985	0.0	27.1	14.5	17.482	2.1	3.8
ClimateId2	12345	21-08-1985	0.0	25.4	12.3	17.7403	1.8	3.5
ClimateId2	12345	22-08-1985	0.0	28.5	13.1	19.2005	1.3	3.7
ClimateId2	12345	23-08-1985	0.6	26.2	15.8	15.4219	1.5	3.3
ClimateId2	12345	24-08-1985	0.0	29.0	14.2	18.5388	2.1	3.8
ClimateId2	12345	25-08-1985	0.0	30.3	17.2	17.0745	3.0	4.4
ClimateId2	12345	26-08-1985	8.9	19.5	15.9	8.2471	2.3	2.1
ClimateId2	12345	27-08-1985	2.1	18.6	10.4	13.0638	4.8	3.3
ClimateId2	12345	28-08-1985	0.0	17.0	13.7	7.6564	6.7	3.9
ClimateId2	12345	29-08-1985	0.0	23.0	12.1	14.961	3.4	3.5
ClimateId2	12345	30-08-1985	0.0	23.8	12.5	14.975	2.5	3.2
ClimateId2	12345	31-08-1985	0.0	25.9	10.8	17.6222	1.5	3.2
ClimateId2	12345	01-09-1985	0.0	26.9	11.0	17.9498	1.4	3.1
ClimateId2	12345	02-09-1985	3.9	22.8	14.5	12.5215	1.8	2.6
ClimateId2	12345	03-09-1985	0.0	25.0	11.7	16.0417	2.9	3.1
ClimateId2	12345	04-09-1985	5.0	21.0	11.3	13.288	3.2	2.9
ClimateId2	12345	05-09-1985	0.0	22.0	8.2	16.0263	2.1	2.7
ClimateId2	12345	06-09-1985	1.0	19.4	10.9	12.0896	1.5	2.1
ClimateId2	12345	07-09-1985	0.0	18.1	7.9	13.3375	1.5	2.3
ClimateId2	12345	08-09-1985	0.0	15.0	7.4	11.1899	0.6	1.7
ClimateId2	12345	09-09-1985	0.6	17.2	9.1	11.0664	1.3	1.9
ClimateId2	12345	10-09-1985	0.0	18.0	3.1	15.854	1.4	2.1
ClimateId2	12345	11-09-1985	0.0	22.0	4.1	17.4039	1.6	2.4
ClimateId2	12345	12-09-1985	0.0	20.9	7.5	14.6404	1.7	2.2
ClimateId2	12345	13-09-1985	0.0	18.9	10.1	11.5227	1.3	2.2
ClimateId2	12345	14-09-1985	0.0	20.1	6.4	14.0708	1.4	2.2
ClimateId2	12345	15-09-1985	0.0	20.7	7.0	14.3405	2.0	2.3
ClimateId2	12345	16-09-1985	0.0	18.3	11.3	9.7051	1.7	2.0
ClimateId2	12345	17-09-1985	0.0	22.0	8.0	14.2674	1.9	2.2
ClimateId2	12345	18-09-1985	0.0	25.1	12.8	13.037	1.6	2.5
ClimateId2	12345	19-09-1985	0.0	27.3	11.2	15.0226	2.0	2.7
ClimateId2	12345	20-09-1985	0.0	25.5	10.2	14.2642	1.2	2.3
ClimateId2	12345	21-09-1985	0.0	27.4	11.5	14.5489	1.2	2.5
ClimateId2	12345	22-09-1985	0.0	28.2	12.2	14.454	1.2	2.6
ClimateId2	12345	23-09-1985	0.0	28.5	11.5	14.7078	1.5	2.6
ClimateId2	12345	24-09-1985	0.0	23.5	13.6	11.536	0.9	2.0
ClimateId2	12345	25-09-1985	2.0	24.2	11.4	12.249	1.5	2.0
ClimateId2	12345	26-09-1985	2.6	18.9	13.0	7.794	1.6	1.7
ClimateId2	12345	27-09-1985	0.0	19.0	9.7	10.0643	1.4	1.7
ClimateId2	12345	28-09-1985	0.0	23.0	6.9	13.4281	1.3	1.9
ClimateId2	12345	29-09-1985	0.0	20.9	9.7	10.5389	1.2	1.7
ClimateId2	12345	30-09-1985	0.0	19.2	6.9	11.1121	1.2	1.6
ClimateId2	12345	01-10-1985	0.0	20.7	6.4	12.0851	1.6	1.7
ClimateId2	12345	02-10-1985	0.0	22.9	7.0	12.6104	0.9	1.6
ClimateId2	12345	03-10-1985	0.0	24.3	8.2	12.5592	0.8	1.7
ClimateId2	12345	04-10-1985	0.0	22.7	7.3	12.0456	1.0	1.5
ClimateId2	12345	05-10-1985	0.0	22.2	9.4	10.706	1.2	1.5
ClimateId2	12345	06-10-1985	0.0	22.2	10.5	10.1206	0.9	1.4
ClimateId2	12345	07-10-1985	0.0	21.6	11.1	9.3423	0.6	1.3
ClimateId2	12345	08-10-1985	0.0	20.6	9.4	9.5676	1.3	1.3
ClimateId2	12345	09-10-1985	10.6	16.8	11.3	6.1643	1.7	1.6
ClimateId2	12345	10-10-1985	0.2	18.0	8.7	8.5735	1.3	1.4
ClimateId2	12345	11-10-1985	0.0	19.3	8.9	8.7023	1.6	1.5
ClimateId2	12345	12-10-1985	0.0	16.7	7.0	8.1994	1.0	1.1
ClimateId2	12345	13-10-1985	0.0	14.0	4.6	7.9235	2.1	1.3
ClimateId2	12345	14-10-1985	0.3	13.2	1.4	8.9254	1.7	1.2
ClimateId2	12345	15-10-1985	0.0	16.7	6.0	8.3287	3.9	1.9
ClimateId2	12345	16-10-1985	0.0	11.0	5.5	5.5178	3.6	1.9
ClimateId2	12345	17-10-1985	0.0	15.6	-1.8	10.6915	1.3	0.9
ClimateId2	12345	18-10-1985	0.0	14.5	0.5	9.3202	1.4	0.9
ClimateId2	12345	19-10-1985	0.0	10.6	1.5	7.13	1.1	0.6
ClimateId2	12345	20-10-1985	0.0	12.1	2.8	6.9899	2.1	1.1
ClimateId2	12345	21-10-1985	0.0	11.8	0.0	8.0388	1.5	0.7
ClimateId2	12345	22-10-1985	0.0	10.4	7.0	3.5982	1.5	0.9
ClimateId2	12345	23-10-1985	0.0	11.3	5.3	4.9967	4.2	1.6
ClimateId2	12345	24-10-1985	0.0	10.3	-1.7	7.6615	1.7	0.9
ClimateId2	12345	25-10-1985	0.0	12.0	-3.6	8.8288	1.2	0.7
ClimateId2	12345	26-10-1985	0.0	11.7	-2.4	8.1705	1.2	0.6
ClimateId2	12345	27-10-1985	0.0	10.5	-2.3	7.6206	1.0	0.5
ClimateId2	12345	28-10-1985	0.0	3.6	-2.2	4.5002	0.6	0.3
ClimateId2	12345	29-10-1985	0.1	1.0	0.3	2.5087	1.2	0.4
ClimateId2	12345	30-10-1985	0.2	4.7	0.4	2.9962	1.4	0.4
ClimateId2	12345	31-10-1985	5.7	4.9	2.3	2.5158	0.9	0.4
ClimateId2	12345	01-11-1985	1.4	12.9	2.7	6.0981	1.2	0.4
ClimateId2	12345	02-11-1985	2.4	9.3	6.0	2.772	1.8	0.7
ClimateId2	12345	03-11-1985	0.0	10.9	0.2	6.0536	1.5	0.4
ClimateId2	12345	04-11-1985	0.0	11.1	0.6	5.8962	1.2	0.5
ClimateId2	12345	05-11-1985	0.0	11.6	1.3	5.7564	3.4	0.6
ClimateId2	12345	06-11-1985	10.8	12.2	6.1	3.8877	3.2	1.4
ClimateId2	12345	07-11-1985	0.0	9.7	-1.4	5.8043	2.3	0.8
ClimateId2	12345	08-11-1985	0.0	10.4	-1.4	5.9213	1.4	0.4
ClimateId2	12345	09-11-1985	0.0	13.5	2.9	5.4422	2.3	0.7
ClimateId2	12345	10-11-1985	0.0	16.9	7.3	4.9546	3.4	1.0
ClimateId2	12345	11-11-1985	10.8	8.3	1.7	4.0988	2.4	0.5
ClimateId2	12345	12-11-1985	1.2	2.5	0.4	1.5868	0.9	0.4
ClimateId2	12345	13-11-1985	6.9	3.3	0.0	1.6195	0.8	0.5
ClimateId2	12345	14-11-1985	6.5	4.3	0.2	3.1529	1.7	0.5
ClimateId2	12345	15-11-1985	0.0	4.8	-5.1	4.6543	1.3	0.4
ClimateId2	12345	16-11-1985	0.0	1.9	-2.9	2.7687	1.1	0.4
ClimateId2	12345	17-11-1985	0.4	1.3	-1.8	1.9575	1.7	0.5
ClimateId2	12345	18-11-1985	0.1	-2.0	-3.2	1.5715	3.3	0.6
ClimateId2	12345	19-11-1985	4.0	-0.3	-4.1	2.1903	2.9	0.2
ClimateId2	12345	20-11-1985	2.3	0.2	-1.0	0.5464	2.3	0.4
ClimateId2	12345	21-11-1985	3.3	0.9	-0.9	0.9222	1.4	0.4
ClimateId2	12345	22-11-1985	2.0	0.9	-0.4	0.5183	0.9	0.4
ClimateId2	12345	23-11-1985	1.0	1.6	-0.4	1.1014	1.2	0.3
ClimateId2	12345	24-11-1985	6.5	1.6	0.5	0.4202	1.5	0.5
ClimateId2	12345	25-11-1985	1.9	4.5	-0.4	3.581	1.0	0.4
ClimateId2	12345	26-11-1985	1.0	0.1	-1.5	1.4607	0.5	0.5
ClimateId2	12345	27-11-1985	0.0	1.4	-3.8	2.3009	0.5	0.3
ClimateId2	12345	28-11-1985	0.0	-0.5	-7.4	2.9682	0.9	0.2
ClimateId2	12345	29-11-1985	0.0	1.4	-8.6	3.8134	1.4	0.2
ClimateId2	12345	30-11-1985	0.0	0.5	-7.2	3.1016	1.1	0.3
ClimateId2	12345	01-12-1985	0.0	4.9	-4.7	3.6104	0.9	0.2
ClimateId2	12345	02-12-1985	0.0	6.1	-3.1	3.4492	1.0	0.2
ClimateId2	12345	03-12-1985	0.0	10.9	-1.5	4.1937	1.3	0.3
ClimateId2	12345	04-12-1985	0.0	11.5	-0.2	3.9848	1.2	0.4
ClimateId2	12345	05-12-1985	0.0	7.0	-0.8	3.507	2.4	0.3
ClimateId2	12345	06-12-1985	0.0	13.7	5.1	3.0316	3.1	1.0
ClimateId2	12345	07-12-1985	0.0	10.7	3.4	2.7684	1.5	0.4
ClimateId2	12345	08-12-1985	0.0	10.3	2.7	2.8016	1.8	0.5
ClimateId2	12345	09-12-1985	0.0	10.2	1.3	3.1001	1.8	0.3
ClimateId2	12345	10-12-1985	0.0	4.4	-1.7	2.3178	1.3	0.2
ClimateId2	12345	11-12-1985	4.2	2.9	0.6	1.2429	2.0	0.4
ClimateId2	12345	12-12-1985	0.7	4.0	0.9	1.166	3.3	0.6
ClimateId2	12345	13-12-1985	3.1	4.4	1.7	1.0847	1.9	0.5
ClimateId2	12345	14-12-1985	0.0	3.7	0.7	1.1685	1.1	0.4
ClimateId2	12345	15-12-1985	0.0	7.7	-0.7	2.8998	1.2	0.2
ClimateId2	12345	16-12-1985	0.0	11.0	0.7	3.3387	1.4	0.4
ClimateId2	12345	17-12-1985	0.0	14.5	-0.7	4.2841	2.2	0.6
ClimateId2	12345	18-12-1985	0.0	5.0	1.1	1.6536	1.2	0.4
ClimateId2	12345	19-12-1985	0.4	9.4	0.1	3.0909	1.7	0.5
ClimateId2	12345	20-12-1985	0.6	7.7	-0.6	2.826	2.3	0.5
ClimateId2	12345	21-12-1985	0.0	8.9	2.0	2.4625	1.6	0.6
ClimateId2	12345	22-12-1985	0.0	7.9	-3.3	3.5234	1.1	0.2
ClimateId2	12345	23-12-1985	0.0	1.1	-3.6	1.43	0.9	0.3
ClimateId2	12345	24-12-1985	0.0	-1.8	-2.6	0.1766	0.9	0.4
ClimateId2	12345	25-12-1985	0.0	2.3	-3.8	2.0958	2.0	0.2
ClimateId2	12345	26-12-1985	0.3	4.0	-2.2	2.4646	1.9	0.3
ClimateId2	12345	27-12-1985	0.0	7.2	-1.2	2.8992	1.3	0.3
ClimateId2	12345	28-12-1985	0.0	7.6	-2.2	3.2566	2.8	0.2
ClimateId2	12345	29-12-1985	2.6	13.5	5.2	2.8954	4.0	1.0
ClimateId2	12345	30-12-1985	10.0	0.1	-3.4	1.4178	1.4	0.4
ClimateId2	12345	31-12-1985	2.4	-1.4	-4.5	1.2499	1.2	0.4
ClimateId2	12345	01-01-1986	0.7	-2.5	-4.8	0.9391	0.6	0.3
ClimateId2	12345	02-01-1986	0.0	-0.6	-6.2	2.0918	1.2	0.2
ClimateId2	12345	03-01-1986	1.6	2.2	-2.2	1.7917	1.2	0.3
ClimateId2	12345	04-01-1986	1.3	2.4	-2.0	1.726	1.7	0.4
ClimateId2	12345	05-01-1986	0.0	1.1	-6.4	2.7456	2.0	0.4
ClimateId2	12345	06-01-1986	0.0	0.1	-8.3	3.11	1.8	0.2
ClimateId2	12345	07-01-1986	0.0	1.9	-4.1	2.489	1.3	0.3
ClimateId2	12345	08-01-1986	0.0	-1.8	-10.1	3.1096	0.6	0.1
ClimateId2	12345	09-01-1986	0.0	-1.0	-3.3	1.1194	0.8	0.4
ClimateId2	12345	10-01-1986	0.0	-0.2	-6.5	2.6406	1.6	0.3
ClimateId2	12345	11-01-1986	0.0	0.8	-7.0	3.3489	1.2	0.2
ClimateId2	12345	12-01-1986	1.4	0.6	-4.2	2.2194	1.2	0.3
ClimateId2	12345	13-01-1986	0.0	2.4	-6.9	3.6762	1.7	0.3
ClimateId2	12345	14-01-1986	0.0	7.7	-2.3	3.9417	2.7	0.6
ClimateId2	12345	15-01-1986	0.6	8.0	-2.3	3.8187	2.6	0.6
ClimateId2	12345	16-01-1986	0.0	4.9	-1.5	2.9535	1.3	0.6
ClimateId2	12345	17-01-1986	0.0	3.1	-4.9	3.5339	3.0	0.6
ClimateId2	12345	18-01-1986	0.0	0.4	-7.1	3.4518	2.6	0.6
ClimateId2	12345	19-01-1986	0.0	9.5	-1.2	4.4023	3.4	1.0
ClimateId2	12345	20-01-1986	0.0	12.0	3.2	3.8678	3.3	1.6
ClimateId2	12345	21-01-1986	0.0	9.2	-3.8	5.1673	2.0	0.5
ClimateId2	12345	22-01-1986	0.0	8.0	-3.2	4.4804	1.9	0.4
ClimateId2	12345	23-01-1986	0.0	9.1	-2.0	4.8576	4.1	0.7
ClimateId2	12345	24-01-1986	12.8	6.0	-2.7	3.5274	3.0	0.4
ClimateId2	12345	25-01-1986	0.0	4.8	-0.8	3.1877	2.0	0.8
ClimateId2	12345	26-01-1986	0.0	2.8	-4.4	3.8074	1.4	0.6
ClimateId2	12345	27-01-1986	0.0	2.1	-7.3	4.6227	1.2	0.4
ClimateId2	12345	28-01-1986	0.0	1.2	-7.9	4.5819	1.4	0.4
ClimateId2	12345	29-01-1986	0.0	-2.2	-6.8	2.8955	1.5	0.2
ClimateId2	12345	30-01-1986	0.0	-0.3	-2.9	1.9207	1.3	0.3
ClimateId2	12345	31-01-1986	1.0	0.1	-0.9	0.722	2.2	0.4
ClimateId2	12345	01-02-1986	9.7	2.5	-0.3	2.6981	2.6	0.4
ClimateId2	12345	02-02-1986	1.3	1.9	0.2	1.5703	1.8	0.5
ClimateId2	12345	03-02-1986	1.5	-0.1	-2.1	1.5053	2.1	0.5
ClimateId2	12345	04-02-1986	0.9	-2.0	-4.3	2.8441	1.9	0.7
ClimateId2	12345	05-02-1986	0.0	-3.7	-11.0	4.6669	1.0	0.3
ClimateId2	12345	06-02-1986	0.4	-1.8	-7.0	3.4099	0.7	0.4
ClimateId2	12345	07-02-1986	0.1	-1.5	-6.6	3.7325	1.4	0.5
ClimateId2	12345	08-02-1986	1.3	-8.5	-12.1	2.9822	1.7	0.4
ClimateId2	12345	09-02-1986	5.2	-7.6	-10.6	2.6989	3.4	0.3
ClimateId2	12345	10-02-1986	10.7	-4.3	-8.7	3.6003	3.3	0.3
ClimateId2	12345	11-02-1986	3.4	-1.2	-5.6	3.4289	1.6	0.4
ClimateId2	12345	12-02-1986	0.0	-0.7	-8.0	5.3056	1.6	0.4
ClimateId2	12345	13-02-1986	0.2	-0.8	-10.0	5.8019	1.1	0.5
ClimateId2	12345	14-02-1986	0.0	-1.4	-16.6	8.519	0.7	0.2
ClimateId2	12345	15-02-1986	0.0	-1.6	-6.7	4.4265	1.0	0.4
ClimateId2	12345	16-02-1986	0.7	-0.7	-5.3	4.0416	2.2	0.3
ClimateId2	12345	17-02-1986	5.3	0.8	-4.9	4.8783	2.5	0.5
ClimateId2	12345	18-02-1986	1.0	4.0	-2.0	5.0859	1.8	0.5
ClimateId2	12345	19-02-1986	0.0	2.2	-0.5	3.3949	1.2	0.5
ClimateId2	12345	20-02-1986	0.3	1.5	-1.3	2.7621	2.4	0.9
ClimateId2	12345	21-02-1986	0.2	3.7	-5.7	5.9768	1.6	0.7
ClimateId2	12345	22-02-1986	0.0	-1.5	-5.5	4.2785	1.2	0.6
ClimateId2	12345	23-02-1986	0.0	-2.4	-6.3	6.7246	1.2	0.6
ClimateId2	12345	24-02-1986	0.5	-2.1	-6.3	6.352	1.6	0.7
ClimateId2	12345	25-02-1986	0.0	-2.8	-17.8	10.0896	1.7	0.5
ClimateId2	12345	26-02-1986	0.0	-4.9	-10.6	7.6525	1.9	0.7
ClimateId2	12345	27-02-1986	0.0	-1.4	-19.1	10.1339	1.2	0.5
ClimateId2	12345	28-02-1986	0.0	-1.3	-18.5	9.1076	1.2	0.6
ClimateId2	12345	01-03-1986	0.0	-6.3	-10.2	4.8416	1.0	0.4
ClimateId2	12345	02-03-1986	3.2	-2.8	-7.4	5.4221	0.7	0.5
ClimateId2	12345	03-03-1986	6.3	1.1	-3.7	5.7067	1.1	0.6
ClimateId2	12345	04-03-1986	1.7	1.6	-1.7	4.5178	1.4	0.6
ClimateId2	12345	05-03-1986	0.0	5.7	-7.2	10.4703	1.4	0.7
ClimateId2	12345	06-03-1986	0.0	6.1	-4.3	9.3465	2.0	0.9
ClimateId2	12345	07-03-1986	0.4	3.8	-0.9	5.8239	1.4	0.6
ClimateId2	12345	08-03-1986	2.0	5.6	0.5	6.7427	1.0	0.8
ClimateId2	12345	09-03-1986	0.4	4.4	-0.4	6.2568	1.2	0.6
ClimateId2	12345	10-03-1986	0.6	8.2	0.4	8.4439	1.1	0.9
ClimateId2	12345	11-03-1986	0.2	5.1	0.0	6.5016	1.4	0.8
ClimateId2	12345	12-03-1986	0.9	2.1	0.7	2.7443	1.4	0.6
ClimateId2	12345	13-03-1986	0.0	2.3	0.3	3.6734	0.9	0.6
ClimateId2	12345	14-03-1986	4.6	3.0	0.0	4.9327	0.9	0.6
ClimateId2	12345	15-03-1986	1.1	4.3	0.9	5.3833	1.0	0.6
ClimateId2	12345	16-03-1986	0.7	3.8	0.9	4.9598	1.9	1.0
ClimateId2	12345	17-03-1986	0.0	5.7	-1.9	9.188	1.3	1.2
ClimateId2	12345	18-03-1986	0.0	7.7	-5.8	12.8014	1.8	1.3
ClimateId2	12345	19-03-1986	0.0	6.1	-4.8	11.464	1.6	1.1
ClimateId2	12345	20-03-1986	0.0	6.7	-4.0	11.5373	1.7	1.2
ClimateId2	12345	21-03-1986	0.1	4.1	-0.6	6.7268	1.5	0.9
ClimateId2	12345	22-03-1986	0.2	6.7	-1.8	10.4055	1.3	1.1
ClimateId2	12345	23-03-1986	0.0	6.8	-2.9	11.3436	2.6	1.3
ClimateId2	12345	24-03-1986	0.0	10.4	1.3	11.1002	4.3	2.1
ClimateId2	12345	25-03-1986	20.3	6.3	1.5	11.9925	2.6	1.8
ClimateId2	12345	26-03-1986	0.6	9.5	-2.1	12.9458	1.5	1.3
ClimateId2	12345	27-03-1986	0.0	13.0	0.0	13.9807	1.6	1.8
ClimateId2	12345	28-03-1986	0.0	17.4	0.5	16.3558	2.7	2.4
ClimateId2	12345	29-03-1986	0.0	14.3	1.3	14.1992	2.4	1.9
ClimateId2	12345	30-03-1986	1.9	10.1	3.5	10.7625	2.4	1.8
ClimateId2	12345	31-03-1986	0.0	16.2	-0.9	16.9275	2.6	2.2
ClimateId2	12345	01-04-1986	0.0	11.1	3.2	11.1385	2.2	1.7
ClimateId2	12345	02-04-1986	0.5	13.9	4.1	12.6335	1.2	1.9
ClimateId2	12345	03-04-1986	0.0	17.4	2.6	16.1933	3.8	2.7
ClimateId2	12345	04-04-1986	0.0	15.9	6.6	12.5728	2.6	2.4
ClimateId2	12345	05-04-1986	0.0	15.5	3.0	15.0221	1.5	2.1
ClimateId2	12345	06-04-1986	0.0	16.8	4.2	15.3445	1.2	2.1
ClimateId2	12345	07-04-1986	0.0	22.1	5.9	17.6835	1.7	2.8
ClimateId2	12345	08-04-1986	0.0	23.2	6.4	18.1919	1.8	3.0
ClimateId2	12345	09-04-1986	1.0	21.9	7.4	16.8898	2.5	3.2
ClimateId2	12345	10-04-1986	1.1	13.1	4.2	13.0609	3.8	2.3
ClimateId2	12345	11-04-1986	1.5	7.0	2.1	10.704	2.4	1.8
ClimateId2	12345	12-04-1986	3.2	0.2	-2.3	6.4755	2.0	0.8
ClimateId2	12345	13-04-1986	6.5	0.1	-1.9	5.5472	2.8	0.8
ClimateId2	12345	14-04-1986	0.2	7.2	-3.9	15.2829	2.1	1.8
ClimateId2	12345	15-04-1986	0.0	12.9	-3.3	18.9574	3.6	2.4
ClimateId2	12345	16-04-1986	0.7	10.5	4.3	11.1836	2.5	1.7
ClimateId2	12345	17-04-1986	0.0	16.5	4.8	15.9297	4.8	3.3
ClimateId2	12345	18-04-1986	2.2	11.3	6.7	9.789	2.8	1.8
ClimateId2	12345	19-04-1986	0.7	12.6	4.3	13.5903	2.1	2.2
ClimateId2	12345	20-04-1986	0.0	12.7	1.9	16.3974	1.9	2.5
ClimateId2	12345	21-04-1986	0.0	18.3	1.6	19.9525	3.5	3.1
ClimateId2	12345	22-04-1986	0.0	17.2	7.6	14.849	7.3	3.9
ClimateId2	12345	23-04-1986	0.0	19.0	8.9	15.6603	5.2	3.8
ClimateId2	12345	24-04-1986	0.0	21.1	9.7	16.7506	3.4	3.8
ClimateId2	12345	25-04-1986	0.0	24.2	8.5	20.1716	3.1	4.2
ClimateId2	12345	26-04-1986	0.0	23.4	7.4	20.4639	2.8	3.9
ClimateId2	12345	27-04-1986	0.0	21.2	9.9	18.0534	2.3	3.5
ClimateId2	12345	28-04-1986	4.1	23.3	9.4	19.2471	1.9	3.5
ClimateId2	12345	29-04-1986	2.3	21.2	11.3	16.1369	2.6	3.1
ClimateId2	12345	30-04-1986	7.7	21.3	10.8	16.8352	2.6	3.3
ClimateId2	12345	01-05-1986	0.0	21.4	13.9	14.1449	4.5	4.2
ClimateId2	12345	02-05-1986	0.4	21.5	11.0	17.0583	1.6	3.3
ClimateId2	12345	03-05-1986	0.0	22.8	8.1	20.5163	1.5	3.4
ClimateId2	12345	04-05-1986	0.0	23.3	9.1	20.2235	1.8	3.6
ClimateId2	12345	05-05-1986	0.4	23.4	12.1	18.1467	2.1	3.7
ClimateId2	12345	06-05-1986	0.0	22.4	7.9	20.827	1.7	3.5
ClimateId2	12345	07-05-1986	0.0	22.5	9.3	19.8614	1.9	3.6
ClimateId2	12345	08-05-1986	18.0	21.5	9.4	19.0548	2.8	3.6
ClimateId2	12345	09-05-1986	0.0	18.5	5.6	19.9036	2.0	3.3
ClimateId2	12345	10-05-1986	0.0	18.5	7.4	18.4816	2.3	3.3
ClimateId2	12345	11-05-1986	0.3	21.5	10.2	18.72	1.6	3.5
ClimateId2	12345	12-05-1986	0.0	21.5	11.3	17.7932	1.6	3.3
ClimateId2	12345	13-05-1986	0.0	25.4	9.6	22.5203	2.2	4.1
ClimateId2	12345	14-05-1986	0.0	26.1	11.5	21.7501	2.4	4.4
ClimateId2	12345	15-05-1986	0.0	25.1	12.1	20.5317	2.4	4.2
ClimateId2	12345	16-05-1986	0.7	16.8	12.4	11.301	1.3	2.2
ClimateId2	12345	17-05-1986	1.8	19.0	12.0	14.7524	1.4	2.7
ClimateId2	12345	18-05-1986	0.0	22.6	7.5	22.5455	1.7	3.6
ClimateId2	12345	19-05-1986	4.1	26.3	12.1	21.9053	1.6	4.1
ClimateId2	12345	20-05-1986	2.6	23.6	14.5	16.433	1.2	3.3
ClimateId2	12345	21-05-1986	0.0	25.0	15.3	17.9021	1.8	3.6
ClimateId2	12345	22-05-1986	8.9	24.3	14.9	17.7966	1.8	3.8
ClimateId2	12345	23-05-1986	1.9	25.3	12.9	20.6154	1.7	4.1
ClimateId2	12345	24-05-1986	5.1	25.2	13.7	19.9127	1.4	3.9
ClimateId2	12345	25-05-1986	0.3	20.9	9.1	20.2545	2.1	3.8
ClimateId2	12345	26-05-1986	1.7	22.9	8.2	22.8831	1.5	4.0
ClimateId2	12345	27-05-1986	1.8	26.2	9.8	24.2983	1.8	4.5
ClimateId2	12345	28-05-1986	0.0	26.4	11.4	23.2697	1.9	4.5
ClimateId2	12345	29-05-1986	1.6	18.7	14.8	11.2401	2.1	2.5
ClimateId2	12345	30-05-1986	33.2	13.1	8.1	13.0265	2.8	2.3
ClimateId2	12345	31-05-1986	1.1	15.0	7.4	17.4038	2.2	3.1
ClimateId2	12345	01-06-1986	0.1	15.9	6.5	17.5672	2.2	3.1
ClimateId2	12345	02-06-1986	0.0	17.9	4.4	22.3619	1.8	3.4
ClimateId2	12345	03-06-1986	0.4	18.8	9.0	17.4943	1.4	3.2
ClimateId2	12345	04-06-1986	5.1	19.4	5.0	23.1066	2.9	3.6
ClimateId2	12345	05-06-1986	18.7	15.1	7.1	17.0869	2.2	2.9
ClimateId2	12345	06-06-1986	1.4	13.8	7.8	16.1084	1.8	2.8
ClimateId2	12345	07-06-1986	0.0	16.4	3.5	21.978	2.1	3.2
ClimateId2	12345	08-06-1986	0.0	18.4	8.0	19.5995	1.6	3.5
ClimateId2	12345	09-06-1986	0.0	21.0	6.7	23.1423	2.4	4.1
ClimateId2	12345	10-06-1986	0.0	22.7	9.3	22.4457	1.7	4.1
ClimateId2	12345	11-06-1986	0.0	26.1	10.2	24.6186	1.6	4.5
ClimateId2	12345	12-06-1986	0.0	21.2	14.1	16.054	4.6	4.6
ClimateId2	12345	13-06-1986	6.4	18.4	11.1	16.3096	3.4	3.2
ClimateId2	12345	14-06-1986	5.6	24.5	14.1	19.739	2.3	4.0
ClimateId2	12345	15-06-1986	0.0	26.7	14.9	21.1623	2.4	4.5
ClimateId2	12345	16-06-1986	13.1	26.6	14.7	21.2275	1.6	4.3
ClimateId2	12345	17-06-1986	3.0	27.9	16.1	21.1656	2.0	4.7
ClimateId2	12345	18-06-1986	0.0	28.9	15.8	22.4273	1.3	4.7
ClimateId2	12345	19-06-1986	11.6	24.3	16.4	17.0729	2.5	3.8
ClimateId2	12345	20-06-1986	0.1	27.2	14.8	21.7254	1.1	4.4
ClimateId2	12345	21-06-1986	0.0	27.5	15.1	21.7577	1.1	4.4
ClimateId2	12345	22-06-1986	0.0	22.1	16.4	14.3155	1.8	3.2
ClimateId2	12345	23-06-1986	7.0	21.2	16.9	12.2426	1.3	2.8
ClimateId2	12345	24-06-1986	3.0	20.9	13.5	16.3993	1.0	3.4
ClimateId2	12345	25-06-1986	0.0	23.0	11.9	20.3146	1.0	3.7
ClimateId2	12345	26-06-1986	0.0	24.3	12.9	20.7341	1.8	4.4
ClimateId2	12345	27-06-1986	0.0	26.7	12.2	23.527	2.9	5.2
ClimateId2	12345	28-06-1986	0.0	27.6	13.2	23.4681	1.8	4.9
ClimateId2	12345	29-06-1986	3.9	23.9	15.4	17.4899	2.0	3.9
ClimateId2	12345	30-06-1986	0.9	21.0	13.5	16.4214	2.4	3.5
ClimateId2	12345	01-07-1986	0.0	24.7	11.5	22.3613	2.6	4.6
ClimateId2	12345	02-07-1986	0.0	25.5	13.1	21.6472	2.0	4.4
ClimateId2	12345	03-07-1986	0.2	27.0	12.5	23.4547	0.8	4.4
ClimateId2	12345	04-07-1986	0.0	28.3	13.5	23.6379	1.2	4.7
ClimateId2	12345	05-07-1986	0.0	28.9	15.5	21.6231	2.0	4.7
ClimateId2	12345	06-07-1986	0.0	29.5	16.4	21.9896	5.2	6.0
ClimateId2	12345	07-07-1986	3.0	22.1	14.8	15.3876	1.9	3.4
ClimateId2	12345	08-07-1986	0.0	22.7	10.2	21.3488	1.9	4.1
ClimateId2	12345	09-07-1986	0.0	21.3	8.5	21.607	1.7	3.9
ClimateId2	12345	10-07-1986	0.0	21.4	11.2	19.765	1.2	3.7
ClimateId2	12345	11-07-1986	0.0	22.4	10.8	20.4433	2.5	3.9
ClimateId2	12345	12-07-1986	7.4	20.6	12.1	17.2675	1.3	3.3
ClimateId2	12345	13-07-1986	5.4	16.7	12.4	11.8759	1.3	2.3
ClimateId2	12345	14-07-1986	0.0	20.0	11.2	17.5209	1.6	3.4
ClimateId2	12345	15-07-1986	0.0	22.7	9.0	22.1108	1.5	4.0
ClimateId2	12345	16-07-1986	0.0	24.8	10.3	22.7826	1.4	4.2
ClimateId2	12345	17-07-1986	0.0	26.1	11.4	22.809	1.7	4.4
ClimateId2	12345	18-07-1986	0.0	26.8	13.2	21.7353	1.5	4.4
ClimateId2	12345	19-07-1986	0.0	20.8	16.5	11.5787	2.9	3.1
ClimateId2	12345	20-07-1986	0.4	19.3	13.3	13.7911	2.1	3.1
ClimateId2	12345	21-07-1986	0.0	22.3	13.1	17.4311	1.5	3.6
ClimateId2	12345	22-07-1986	0.0	25.5	8.9	23.8306	1.3	4.2
ClimateId2	12345	23-07-1986	0.0	28.1	11.8	23.5196	3.7	5.1
ClimateId2	12345	24-07-1986	26.9	26.8	15.4	18.9236	3.0	4.5
ClimateId2	12345	25-07-1986	0.0	21.1	6.8	21.7973	1.9	3.7
ClimateId2	12345	26-07-1986	0.0	24.3	10.7	21.2166	1.7	4.0
ClimateId2	12345	27-07-1986	0.0	24.6	12.6	19.7049	1.4	3.8
ClimateId2	12345	28-07-1986	0.0	26.3	14.3	19.6042	1.2	3.9
ClimateId2	12345	29-07-1986	0.0	26.4	14.3	20.3417	0.9	4.0
ClimateId2	12345	30-07-1986	2.3	29.3	15.9	20.6335	1.7	4.5
ClimateId2	12345	31-07-1986	0.7	30.5	16.3	21.1231	1.9	4.6
ClimateId2	12345	01-08-1986	1.1	29.2	16.0	20.4263	1.6	4.5
ClimateId2	12345	02-08-1986	0.0	28.3	14.0	20.9638	1.5	4.2
ClimateId2	12345	03-08-1986	0.0	29.6	16.5	19.9546	1.3	4.2
ClimateId2	12345	04-08-1986	0.0	30.2	17.3	19.694	1.3	4.3
ClimateId2	12345	05-08-1986	0.0	26.3	17.9	15.4905	1.8	3.7
ClimateId2	12345	06-08-1986	0.0	25.9	14.3	18.3175	2.7	4.3
ClimateId2	12345	07-08-1986	0.0	27.5	13.0	20.5543	0.9	3.9
ClimateId2	12345	08-08-1986	0.0	29.2	14.9	19.2586	1.6	4.0
ClimateId2	12345	09-08-1986	0.0	28.1	15.9	18.5337	1.8	4.0
ClimateId2	12345	10-08-1986	0.0	28.0	15.4	18.993	1.5	3.9
ClimateId2	12345	11-08-1986	14.2	29.2	15.7	19.348	1.5	4.0
ClimateId2	12345	12-08-1986	0.1	30.4	17.3	18.9519	2.0	4.3
ClimateId2	12345	13-08-1986	0.0	27.4	13.6	19.3333	1.2	3.8
ClimateId2	12345	14-08-1986	0.0	23.7	15.3	14.6851	1.6	3.2
ClimateId2	12345	15-08-1986	0.0	26.5	12.6	19.2032	1.3	3.7
ClimateId2	12345	16-08-1986	0.0	28.2	13.7	19.3757	1.9	4.0
ClimateId2	12345	17-08-1986	0.0	30.7	14.1	20.7379	2.0	4.4
ClimateId2	12345	18-08-1986	0.0	31.0	15.2	20.1013	2.4	4.5
ClimateId2	12345	19-08-1986	2.3	23.8	14.9	14.4482	1.6	2.9
ClimateId2	12345	20-08-1986	0.2	23.0	15.1	13.5933	1.6	3.1
ClimateId2	12345	21-08-1986	2.0	22.1	12.8	14.7268	2.0	3.0
ClimateId2	12345	22-08-1986	0.0	24.8	10.2	18.6816	1.9	3.5
ClimateId2	12345	23-08-1986	8.9	28.0	12.6	19.0069	3.6	4.3
ClimateId2	12345	24-08-1986	10.8	18.7	8.6	15.1599	2.1	2.4
ClimateId2	12345	25-08-1986	12.4	20.6	10.3	15.1049	2.2	2.9
ClimateId2	12345	26-08-1986	0.0	23.9	10.0	17.601	2.1	3.2
ClimateId2	12345	27-08-1986	0.2	21.6	12.1	14.3342	1.8	2.7
ClimateId2	12345	28-08-1986	3.8	17.8	13.0	9.4632	1.4	1.8
ClimateId2	12345	29-08-1986	5.1	16.2	11.9	8.2941	2.0	1.8
ClimateId2	12345	30-08-1986	0.0	18.2	8.4	14.07	1.5	2.4
ClimateId2	12345	31-08-1986	0.0	17.7	6.3	15.1437	1.1	2.2
ClimateId2	12345	01-09-1986	0.0	19.6	5.5	16.7641	1.4	2.5
ClimateId2	12345	02-09-1986	0.0	21.3	9.4	15.1758	1.4	2.6
ClimateId2	12345	03-09-1986	0.0	24.1	8.8	17.32	2.7	3.1
ClimateId2	12345	04-09-1986	4.6	18.7	11.8	11.0743	2.2	2.5
ClimateId2	12345	05-09-1986	0.0	18.9	4.0	16.7266	1.5	2.4
ClimateId2	12345	06-09-1986	0.0	21.6	4.4	17.8885	1.9	2.6
ClimateId2	12345	07-09-1986	0.0	23.7	7.2	17.2759	1.1	2.5
ClimateId2	12345	08-09-1986	0.0	23.2	9.5	15.4869	1.2	2.5
ClimateId2	12345	09-09-1986	0.0	19.8	13.3	10.1959	1.7	2.2
ClimateId2	12345	10-09-1986	11.0	12.2	10.7	4.0478	2.2	1.0
ClimateId2	12345	11-09-1986	0.0	18.0	8.2	12.4873	1.4	2.0
ClimateId2	12345	12-09-1986	0.0	21.2	7.2	14.8952	1.9	2.1
ClimateId2	12345	13-09-1986	0.0	24.4	11.7	14.0316	2.0	2.7
ClimateId2	12345	14-09-1986	0.0	25.4	11.1	14.8978	1.2	2.4
ClimateId2	12345	15-09-1986	0.0	26.0	11.8	14.6678	1.6	2.5
ClimateId2	12345	16-09-1986	0.0	24.3	15.1	13.1239	2.5	2.6
ClimateId2	12345	17-09-1986	0.0	25.8	12.9	13.5386	1.4	2.4
ClimateId2	12345	18-09-1986	2.3	23.2	15.4	10.193	1.4	2.0
ClimateId2	12345	19-09-1986	1.4	16.1	9.1	9.469	2.7	2.3
ClimateId2	12345	20-09-1986	0.0	17.3	2.3	14.2863	1.2	1.7
ClimateId2	12345	21-09-1986	0.0	21.0	2.8	14.9656	1.2	2.0
ClimateId2	12345	22-09-1986	0.0	23.6	4.2	16.0246	1.3	2.2
ClimateId2	12345	23-09-1986	0.0	23.9	7.2	14.5498	1.4	2.2
ClimateId2	12345	24-09-1986	0.0	23.0	7.2	14.023	1.1	1.9
ClimateId2	12345	25-09-1986	0.0	14.7	10.3	8.2308	2.4	1.9
ClimateId2	12345	26-09-1986	0.0	11.4	9.7	3.692	1.1	1.1
ClimateId2	12345	27-09-1986	0.4	15.9	8.6	8.6446	1.2	1.5
ClimateId2	12345	28-09-1986	0.0	17.4	9.5	9.0007	1.7	1.8
ClimateId2	12345	29-09-1986	0.0	19.1	7.7	10.6884	1.1	1.6
ClimateId2	12345	30-09-1986	0.0	21.2	5.4	12.9268	1.5	1.8
ClimateId2	12345	01-10-1986	0.0	19.1	4.5	12.1972	1.4	1.6
ClimateId2	12345	02-10-1986	0.0	21.1	5.4	12.5464	1.5	1.8
ClimateId2	12345	03-10-1986	0.0	23.7	6.1	13.2081	1.1	1.7
ClimateId2	12345	04-10-1986	0.0	17.6	7.8	9.3369	1.1	1.3
ClimateId2	12345	05-10-1986	0.0	15.9	8.2	8.7125	1.0	1.5
ClimateId2	12345	06-10-1986	0.0	18.5	4.9	10.9434	1.2	1.3
ClimateId2	12345	07-10-1986	0.0	21.0	6.6	11.1698	1.0	1.3
ClimateId2	12345	08-10-1986	0.0	18.7	8.0	9.2931	1.3	1.3
ClimateId2	12345	09-10-1986	0.0	17.1	8.8	7.826	1.3	1.4
ClimateId2	12345	10-10-1986	0.0	17.9	3.6	10.6704	1.6	1.2
ClimateId2	12345	11-10-1986	0.0	18.9	4.3	10.1235	0.9	1.1
ClimateId2	12345	12-10-1986	0.0	17.1	4.4	9.4098	1.5	1.1
ClimateId2	12345	13-10-1986	0.0	16.9	3.5	9.8125	1.4	1.2
ClimateId2	12345	14-10-1986	0.0	16.1	2.0	9.9197	1.1	0.9
ClimateId2	12345	15-10-1986	0.0	15.1	2.4	9.1747	1.2	1.1
ClimateId2	12345	16-10-1986	0.0	15.2	-0.4	10.222	1.0	0.9
ClimateId2	12345	17-10-1986	0.0	15.9	-1.3	10.6657	1.0	0.8
ClimateId2	12345	18-10-1986	0.0	15.9	0.7	9.7341	1.2	1.0
ClimateId2	12345	19-10-1986	4.1	14.2	-0.4	9.3718	1.6	0.7
ClimateId2	12345	20-10-1986	2.9	13.5	7.6	5.3195	2.5	1.0
ClimateId2	12345	21-10-1986	0.0	14.8	5.4	6.964	3.8	2.0
ClimateId2	12345	22-10-1986	0.0	16.3	6.6	7.0184	2.2	1.3
ClimateId2	12345	23-10-1986	13.1	16.5	5.3	6.5212	3.1	0.9
ClimateId2	12345	24-10-1986	0.9	12.3	4.3	6.0355	1.7	1.1
ClimateId2	12345	25-10-1986	0.0	10.7	1.2	6.912	2.8	1.0
ClimateId2	12345	26-10-1986	3.2	8.1	3.8	4.0989	1.9	0.6
ClimateId2	12345	27-10-1986	2.6	7.8	2.7	3.9999	2.6	0.6
ClimateId2	12345	28-10-1986	0.1	10.3	5.0	4.5085	1.2	0.8
ClimateId2	12345	29-10-1986	0.0	12.6	0.5	6.9688	1.1	0.6
ClimateId2	12345	30-10-1986	0.0	11.2	2.4	5.7667	1.3	0.5
ClimateId2	12345	31-10-1986	0.0	10.5	4.3	4.4569	1.3	0.7
ClimateId2	12345	01-11-1986	0.0	12.7	1.6	6.3933	1.5	0.6
ClimateId2	12345	02-11-1986	1.4	10.7	3.8	4.6802	1.5	0.5
ClimateId2	12345	03-11-1986	0.2	9.3	3.7	4.0987	3.9	1.3
ClimateId2	12345	04-11-1986	0.0	6.7	-4.3	6.0374	1.5	0.5
ClimateId2	12345	05-11-1986	0.0	10.6	-3.3	6.8578	1.4	0.6
ClimateId2	12345	06-11-1986	0.0	15.0	1.4	6.6824	1.7	0.9
ClimateId2	12345	07-11-1986	0.0	12.1	2.7	5.0885	1.6	0.9
ClimateId2	12345	08-11-1986	0.0	10.8	-1.9	6.1523	1.0	0.5
ClimateId2	12345	09-11-1986	0.0	11.2	-1.6	6.0952	1.3	0.4
ClimateId2	12345	10-11-1986	0.0	10.4	-0.7	5.4885	1.4	0.5
ClimateId2	12345	11-11-1986	0.0	6.2	-2.7	4.5953	0.7	0.2
ClimateId2	12345	12-11-1986	0.0	8.2	-1.1	4.713	0.8	0.3
ClimateId2	12345	13-11-1986	0.0	6.6	-3.2	4.7503	0.8	0.2
ClimateId2	12345	14-11-1986	0.0	12.4	2.3	4.7972	3.3	0.7
ClimateId2	12345	15-11-1986	0.0	18.1	5.9	5.2284	3.6	1.1
ClimateId2	12345	16-11-1986	0.0	9.0	1.9	3.4639	1.1	0.3
ClimateId2	12345	17-11-1986	0.0	5.2	0.9	2.5339	0.6	0.2
ClimateId2	12345	18-11-1986	0.0	6.8	2.7	2.2976	0.9	0.3
ClimateId2	12345	19-11-1986	0.2	6.2	4.4	0.9909	1.2	0.5
ClimateId2	12345	20-11-1986	0.2	5.6	3.5	1.1568	1.8	0.5
ClimateId2	12345	21-11-1986	0.3	5.5	2.7	1.6369	1.5	0.5
ClimateId2	12345	22-11-1986	1.4	5.1	3.0	1.0964	2.0	0.4
ClimateId2	12345	23-11-1986	0.5	9.3	3.0	2.9737	2.3	0.3
ClimateId2	12345	24-11-1986	18.6	6.7	4.0	1.3927	2.2	0.7
ClimateId2	12345	25-11-1986	0.0	10.1	-0.9	4.2765	0.9	0.3
ClimateId2	12345	26-11-1986	0.0	8.0	-1.8	3.8867	1.3	0.2
ClimateId2	12345	27-11-1986	0.0	6.4	0.4	2.7266	1.2	0.3
ClimateId2	12345	28-11-1986	0.0	7.0	-0.6	3.1244	2.7	0.7
ClimateId2	12345	29-11-1986	0.0	6.0	1.7	1.9363	1.4	0.6
ClimateId2	12345	30-11-1986	0.0	3.0	-4.3	2.9814	0.8	0.2
ClimateId2	12345	01-12-1986	0.0	-1.3	-3.7	1.0379	1.2	0.3
ClimateId2	12345	02-12-1986	0.0	0.3	-3.6	1.7084	1.2	0.3
ClimateId2	12345	03-12-1986	0.0	5.3	-3.8	3.3962	1.3	0.3
ClimateId2	12345	04-12-1986	0.0	3.1	-4.4	2.7446	0.8	0.2
ClimateId2	12345	05-12-1986	0.0	4.9	-6.2	3.7485	0.5	0.0
ClimateId2	12345	06-12-1986	0.0	-2.2	-3.9	0.6443	0.3	0.3
ClimateId2	12345	07-12-1986	0.0	0.2	-4.5	1.4386	0.6	0.3
ClimateId2	12345	08-12-1986	0.0	-2.8	-3.8	0.999	1.0	0.3
ClimateId2	12345	09-12-1986	0.0	-2.3	-3.6	0.3444	1.8	0.4
ClimateId2	12345	10-12-1986	0.0	-0.3	-3.2	1.3435	0.9	0.3
ClimateId2	12345	11-12-1986	0.0	-2.2	-3.2	0.1661	1.0	0.4
ClimateId2	12345	12-12-1986	0.0	1.5	-2.4	1.5906	1.0	0.3
ClimateId2	12345	13-12-1986	0.0	-1.7	-3.8	0.7381	1.5	0.4
ClimateId2	12345	14-12-1986	0.0	-0.7	-3.7	1.4023	1.8	0.3
ClimateId2	12345	15-12-1986	8.5	-0.4	-2.1	0.5166	1.8	0.4
ClimateId2	12345	16-12-1986	0.1	1.1	-2.9	1.7113	1.2	0.3
ClimateId2	12345	17-12-1986	0.0	0.6	-5.2	2.3234	1.0	0.2
ClimateId2	12345	18-12-1986	0.0	-0.8	-7.9	2.4583	1.5	0.2
ClimateId2	12345	19-12-1986	5.3	6.0	-4.5	3.3253	2.9	0.3
ClimateId2	12345	20-12-1986	0.0	5.3	-1.1	2.3053	2.8	1.2
ClimateId2	12345	21-12-1986	0.0	5.5	-5.8	3.5252	1.2	0.5
ClimateId2	12345	22-12-1986	0.0	2.5	-6.9	3.0486	1.1	0.4
ClimateId2	12345	23-12-1986	0.0	1.5	-6.9	2.9631	1.4	0.4
ClimateId2	12345	24-12-1986	0.0	-0.8	-7.8	2.4706	1.5	0.4
ClimateId2	12345	25-12-1986	0.0	-3.8	-9.2	2.43	2.1	0.3
ClimateId2	12345	26-12-1986	0.0	-5.7	-15.4	3.1945	1.4	0.1
ClimateId2	12345	27-12-1986	0.0	0.3	-8.9	3.0943	1.1	0.3
ClimateId2	12345	28-12-1986	0.0	3.1	-7.1	3.3104	1.7	0.4
ClimateId2	12345	29-12-1986	0.0	10.0	-2.6	3.8314	2.6	0.7
ClimateId2	12345	30-12-1986	0.0	9.9	3.1	2.4685	2.2	1.0
ClimateId2	12345	31-12-1986	0.0	7.6	-1.4	2.8866	1.8	0.4
ClimateId2	12345	01-01-1987	0.0	8.9	-3.5	3.901	1.5	0.2
ClimateId2	12345	02-01-1987	5.4	5.0	1.1	1.619	1.3	0.4
ClimateId2	12345	03-01-1987	0.2	1.2	-3.1	2.292	3.6	0.8
ClimateId2	12345	04-01-1987	0.0	1.8	-6.3	2.999	2.1	0.6
ClimateId2	12345	05-01-1987	0.0	1.9	-8.3	3.54	1.3	0.2
ClimateId2	12345	06-01-1987	0.0	5.9	-5.3	3.829	1.4	0.3
ClimateId2	12345	07-01-1987	0.0	-0.4	-6.0	2.984	3.2	0.4
ClimateId2	12345	08-01-1987	0.0	-4.3	-11.7	2.919	3.3	0.7
ClimateId2	12345	09-01-1987	0.0	0.0	-12.5	4.262	1.6	0.3
ClimateId2	12345	10-01-1987	1.4	-2.5	-7.4	2.151	1.3	0.3
ClimateId2	12345	11-01-1987	15.3	-2.0	-5.4	3.282	5.4	0.3
ClimateId2	12345	12-01-1987	4.0	-9.6	-5.4	3.306	2.7	0.3
ClimateId2	12345	13-01-1987	0.4	-6.2	-20.3	3.385	0.8	0.1
ClimateId2	12345	14-01-1987	0.1	-11.8	-19.0	3.111	0.9	0.1
ClimateId2	12345	15-01-1987	12.9	-5.2	-11.9	3.014	0.7	0.0
ClimateId2	12345	16-01-1987	0.2	-1.2	-6.3	2.432	0.8	0.2
ClimateId2	12345	17-01-1987	0.0	-0.9	-5.9	2.218	1.2	0.2
ClimateId2	12345	18-01-1987	4.4	1.3	-3.2	2.409	0.7	0.3
ClimateId2	12345	19-01-1987	0.6	-0.4	-3.3	1.633	0.6	0.3
ClimateId2	12345	20-01-1987	0.0	-4.3	-6.7	2.182	1.0	0.3
ClimateId2	12345	21-01-1987	0.0	-1.1	-7.1	3.082	0.8	0.3
ClimateId2	12345	22-01-1987	0.0	-3.4	-15.8	5.089	0.5	0.0
ClimateId2	12345	23-01-1987	0.0	1.7	-8.5	3.747	1.1	0.3
ClimateId2	12345	24-01-1987	0.0	2.9	-3.1	3.286	2.2	0.5
ClimateId2	12345	25-01-1987	0.0	2.9	-5.0	3.969	1.2	0.4
ClimateId2	12345	26-01-1987	0.0	-1.5	-7.8	3.353	1.2	0.2
ClimateId2	12345	27-01-1987	0.0	-0.1	-8.8	4.395	1.8	0.3
ClimateId2	12345	28-01-1987	0.0	-2.4	-11.2	4.471	1.1	0.2
ClimateId2	12345	29-01-1987	0.0	0.3	-11.8	5.57	1.6	0.2
ClimateId2	12345	30-01-1987	0.0	-6.1	-8.6	4.042	1.7	0.5
ClimateId2	12345	31-01-1987	0.0	-6.2	-21.6	6.713	1.1	0.2
ClimateId2	12345	01-02-1987	0.0	-5.2	-18.5	6.166	0.9	0.3
ClimateId2	12345	02-02-1987	0.0	-4.6	-17.8	6.15	0.6	0.2
ClimateId2	12345	03-02-1987	0.0	-3.3	-12.5	4.905	0.8	0.4
ClimateId2	12345	04-02-1987	0.0	-0.8	-16.1	7.149	0.8	0.2
ClimateId2	12345	05-02-1987	0.0	0.8	-14.5	7.294	0.6	0.2
ClimateId2	12345	06-02-1987	0.0	0.5	-11.5	6.283	0.9	0.2
ClimateId2	12345	07-02-1987	0.1	2.9	-7.0	5.727	0.9	0.2
ClimateId2	12345	08-02-1987	0.0	3.9	-3.0	4.61	2.3	0.8
ClimateId2	12345	09-02-1987	0.0	9.2	-3.4	6.932	1.4	0.6
ClimateId2	12345	10-02-1987	0.0	7.9	-2.8	6.419	1.4	0.5
ClimateId2	12345	11-02-1987	0.0	9.3	-0.9	6.353	1.1	0.6
ClimateId2	12345	12-02-1987	0.0	4.9	1.4	5.904	2.1	0.6
ClimateId2	12345	13-02-1987	0.8	6.7	2.0	4.057	1.2	0.5
ClimateId2	12345	14-02-1987	2.6	5.1	1.5	3.433	1.1	0.4
ClimateId2	12345	15-02-1987	3.0	4.4	2.0	2.651	1.1	0.5
ClimateId2	12345	16-02-1987	3.0	3.9	1.5	2.692	1.4	0.6
ClimateId2	12345	17-02-1987	2.7	2.3	0.4	2.355	1.1	0.5
ClimateId2	12345	18-02-1987	4.1	2.0	0.0	2.434	0.7	0.5
ClimateId2	12345	19-02-1987	1.0	1.8	-1.0	3.176	1.5	0.4
ClimateId2	12345	20-02-1987	13.8	3.2	0.9	2.654	2.5	0.4
ClimateId2	12345	21-02-1987	4.8	7.4	0.8	5.835	3.4	1.3
ClimateId2	12345	22-02-1987	0.0	6.3	-5.5	7.462	1.1	0.7
ClimateId2	12345	23-02-1987	0.0	5.7	-6.3	8.477	2.1	0.8
ClimateId2	12345	24-02-1987	0.0	-0.1	-6.8	6.167	2.0	1.0
ClimateId2	12345	25-02-1987	0.0	0.7	-10.4	8.465	1.5	0.7
ClimateId2	12345	26-02-1987	0.0	2.5	-9.4	8.943	1.2	0.7
ClimateId2	12345	27-02-1987	0.0	3.0	-1.2	4.837	1.2	0.9
ClimateId2	12345	28-02-1987	0.5	6.4	-2.0	7.492	1.2	0.8
ClimateId2	12345	01-03-1987	1.3	4.8	-0.8	5.811	1.3	0.6
ClimateId2	12345	02-03-1987	0.6	1.4	-4.3	5.187	2.3	0.7
ClimateId2	12345	03-03-1987	0.4	-6.0	-2.0	8.815	2.5	1.0
ClimateId2	12345	04-03-1987	0.0	-4.0	-18.3	10.875	1.2	0.5
ClimateId2	12345	05-03-1987	0.0	-3.6	-17.5	10.841	1.5	0.5
ClimateId2	12345	06-03-1987	0.0	-2.3	-15.0	10.371	2.2	0.7
ClimateId2	12345	07-03-1987	0.0	-2.7	-12.8	9.307	2.3	0.7
ClimateId2	12345	08-03-1987	1.5	-3.3	-11.3	8.258	1.7	0.6
ClimateId2	12345	09-03-1987	0.0	4.6	-12.0	9.86	4.3	1.0
ClimateId2	12345	10-03-1987	0.0	-1.3	-9.8	8.776	1.9	0.6
ClimateId2	12345	11-03-1987	1.0	1.4	-6.1	8.321	1.1	0.8
ClimateId2	12345	12-03-1987	0.0	0.5	-10.8	10.657	2.2	0.8
ClimateId2	12345	13-03-1987	0.0	1.0	-11.0	11.236	1.6	0.9
ClimateId2	12345	14-03-1987	0.0	1.0	-9.1	10.272	1.7	0.9
ClimateId2	12345	15-03-1987	0.0	2.4	-9.5	11.48	1.6	0.9
ClimateId2	12345	16-03-1987	0.0	3.7	-8.0	11.52	1.3	1.0
ClimateId2	12345	17-03-1987	0.0	5.2	-5.5	11.048	1.6	1.2
ClimateId2	12345	18-03-1987	0.0	10.3	-2.3	12.309	1.8	1.5
ClimateId2	12345	19-03-1987	6.9	2.5	0.0	4.601	1.7	0.7
ClimateId2	12345	20-03-1987	9.4	1.5	-0.3	3.87	1.5	0.6
ClimateId2	12345	21-03-1987	0.0	6.0	-5.8	12.242	1.6	1.2
ClimateId2	12345	22-03-1987	0.0	8.7	-5.6	13.779	1.5	1.4
ClimateId2	12345	23-03-1987	0.0	10.0	-2.2	12.828	1.5	1.6
ClimateId2	12345	24-03-1987	0.0	13.2	-2.8	15.114	1.4	1.7
ClimateId2	12345	25-03-1987	0.0	16.7	2.9	14.113	1.3	2.0
ClimateId2	12345	26-03-1987	0.1	14.9	2.6	13.387	1.3	1.7
ClimateId2	12345	27-03-1987	0.2	15.0	5.2	11.912	1.9	1.9
ClimateId2	12345	28-03-1987	0.0	14.2	5.2	11.346	4.5	2.3
ClimateId2	12345	29-03-1987	15.7	8.5	3.0	8.802	1.6	1.3
ClimateId2	12345	30-03-1987	0.0	6.5	1.9	7.854	5.4	2.3
ClimateId2	12345	31-03-1987	0.0	4.1	2.0	4.628	7.0	2.3
ClimateId2	12345	01-04-1987	3.9	7.6	0.0	10.906	2.1	1.4
ClimateId2	12345	02-04-1987	6.5	5.0	1.9	6.53	1.8	1.0
ClimateId2	12345	03-04-1987	0.2	11.5	1.2	13.255	2.6	1.8
ClimateId2	12345	04-04-1987	0.0	17.5	4.4	15.242	3.8	2.9
ClimateId2	12345	05-04-1987	0.1	17.9	7.2	13.738	3.7	3.4
ClimateId2	12345	06-04-1987	0.4	17.9	4.1	15.955	1.8	2.6
ClimateId2	12345	07-04-1987	0.0	20.0	1.9	18.719	3.0	3.0
ClimateId2	12345	08-04-1987	0.0	20.5	3.2	18.397	2.2	2.8
ClimateId2	12345	09-04-1987	0.0	16.5	9.7	11.211	1.5	2.1
ClimateId2	12345	10-04-1987	1.1	14.9	6.6	11.369	2.6	2.0
ClimateId2	12345	11-04-1987	0.0	12.9	6.5	10.268	4.0	2.7
ClimateId2	12345	12-04-1987	0.0	15.0	2.9	15.745	2.4	2.5
ClimateId2	12345	13-04-1987	0.0	11.9	6.3	10.337	5.0	3.2
ClimateId2	12345	14-04-1987	0.0	13.4	4.1	13.88	3.4	2.7
ClimateId2	12345	15-04-1987	0.0	14.2	3.3	15.192	2.8	2.8
ClimateId2	12345	16-04-1987	0.0	13.5	0.9	16.661	1.2	2.1
ClimateId2	12345	17-04-1987	0.0	18.3	6.5	16.152	1.2	2.6
ClimateId2	12345	18-04-1987	0.0	23.0	3.5	21.436	1.6	3.3
ClimateId2	12345	19-04-1987	0.0	20.3	5.2	18.823	2.1	3.2
ClimateId2	12345	20-04-1987	3.8	20.0	6.7	17.756	1.9	2.8
ClimateId2	12345	21-04-1987	5.8	14.8	7.0	12.817	2.9	2.8
ClimateId2	12345	22-04-1987	0.0	13.1	4.9	13.8	3.1	2.7
ClimateId2	12345	23-04-1987	0.0	14.7	1.1	18.373	2.0	2.6
ClimateId2	12345	24-04-1987	0.0	19.0	0.9	21.61	1.5	2.9
ClimateId2	12345	25-04-1987	0.0	20.9	4.2	20.401	2.0	3.3
ClimateId2	12345	26-04-1987	0.0	19.6	6.8	18.021	3.3	3.3
ClimateId2	12345	27-04-1987	0.6	14.2	6.4	13.978	2.6	2.9
ClimateId2	12345	28-04-1987	0.0	14.5	-0.1	19.855	1.7	2.7
ClimateId2	12345	29-04-1987	0.0	18.0	2.0	20.876	2.2	3.1
ClimateId2	12345	30-04-1987	0.0	20.7	3.7	21.751	1.8	3.4
ClimateId2	12345	01-05-1987	0.0	23.9	5.2	23.007	1.0	3.5
ClimateId2	12345	02-05-1987	0.0	25.0	8.7	21.573	1.9	4.0
ClimateId2	12345	03-05-1987	0.0	22.1	11.7	17.003	2.1	3.4
ClimateId2	12345	04-05-1987	12.8	8.9	6.4	7.506	2.9	1.4
ClimateId2	12345	05-05-1987	1.6	13.4	8.2	11.803	1.7	1.9
ClimateId2	12345	06-05-1987	3.7	13.3	9.1	10.296	3.7	2.1
ClimateId2	12345	07-05-1987	1.9	19.3	8.5	18.124	6.1	3.3
ClimateId2	12345	08-05-1987	0.0	14.8	6.9	15.115	5.0	3.8
ClimateId2	12345	09-05-1987	0.0	19.5	5.7	18.807	2.0	3.3
ClimateId2	12345	10-05-1987	0.0	24.2	4.7	24.694	4.4	4.9
ClimateId2	12345	11-05-1987	4.2	16.2	10.7	12.225	2.1	2.5
ClimateId2	12345	12-05-1987	0.3	18.4	8.3	18.655	2.3	3.4
ClimateId2	12345	13-05-1987	1.1	13.8	9.3	14.394	3.6	2.9
ClimateId2	12345	14-05-1987	4.6	13.1	5.9	14.92	1.6	2.5
ClimateId2	12345	15-05-1987	0.0	17.5	2.7	21.934	3.4	3.4
ClimateId2	12345	16-05-1987	0.0	16.2	9.1	16.766	2.0	3.2
ClimateId2	12345	17-05-1987	0.0	16.8	4.0	20.453	2.3	3.0
ClimateId2	12345	18-05-1987	0.0	18.0	9.7	16.334	2.8	3.1
ClimateId2	12345	19-05-1987	0.0	22.9	7.0	23.109	2.2	4.0
ClimateId2	12345	20-05-1987	4.3	18.8	6.9	19.596	2.7	3.4
ClimateId2	12345	21-05-1987	0.0	12.2	8.0	11.269	4.6	3.5
ClimateId2	12345	22-05-1987	0.0	12.5	5.4	15.185	4.0	3.4
ClimateId2	12345	23-05-1987	3.9	11.0	6.6	11.714	4.0	2.3
ClimateId2	12345	24-05-1987	1.0	20.1	7.3	21.009	1.9	3.6
ClimateId2	12345	25-05-1987	0.0	21.1	9.4	20.014	2.0	3.8
ClimateId2	12345	26-05-1987	1.9	20.8	8.7	20.548	1.6	3.6
ClimateId2	12345	27-05-1987	2.0	23.2	8.4	23.021	2.0	4.0
ClimateId2	12345	28-05-1987	4.5	19.9	11.1	17.325	1.7	3.3
ClimateId2	12345	29-05-1987	0.0	19.0	10.7	17.002	1.5	3.2
ClimateId2	12345	30-05-1987	0.7	17.6	10.6	15.462	4.1	4.1
ClimateId2	12345	31-05-1987	0.0	17.2	8.4	17.594	1.6	3.2
ClimateId2	12345	01-06-1987	0.0	19.7	10.8	18.128	1.4	3.5
ClimateId2	12345	02-06-1987	0.0	22.0	8.1	22.534	1.6	3.9
ClimateId2	12345	03-06-1987	0.1	21.2	10.6	19.628	1.5	3.5
ClimateId2	12345	04-06-1987	5.4	22.2	12.4	18.863	2.5	3.8
ClimateId2	12345	05-06-1987	4.1	20.6	11.2	18.463	1.9	3.7
ClimateId2	12345	06-06-1987	0.0	24.6	8.5	24.54	2.0	4.4
ClimateId2	12345	07-06-1987	0.0	27.9	11.2	25.079	2.7	5.1
ClimateId2	12345	08-06-1987	0.0	26.7	16.7	19.025	4.5	5.6
ClimateId2	12345	09-06-1987	6.1	17.6	11.8	14.096	2.0	2.8
ClimateId2	12345	10-06-1987	0.0	24.9	10.8	23.071	2.5	4.7
ClimateId2	12345	11-06-1987	0.0	25.4	10.5	23.797	1.9	4.6
ClimateId2	12345	12-06-1987	0.0	24.7	10.6	23.196	1.6	4.3
ClimateId2	12345	13-06-1987	0.0	27.7	13.0	23.632	2.4	4.9
ClimateId2	12345	14-06-1987	0.0	29.0	15.8	22.282	2.5	5.1
ClimateId2	12345	15-06-1987	0.0	28.6	15.4	22.312	4.4	5.9
ClimateId2	12345	16-06-1987	6.7	19.5	11.1	17.648	2.7	3.6
ClimateId2	12345	17-06-1987	5.6	17.8	9.2	17.896	2.1	3.3
ClimateId2	12345	18-06-1987	0.9	18.9	5.8	22.307	1.9	3.6
ClimateId2	12345	19-06-1987	0.0	18.0	8.4	18.83	2.2	3.2
ClimateId2	12345	20-06-1987	0.4	19.8	10.9	16.35	1.9	3.3
ClimateId2	12345	21-06-1987	3.9	16.0	12.0	11.683	2.0	2.2
ClimateId2	12345	22-06-1987	1.4	15.9	12.5	10.662	2.2	2.4
ClimateId2	12345	23-06-1987	0.0	22.9	11.2	21.039	1.0	3.9
ClimateId2	12345	24-06-1987	0.0	23.5	11.9	21.034	1.8	4.0
ClimateId2	12345	25-06-1987	0.4	22.8	13.9	18.131	1.6	3.7
ClimateId2	12345	26-06-1987	0.0	25.5	12.5	22.223	3.0	4.5
ClimateId2	12345	27-06-1987	0.4	22.9	13.8	18.35	1.7	3.8
ClimateId2	12345	28-06-1987	0.0	26.1	10.9	24.055	2.2	4.7
ClimateId2	12345	29-06-1987	0.0	27.9	14.0	23.001	1.6	4.7
ClimateId2	12345	30-06-1987	0.0	28.8	15.0	22.783	1.6	4.8
ClimateId2	12345	01-07-1987	0.0	30.1	16.4	22.679	1.8	5.0
ClimateId2	12345	02-07-1987	0.0	29.1	18.7	19.605	2.1	4.6
ClimateId2	12345	03-07-1987	0.0	27.6	16.5	20.286	2.1	4.5
ClimateId2	12345	04-07-1987	0.0	26.8	16.2	19.669	2.0	4.5
ClimateId2	12345	05-07-1987	0.0	24.1	15.3	17.859	2.5	4.3
ClimateId2	12345	06-07-1987	0.0	24.2	10.5	22.582	1.8	4.3
ClimateId2	12345	07-07-1987	0.0	26.5	10.2	24.589	2.0	4.6
ClimateId2	12345	08-07-1987	0.0	28.7	13.2	24.016	2.2	5.0
ClimateId2	12345	09-07-1987	10.4	21.0	16.7	12.016	1.5	2.7
ClimateId2	12345	10-07-1987	0.0	23.8	11.2	21.405	1.7	4.0
ClimateId2	12345	11-07-1987	0.0	25.7	11.7	22.479	1.8	4.4
ClimateId2	12345	12-07-1987	0.0	28.2	12.2	24.154	2.0	4.8
ClimateId2	12345	13-07-1987	4.1	26.8	17.4	20.307	1.9	4.4
ClimateId2	12345	14-07-1987	0.0	25.6	12.5	21.569	1.6	4.1
ClimateId2	12345	15-07-1987	0.0	28.8	16.5	20.827	1.3	4.4
ClimateId2	12345	16-07-1987	3.8	27.3	14.6	20.762	1.5	4.3
ClimateId2	12345	17-07-1987	0.0	30.0	16.6	21.543	3.5	5.4
ClimateId2	12345	18-07-1987	0.0	30.5	17.5	21.137	3.5	5.5
ClimateId2	12345	19-07-1987	0.0	30.1	19.1	19.314	3.2	5.2
ClimateId2	12345	20-07-1987	0.0	27.1	15.4	20.005	2.3	4.4
ClimateId2	12345	21-07-1987	0.0	27.0	13.2	21.762	2.2	4.4
ClimateId2	12345	22-07-1987	0.0	27.5	12.7	22.382	1.6	4.4
ClimateId2	12345	23-07-1987	0.0	31.8	14.7	24.163	2.2	5.3
ClimateId2	12345	24-07-1987	0.0	31.5	15.8	22.969	2.1	5.1
ClimateId2	12345	25-07-1987	27.9	23.4	17.6	13.271	2.0	3.1
ClimateId2	12345	26-07-1987	27.9	16.7	14.5	14.649	2.0	3.1
ClimateId2	12345	27-07-1987	0.0	21.2	6.0	22.245	2.4	3.8
ClimateId2	12345	28-07-1987	1.5	22.7	12.2	18.258	2.0	3.8
ClimateId2	12345	29-07-1987	3.7	22.4	12.6	17.425	1.5	3.3
ClimateId2	12345	30-07-1987	0.0	25.4	11.7	19.725	2.4	4.1
ClimateId2	12345	31-07-1987	4.7	21.9	15.6	13.578	1.7	2.9
ClimateId2	12345	01-08-1987	0.3	23.5	10.7	19.863	1.6	3.6
ClimateId2	12345	02-08-1987	0.9	20.2	14.3	12.941	2.1	2.8
ClimateId2	12345	03-08-1987	16.5	24.1	12.4	19.561	1.6	3.7
ClimateId2	12345	04-08-1987	26.3	19.1	15.6	9.49	1.9	2.0
ClimateId2	12345	05-08-1987	37.0	16.7	10.7	12.895	2.0	2.4
ClimateId2	12345	06-08-1987	0.0	19.1	4.9	20.431	2.0	3.2
ClimateId2	12345	07-08-1987	1.0	16.5	8.9	14.538	0.9	2.2
ClimateId2	12345	08-08-1987	2.5	20.8	12.2	15.412	1.6	2.9
ClimateId2	12345	09-08-1987	0.0	22.2	9.4	19.047	2.0	3.1
ClimateId2	12345	10-08-1987	2.2	22.8	14.1	15.295	1.8	3.1
ClimateId2	12345	11-08-1987	0.1	20.5	12.7	14.359	2.1	2.8
ClimateId2	12345	12-08-1987	0.0	19.4	12.9	12.819	1.6	2.5
ClimateId2	12345	13-08-1987	0.2	19.5	12.9	12.945	1.8	2.5
ClimateId2	12345	14-08-1987	0.0	22.8	10.2	18.209	1.5	3.1
ClimateId2	12345	15-08-1987	1.6	25.5	13.9	17.295	2.0	3.6
ClimateId2	12345	16-08-1987	0.0	22.7	12.7	15.943	1.8	3.2
ClimateId2	12345	17-08-1987	0.0	23.2	13.0	15.937	1.6	3.0
ClimateId2	12345	18-08-1987	0.0	25.0	12.7	17.533	1.9	3.1
ClimateId2	12345	19-08-1987	0.0	26.3	14.4	17.175	1.9	3.6
ClimateId2	12345	20-08-1987	0.1	24.8	15.4	14.861	1.8	3.2
ClimateId2	12345	21-08-1987	0.0	24.4	12.3	16.917	1.8	3.2
ClimateId2	12345	22-08-1987	0.0	24.3	12.4	16.67	1.7	3.1
ClimateId2	12345	23-08-1987	0.0	24.1	11.6	17.001	2.1	3.2
ClimateId2	12345	24-08-1987	0.0	27.0	11.8	18.762	2.4	3.7
ClimateId2	12345	25-08-1987	0.1	25.2	13.3	16.286	2.1	3.1
ClimateId2	12345	26-08-1987	0.0	23.2	13.2	14.743	1.3	2.7
ClimateId2	12345	27-08-1987	0.0	24.7	12.5	16.26	3.0	3.4
ClimateId2	12345	28-08-1987	0.3	23.0	14.3	13.415	2.1	3.1
ClimateId2	12345	29-08-1987	0.0	21.9	12.5	13.817	1.4	2.6
ClimateId2	12345	30-08-1987	0.0	24.4	13.7	14.705	1.3	2.8
ClimateId2	12345	31-08-1987	0.0	25.5	11.9	15.398	1.5	2.8
ClimateId2	12345	01-09-1987	0.0	22.2	15.3	11.334	2.0	2.7
ClimateId2	12345	02-09-1987	0.0	24.4	15.0	13.343	1.3	2.6
ClimateId2	12345	03-09-1987	0.0	25.5	13.3	15.291	1.0	2.7
ClimateId2	12345	04-09-1987	0.0	26.2	13.5	15.423	1.1	2.8
ClimateId2	12345	05-09-1987	0.0	24.2	13.2	14.637	1.7	2.7
ClimateId2	12345	06-09-1987	24.1	18.9	13.2	9.716	2.0	1.8
ClimateId2	12345	07-09-1987	0.0	22.9	9.6	15.292	1.6	2.5
ClimateId2	12345	08-09-1987	0.0	22.1	11.5	13.849	1.5	2.4
ClimateId2	12345	09-09-1987	0.4	19.5	12.1	10.838	1.6	2.0
ClimateId2	12345	10-09-1987	0.3	22.2	10.7	13.777	1.6	2.3
ClimateId2	12345	11-09-1987	0.0	23.4	10.4	14.595	1.5	2.3
ClimateId2	12345	12-09-1987	0.2	24.8	11.6	14.543	1.6	2.4
ClimateId2	12345	13-09-1987	0.0	28.5	13.5	15.417	1.6	2.8
ClimateId2	12345	14-09-1987	0.0	30.1	13.7	15.99	1.5	3.0
ClimateId2	12345	15-09-1987	0.0	26.8	15.7	12.729	1.7	2.6
ClimateId2	12345	16-09-1987	0.0	23.9	16.1	10.346	1.5	2.4
ClimateId2	12345	17-09-1987	0.0	25.5	12.9	13.4	1.0	2.2
ClimateId2	12345	18-09-1987	0.0	28.7	14.9	13.92	1.1	2.6
ClimateId2	12345	19-09-1987	0.0	25.8	13.7	12.79	1.5	2.3
ClimateId2	12345	20-09-1987	0.0	29.0	15.0	13.665	1.8	2.8
ClimateId2	12345	21-09-1987	0.0	24.0	15.7	10.178	1.3	2.1
ClimateId2	12345	22-09-1987	0.0	25.4	14.7	11.504	1.6	2.3
ClimateId2	12345	23-09-1987	0.0	26.7	13.5	12.787	1.3	2.3
ClimateId2	12345	24-09-1987	3.6	19.8	11.8	8.865	1.8	1.6
ClimateId2	12345	25-09-1987	0.0	20.3	13.1	8.858	1.4	1.7
ClimateId2	12345	26-09-1987	0.0	24.2	14.1	10.572	3.0	2.2
ClimateId2	12345	27-09-1987	16.3	15.7	8.8	10.535	2.8	1.6
ClimateId2	12345	28-09-1987	0.0	13.8	4.8	9.656	1.1	1.1
ClimateId2	12345	29-09-1987	0.0	13.1	6.0	8.279	1.9	1.5
ClimateId2	12345	30-09-1987	0.0	12.5	3.0	9.72	1.6	1.3
ClimateId2	12345	01-10-1987	0.0	13.9	1.3	11.198	1.3	1.2
ClimateId2	12345	02-10-1987	0.0	12.9	1.5	10.448	1.2	1.1
ClimateId2	12345	03-10-1987	0.0	13.4	3.5	9.514	1.6	1.1
ClimateId2	12345	04-10-1987	0.0	14.2	4.6	9.195	1.4	1.2
ClimateId2	12345	05-10-1987	0.0	18.0	4.3	11.139	1.9	1.4
ClimateId2	12345	06-10-1987	0.0	20.0	9.4	9.253	2.9	1.8
ClimateId2	12345	07-10-1987	0.1	22.4	12.0	9.204	1.9	1.8
ClimateId2	12345	08-10-1987	0.0	21.2	9.2	9.824	3.7	2.0
ClimateId2	12345	09-10-1987	3.5	15.4	9.0	6.646	1.4	1.1
ClimateId2	12345	10-10-1987	0.0	18.2	7.8	8.853	1.8	1.2
ClimateId2	12345	11-10-1987	0.0	22.1	10.4	9.277	2.1	1.5
ClimateId2	12345	12-10-1987	3.5	18.7	13.4	5.783	2.6	1.5
ClimateId2	12345	13-10-1987	0.5	11.9	8.7	4.008	1.9	1.1
ClimateId2	12345	14-10-1987	0.0	17.0	4.5	9.255	1.6	1.2
ClimateId2	12345	15-10-1987	0.0	19.5	5.4	9.723	3.8	1.5
ClimateId2	12345	16-10-1987	0.0	22.7	11.7	8.156	4.2	2.2
ClimateId2	12345	17-10-1987	0.0	17.7	9.4	6.971	1.5	0.9
ClimateId2	12345	18-10-1987	2.2	12.2	11.2	1.524	2.6	1.0
ClimateId2	12345	19-10-1987	0.0	16.3	8.3	6.538	1.1	1.0
ClimateId2	12345	20-10-1987	0.0	12.4	9.0	3.777	2.0	0.8
ClimateId2	12345	21-10-1987	0.0	12.1	9.0	3.438	1.4	0.7
ClimateId2	12345	22-10-1987	0.0	13.1	10.0	3.408	1.0	0.7
ClimateId2	12345	23-10-1987	5.3	12.7	9.3	3.534	1.0	0.6
ClimateId2	12345	24-10-1987	3.3	13.0	8.9	3.942	1.3	0.6
ClimateId2	12345	25-10-1987	0.3	13.5	10.2	3.33	1.0	0.6
ClimateId2	12345	26-10-1987	2.0	10.5	5.0	6.238	1.6	0.7
ClimateId2	12345	27-10-1987	0.8	10.5	6.5	3.543	1.0	0.7
ClimateId2	12345	28-10-1987	0.0	8.5	4.2	3.649	1.9	0.7
ClimateId2	12345	29-10-1987	0.0	4.5	1.9	2.38	1.7	0.7
ClimateId2	12345	30-10-1987	0.0	5.0	2.3	2.638	0.6	0.6
ClimateId2	12345	31-10-1987	0.0	8.8	1.7	5.737	0.8	0.7
ClimateId2	12345	01-11-1987	0.0	8.0	-2.0	6.016	1.0	0.4
ClimateId2	12345	02-11-1987	2.4	7.0	3.0	3.2	1.1	0.4
ClimateId2	12345	03-11-1987	0.7	8.9	5.8	2.499	2.0	0.8
ClimateId2	12345	04-11-1987	0.0	8.7	1.7	4.466	1.9	0.9
ClimateId2	12345	05-11-1987	0.0	9.0	-1.0	5.554	1.5	0.6
ClimateId2	12345	06-11-1987	0.0	9.1	-2.7	6.1	1.1	0.3
ClimateId2	12345	07-11-1987	0.0	4.4	-2.1	4.121	1.0	0.2
ClimateId2	12345	08-11-1987	0.0	8.6	1.7	4.164	1.4	0.6
ClimateId2	12345	09-11-1987	0.0	2.7	0.0	1.994	0.7	0.3
ClimateId2	12345	10-11-1987	0.2	3.3	1.7	3.012	1.2	0.4
ClimateId2	12345	11-11-1987	3.6	7.2	2.5	3.051	2.2	0.4
ClimateId2	12345	12-11-1987	0.2	9.1	2.6	3.644	2.2	0.5
ClimateId2	12345	13-11-1987	0.2	11.9	2.4	4.67	1.9	0.4
ClimateId2	12345	14-11-1987	23.2	6.9	3.5	3.946	2.4	0.5
ClimateId2	12345	15-11-1987	2.2	6.1	2.4	2.354	1.3	0.4
ClimateId2	12345	16-11-1987	0.2	3.8	-2.0	3.156	1.3	0.2
ClimateId2	12345	17-11-1987	6.0	8.6	-0.5	4.277	1.3	0.2
ClimateId2	12345	18-11-1987	0.0	11.7	1.4	4.535	2.5	0.7
ClimateId2	12345	19-11-1987	0.0	9.9	-0.2	4.411	1.4	0.4
ClimateId2	12345	20-11-1987	0.0	9.0	2.8	3.11	2.0	0.7
ClimateId2	12345	21-11-1987	0.0	8.2	-1.1	3.996	1.9	0.5
ClimateId2	12345	22-11-1987	0.0	8.2	0.8	2.998	1.8	0.8
ClimateId2	12345	23-11-1987	0.0	7.5	-2.6	4.171	1.7	0.4
ClimateId2	12345	24-11-1987	4.1	4.1	1.2	1.579	1.0	0.3
ClimateId2	12345	25-11-1987	4.7	11.9	3.7	3.507	2.6	0.7
ClimateId2	12345	26-11-1987	3.6	7.5	0.4	3.109	1.6	0.3
ClimateId2	12345	27-11-1987	1.4	7.2	2.5	2.168	1.8	0.3
ClimateId2	12345	28-11-1987	7.9	4.9	1.7	1.5	1.6	0.5
ClimateId2	12345	29-11-1987	0.9	4.6	2.6	0.956	1.5	0.5
ClimateId2	12345	30-11-1987	11.6	4.9	3.1	0.8	2.2	0.4
ClimateId2	12345	01-12-1987	5.5	4.8	-1.7	2.708	1.5	0.3
ClimateId2	12345	02-12-1987	0.3	2.5	1.1	0.454	1.8	0.7
ClimateId2	12345	03-12-1987	0.0	3.4	0.2	1.457	1.0	0.5
ClimateId2	12345	04-12-1987	0.0	2.9	1.2	0.706	2.3	0.6
ClimateId2	12345	05-12-1987	0.0	5.4	-1.5	2.649	1.8	0.4
ClimateId2	12345	06-12-1987	2.0	3.7	-1.6	2.184	0.4	0.2
ClimateId2	12345	07-12-1987	0.2	5.2	0.2	2.036	1.6	0.4
ClimateId2	12345	08-12-1987	3.4	-1.3	-2.7	2.479	2.5	0.3
ClimateId2	12345	09-12-1987	0.0	-3.5	-9.3	2.275	1.3	0.3
ClimateId2	12345	10-12-1987	0.0	-1.4	-8.5	2.648	1.3	0.3
ClimateId2	12345	11-12-1987	0.0	4.2	-12.1	4.628	1.6	0.1
ClimateId2	12345	12-12-1987	0.0	2.0	-6.0	2.817	1.5	0.3
ClimateId2	12345	13-12-1987	0.0	-0.8	-7.9	2.577	1.1	0.1
ClimateId2	12345	14-12-1987	0.2	-2.1	-4.3	0.814	1.5	0.3
ClimateId2	12345	15-12-1987	0.0	-2.9	-3.5	0.039	1.5	0.4
ClimateId2	12345	16-12-1987	0.0	0.8	-3.6	1.709	1.5	0.3
ClimateId2	12345	17-12-1987	0.3	1.7	-2.7	1.679	1.3	0.2
ClimateId2	12345	18-12-1987	0.4	3.7	-1.1	1.798	1.5	0.2
ClimateId2	12345	19-12-1987	1.9	8.3	0.8	2.625	1.8	0.3
ClimateId2	12345	20-12-1987	0.0	8.1	0.0	2.763	1.3	0.4
ClimateId2	12345	21-12-1987	0.2	11.9	0.5	3.475	1.5	0.4
ClimateId2	12345	22-12-1987	0.0	9.4	2.0	2.494	1.0	0.3
ClimateId2	12345	23-12-1987	0.0	5.7	-1.6	2.566	1.5	0.3
ClimateId2	12345	24-12-1987	0.0	3.7	-1.5	2.637	1.3	0.3
ClimateId2	12345	25-12-1987	0.0	2.5	-4.8	2.586	1.1	0.2
ClimateId2	12345	26-12-1987	0.0	-2.2	-5.0	0.966	1.0	0.3
ClimateId2	12345	27-12-1987	0.0	2.4	-4.5	2.472	1.0	0.1
ClimateId2	12345	28-12-1987	0.0	13.4	-0.1	4.038	1.5	0.5
ClimateId2	12345	29-12-1987	0.0	13.1	3.5	3.211	1.7	0.8
ClimateId2	12345	30-12-1987	0.0	10.7	-1.1	3.726	1.5	0.4
ClimateId2	12345	31-12-1987	0.0	8.5	-0.9	3.214	1.4	0.3
ClimateId2	12345	01-01-1988	0.0	1.4	-2.9	1.759	1.0	0.2
ClimateId2	12345	02-01-1988	0.0	4.4	-4.0	2.997	1.2	0.1
ClimateId2	12345	03-01-1988	0.2	7.7	1.2	2.478	1.4	0.5
ClimateId2	12345	04-01-1988	0.4	7.4	-1.3	3.124	1.7	0.2
ClimateId2	12345	05-01-1988	0.0	9.8	-1.0	3.65	1.3	0.3
ClimateId2	12345	06-01-1988	0.0	14.7	-0.5	4.644	2.9	0.6
ClimateId2	12345	07-01-1988	13.5	6.7	4.2	0.94	2.5	0.7
ClimateId2	12345	08-01-1988	0.0	7.4	0.3	2.807	1.4	0.5
ClimateId2	12345	09-01-1988	0.0	7.1	-2.5	3.536	1.3	0.4
ClimateId2	12345	10-01-1988	0.0	4.2	-5.1	3.526	1.1	0.2
ClimateId2	12345	11-01-1988	0.0	0.4	-3.6	1.885	0.8	0.2
ClimateId2	12345	12-01-1988	0.0	5.7	-5.2	4.026	1.4	0.3
ClimateId2	12345	13-01-1988	0.0	2.0	-6.2	3.377	1.3	0.2
ClimateId2	12345	14-01-1988	0.0	-2.1	-3.4	1.677	1.6	0.4
ClimateId2	12345	15-01-1988	0.0	-2.5	-3.4	0.259	1.6	0.4
ClimateId2	12345	16-01-1988	0.0	-1.2	-3.1	0.961	1.1	0.3
ClimateId2	12345	17-01-1988	0.0	-1.0	-3.1	1.144	0.8	0.3
ClimateId2	12345	18-01-1988	0.0	0.2	-2.8	1.655	0.7	0.2
ClimateId2	12345	19-01-1988	0.2	1.9	-0.4	1.283	1.1	0.3
ClimateId2	12345	20-01-1988	0.2	1.2	0.0	0.621	1.4	0.4
ClimateId2	12345	21-01-1988	0.6	1.7	0.3	0.755	0.9	0.4
ClimateId2	12345	22-01-1988	1.5	2.4	-0.1	1.549	1.2	0.3
ClimateId2	12345	23-01-1988	1.7	3.5	-2.7	3.244	1.0	0.4
ClimateId2	12345	24-01-1988	0.0	2.3	-3.7	3.249	1.6	0.3
ClimateId2	12345	25-01-1988	0.0	5.5	-2.5	3.999	2.6	0.4
ClimateId2	12345	26-01-1988	7.6	10.2	2.7	3.953	1.6	0.5
ClimateId2	12345	27-01-1988	0.0	10.8	-2.3	5.715	1.5	0.4
ClimateId2	12345	28-01-1988	0.0	8.8	-0.8	4.778	1.9	0.4
ClimateId2	12345	29-01-1988	0.0	14.7	3.9	5.096	4.3	1.3
ClimateId2	12345	30-01-1988	6.8	5.3	-4.4	4.768	1.9	0.5
ClimateId2	12345	31-01-1988	0.0	5.9	-0.7	4.895	2.3	0.6
ClimateId2	12345	01-02-1988	0.0	7.7	-1.8	5.077	2.8	1.0
ClimateId2	12345	02-02-1988	4.0	4.5	-2.5	5.18	1.8	0.5
ClimateId2	12345	03-02-1988	0.0	9.4	-3.5	6.385	1.6	0.4
ClimateId2	12345	04-02-1988	0.0	9.0	-3.7	6.444	2.9	0.6
ClimateId2	12345	05-02-1988	0.0	11.5	1.3	5.669	2.6	0.9
ClimateId2	12345	06-02-1988	0.0	11.7	-0.4	6.433	3.0	0.7
ClimateId2	12345	07-02-1988	0.0	16.3	7.2	5.478	4.0	1.7
ClimateId2	12345	08-02-1988	10.0	5.4	0.0	3.84	2.1	0.6
ClimateId2	12345	09-02-1988	2.0	8.2	0.7	5.102	2.2	1.1
ClimateId2	12345	10-02-1988	4.8	3.0	0.3	2.524	1.9	0.5
ClimateId2	12345	11-02-1988	4.1	4.2	-2.1	4.675	1.7	0.4
ClimateId2	12345	12-02-1988	0.7	5.8	-2.3	5.506	1.6	0.4
ClimateId2	12345	13-02-1988	11.7	5.4	2.2	3.086	4.7	1.6
ClimateId2	12345	14-02-1988	0.0	7.4	-0.5	5.706	2.1	1.0
ClimateId2	12345	15-02-1988	0.0	7.9	-3.9	7.433	1.5	0.6
ClimateId2	12345	16-02-1988	0.0	7.4	-4.1	7.393	2.0	0.6
ClimateId2	12345	17-02-1988	0.0	5.3	-5.5	7.272	1.5	0.5
ClimateId2	12345	18-02-1988	0.0	8.6	-2.7	7.61	2.6	1.0
ClimateId2	12345	19-02-1988	0.0	8.6	-1.3	7.195	2.4	1.0
ClimateId2	12345	20-02-1988	0.4	5.4	-1.9	6.911	2.4	0.7
ClimateId2	12345	21-02-1988	0.0	2.0	-6.9	6.986	1.8	0.7
ClimateId2	12345	22-02-1988	0.0	8.4	-5.6	9.157	2.2	0.9
ClimateId2	12345	23-02-1988	0.0	7.0	-4.5	8.353	2.1	0.8
ClimateId2	12345	24-02-1988	3.3	3.3	0.2	3.783	2.4	0.7
ClimateId2	12345	25-02-1988	0.4	5.4	-0.5	5.769	3.3	1.3
ClimateId2	12345	26-02-1988	0.0	4.0	-5.2	7.694	3.6	1.0
ClimateId2	12345	27-02-1988	1.5	2.5	0.2	2.946	6.1	1.4
ClimateId2	12345	28-02-1988	0.4	5.9	-1.4	6.912	1.6	0.8
ClimateId2	12345	29-02-1988	0.0	4.7	-3.3	7.408	2.1	0.8
ClimateId2	12345	01-03-1988	0.0	6.9	-3.7	8.883	2.0	1.1
ClimateId2	12345	02-03-1988	0.0	3.8	-4.0	7.536	2.3	1.2
ClimateId2	12345	03-03-1988	0.0	6.4	-5.9	10.006	1.9	1.1
ClimateId2	12345	04-03-1988	0.0	9.2	-4.6	10.821	2.0	1.1
ClimateId2	12345	05-03-1988	4.6	6.6	-0.7	6.943	1.8	0.9
ClimateId2	12345	06-03-1988	1.6	6.7	0.1	7.305	1.8	1.1
ClimateId2	12345	07-03-1988	0.0	4.2	-2.8	7.611	1.6	0.8
ClimateId2	12345	08-03-1988	0.0	4.9	-4.0	8.878	4.1	1.6
ClimateId2	12345	09-03-1988	0.0	6.6	-1.9	8.203	8.0	2.1
ClimateId2	12345	10-03-1988	0.0	6.8	-2.1	9.184	4.1	2.2
ClimateId2	12345	11-03-1988	0.0	9.4	-1.6	10.411	2.1	1.4
ClimateId2	12345	12-03-1988	0.0	12.3	-2.8	12.675	3.0	1.7
ClimateId2	12345	13-03-1988	0.0	3.9	-1.5	7.222	1.8	0.8
ClimateId2	12345	14-03-1988	0.0	11.7	-0.6	11.463	2.2	1.5
ClimateId2	12345	15-03-1988	0.0	6.4	-0.6	9.082	1.6	1.1
ClimateId2	12345	16-03-1988	0.0	13.0	-1.2	12.635	2.4	1.6
ClimateId2	12345	17-03-1988	0.0	14.4	1.9	12.25	2.6	2.0
ClimateId2	12345	18-03-1988	1.4	4.1	0.3	8.444	2.2	1.5
ClimateId2	12345	19-03-1988	0.0	9.4	-3.6	12.79	2.5	1.8
ClimateId2	12345	20-03-1988	0.0	8.3	-2.0	11.391	1.0	1.2
ClimateId2	12345	21-03-1988	0.0	11.4	-1.0	12.737	1.4	1.4
ClimateId2	12345	22-03-1988	9.2	8.2	3.6	7.381	1.3	0.9
ClimateId2	12345	23-03-1988	2.3	14.0	4.0	11.694	1.8	1.8
ClimateId2	12345	24-03-1988	1.0	11.3	0.7	12.171	2.1	1.5
ClimateId2	12345	25-03-1988	0.2	9.4	1.7	10.328	1.8	1.4
ClimateId2	12345	26-03-1988	0.9	13.3	0.9	13.258	2.5	1.9
ClimateId2	12345	27-03-1988	0.2	12.4	-1.1	14.369	2.7	2.0
ClimateId2	12345	28-03-1988	0.0	9.6	-0.9	12.697	3.2	2.0
ClimateId2	12345	29-03-1988	0.0	13.0	-3.0	16.123	1.9	1.9
ClimateId2	12345	30-03-1988	0.0	15.3	-0.3	16.062	3.9	2.6
ClimateId2	12345	31-03-1988	3.3	11.9	5.4	9.967	2.1	1.7
ClimateId2	12345	01-04-1988	0.0	12.6	1.4	13.883	1.9	2.0
ClimateId2	12345	02-04-1988	0.0	12.2	-0.5	14.869	1.7	1.8
ClimateId2	12345	03-04-1988	0.0	14.4	-0.6	16.389	1.7	1.9
ClimateId2	12345	04-04-1988	0.0	12.9	5.3	11.463	1.5	1.8
ClimateId2	12345	05-04-1988	1.3	10.0	7.0	6.759	1.5	1.2
ClimateId2	12345	06-04-1988	0.9	12.5	7.3	9.32	1.9	1.6
ClimateId2	12345	07-04-1988	3.4	11.0	8.2	6.579	1.9	1.5
ClimateId2	12345	08-04-1988	0.1	17.3	5.1	15.44	2.0	2.3
ClimateId2	12345	09-04-1988	1.2	18.4	5.3	16.15	1.6	2.4
ClimateId2	12345	10-04-1988	7.9	9.9	3.2	12.092	2.7	2.1
ClimateId2	12345	11-04-1988	0.0	13.9	0.8	16.0	2.2	2.3
ClimateId2	12345	12-04-1988	0.0	19.9	-0.3	20.953	2.3	2.8
ClimateId2	12345	13-04-1988	0.0	17.2	9.0	13.054	3.9	3.0
ClimateId2	12345	14-04-1988	0.0	9.4	1.2	13.099	6.2	3.4
ClimateId2	12345	15-04-1988	0.0	11.9	-2.7	18.053	1.4	2.3
ClimateId2	12345	16-04-1988	0.0	14.6	-2.6	17.464	1.8	2.5
ClimateId2	12345	17-04-1988	0.0	12.7	-1.0	17.768	1.7	2.3
ClimateId2	12345	18-04-1988	0.0	18.7	0.0	19.479	1.5	2.8
ClimateId2	12345	19-04-1988	0.0	21.4	7.1	18.441	1.9	3.3
ClimateId2	12345	20-04-1988	0.0	22.0	7.7	18.624	2.5	3.5
ClimateId2	12345	21-04-1988	0.6	17.1	11.2	11.621	2.1	2.4
ClimateId2	12345	22-04-1988	4.8	19.4	7.7	16.922	1.7	2.9
ClimateId2	12345	23-04-1988	5.6	17.4	5.2	17.465	3.3	3.2
ClimateId2	12345	24-04-1988	18.8	7.6	-0.6	14.159	2.2	2.1
ClimateId2	12345	25-04-1988	0.0	11.2	-2.9	19.154	2.1	2.3
ClimateId2	12345	26-04-1988	0.0	15.4	-0.7	20.69	1.6	2.6
ClimateId2	12345	27-04-1988	0.0	16.9	2.3	19.791	1.9	2.8
ClimateId2	12345	28-04-1988	0.0	14.0	5.0	15.301	1.7	2.2
ClimateId2	12345	29-04-1988	1.7	14.0	9.5	10.469	2.0	2.0
ClimateId2	12345	30-04-1988	1.7	15.2	9.4	12.119	1.7	2.2
ClimateId2	12345	01-05-1988	0.0	19.5	7.9	17.906	2.3	3.2
ClimateId2	12345	02-05-1988	0.0	21.2	8.2	19.071	4.6	4.2
ClimateId2	12345	03-05-1988	0.6	19.2	10.4	15.546	5.0	3.9
ClimateId2	12345	04-05-1988	0.0	21.7	3.9	22.941	2.5	3.8
ClimateId2	12345	05-05-1988	11.9	19.9	11.0	15.831	1.5	3.0
ClimateId2	12345	06-05-1988	0.0	20.6	7.9	19.174	1.9	3.3
ClimateId2	12345	07-05-1988	0.0	21.3	8.4	19.731	1.5	3.4
ClimateId2	12345	08-05-1988	0.0	16.4	12.0	10.346	1.5	2.3
ClimateId2	12345	09-05-1988	0.0	19.8	8.2	19.163	1.7	3.4
ClimateId2	12345	10-05-1988	0.4	20.3	4.8	22.047	2.0	3.6
ClimateId2	12345	11-05-1988	0.0	16.0	7.7	15.87	2.4	3.3
ClimateId2	12345	12-05-1988	0.0	19.1	3.5	22.323	2.0	3.4
ClimateId2	12345	13-05-1988	0.4	18.3	9.2	16.768	1.7	3.0
ClimateId2	12345	14-05-1988	1.6	16.6	11.9	11.143	2.3	2.4
ClimateId2	12345	15-05-1988	0.7	16.1	11.2	12.125	1.6	2.4
ClimateId2	12345	16-05-1988	0.0	21.8	9.2	20.346	1.1	3.4
ClimateId2	12345	17-05-1988	0.0	24.2	8.9	22.615	2.1	4.0
ClimateId2	12345	18-05-1988	0.0	23.4	11.2	20.192	1.9	3.8
ClimateId2	12345	19-05-1988	1.3	22.5	9.7	20.73	2.1	3.7
ClimateId2	12345	20-05-1988	14.0	22.0	9.1	20.877	1.8	3.6
ClimateId2	12345	21-05-1988	1.4	17.9	9.9	15.817	4.6	4.1
ClimateId2	12345	22-05-1988	0.0	16.2	8.1	16.399	3.3	3.8
ClimateId2	12345	23-05-1988	0.0	17.4	5.7	19.94	2.2	3.3
ClimateId2	12345	24-05-1988	0.0	21.4	6.9	22.641	1.4	3.7
ClimateId2	12345	25-05-1988	0.0	22.5	8.5	22.175	1.7	3.9
ClimateId2	12345	26-05-1988	1.1	22.7	10.0	21.173	2.1	3.8
ClimateId2	12345	27-05-1988	9.5	21.4	11.2	18.912	1.7	3.4
ClimateId2	12345	28-05-1988	0.0	21.9	9.0	21.37	1.9	3.6
ClimateId2	12345	29-05-1988	0.0	22.5	9.9	21.294	2.0	3.8
ClimateId2	12345	30-05-1988	1.9	22.3	10.2	20.857	2.1	3.8
ClimateId2	12345	31-05-1988	0.4	19.4	11.7	16.347	2.0	3.2
ClimateId2	12345	01-06-1988	9.0	14.9	10.7	11.843	2.2	2.2
ClimateId2	12345	02-06-1988	0.0	18.3	8.1	19.155	2.6	3.7
ClimateId2	12345	03-06-1988	0.0	22.9	9.5	22.216	1.8	4.0
ClimateId2	12345	04-06-1988	0.0	27.9	9.7	26.165	2.4	5.1
ClimateId2	12345	05-06-1988	8.1	16.6	11.9	16.591	2.1	3.5
ClimateId2	12345	06-06-1988	18.0	21.5	12.1	18.515	1.9	3.6
ClimateId2	12345	07-06-1988	0.2	22.0	8.8	22.22	1.9	3.9
ClimateId2	12345	08-06-1988	0.2	22.8	8.0	23.578	1.6	4.1
ClimateId2	12345	09-06-1988	0.0	25.3	9.9	24.168	1.4	4.4
ClimateId2	12345	10-06-1988	0.0	26.4	12.1	23.308	2.1	4.7
ClimateId2	12345	11-06-1988	3.6	23.2	14.4	18.026	2.0	3.9
ClimateId2	12345	12-06-1988	2.2	20.2	13.0	16.058	1.6	3.0
ClimateId2	12345	13-06-1988	3.8	19.4	11.5	16.998	1.7	3.3
ClimateId2	12345	14-06-1988	0.0	25.0	8.3	25.389	2.1	4.6
ClimateId2	12345	15-06-1988	1.3	24.7	13.7	20.311	1.6	4.1
ClimateId2	12345	16-06-1988	5.9	22.6	12.6	19.284	1.9	3.7
ClimateId2	12345	17-06-1988	0.0	22.0	12.5	18.811	1.9	4.0
ClimateId2	12345	18-06-1988	0.0	23.7	9.6	23.226	2.0	4.4
ClimateId2	12345	19-06-1988	1.2	23.4	13.4	19.36	2.1	4.1
ClimateId2	12345	20-06-1988	0.6	20.6	10.9	19.005	1.9	3.5
ClimateId2	12345	21-06-1988	0.0	22.8	11.1	21.071	1.3	4.0
ClimateId2	12345	22-06-1988	0.0	24.2	11.2	22.178	1.8	4.4
ClimateId2	12345	23-06-1988	6.6	20.8	13.1	16.398	1.7	3.3
ClimateId2	12345	24-06-1988	0.0	19.7	7.1	21.859	2.1	3.8
ClimateId2	12345	25-06-1988	0.0	21.0	10.2	20.05	1.5	3.6
ClimateId2	12345	26-06-1988	0.0	20.8	13.2	16.611	1.2	3.2
ClimateId2	12345	27-06-1988	0.0	24.7	9.1	24.373	2.1	4.3
ClimateId2	12345	28-06-1988	0.0	26.6	12.6	23.061	2.0	4.6
ClimateId2	12345	29-06-1988	1.9	26.0	13.0	22.102	1.3	4.2
ClimateId2	12345	30-06-1988	0.0	28.2	12.5	24.503	1.8	4.8
ClimateId2	12345	01-07-1988	0.0	24.3	14.4	19.654	2.0	3.9
ClimateId2	12345	02-07-1988	12.7	21.7	15.3	14.979	2.4	3.3
ClimateId2	12345	03-07-1988	0.0	26.3	12.4	22.852	2.8	4.7
ClimateId2	12345	04-07-1988	1.1	27.7	12.2	24.118	2.7	5.0
ClimateId2	12345	05-07-1988	0.0	31.0	17.0	22.619	3.5	5.9
ClimateId2	12345	06-07-1988	0.0	32.4	16.9	24.019	2.9	6.0
ClimateId2	12345	07-07-1988	0.0	29.7	14.4	23.792	2.2	5.1
ClimateId2	12345	08-07-1988	1.3	26.7	14.7	19.816	2.3	4.3
ClimateId2	12345	09-07-1988	6.1	26.3	14.4	20.744	2.0	4.5
ClimateId2	12345	10-07-1988	0.4	25.4	12.5	21.643	2.0	4.5
ClimateId2	12345	11-07-1988	0.0	26.9	13.4	22.034	1.5	4.5
ClimateId2	12345	12-07-1988	6.0	22.6	14.7	16.545	2.0	3.5
ClimateId2	12345	13-07-1988	0.0	26.3	14.1	20.055	2.3	4.2
ClimateId2	12345	14-07-1988	3.3	21.2	14.7	14.595	2.1	3.1
ClimateId2	12345	15-07-1988	5.4	22.0	12.9	16.863	2.1	3.6
ClimateId2	12345	16-07-1988	0.0	21.9	7.9	22.123	1.7	3.8
ClimateId2	12345	17-07-1988	2.3	22.9	11.2	20.127	1.5	3.8
ClimateId2	12345	18-07-1988	0.5	23.6	12.9	19.14	1.9	3.8
ClimateId2	12345	19-07-1988	0.8	22.9	13.4	17.807	1.6	3.5
ClimateId2	12345	20-07-1988	0.7	25.4	12.8	20.587	1.5	4.0
ClimateId2	12345	21-07-1988	0.0	28.7	12.7	23.434	1.6	4.6
ClimateId2	12345	22-07-1988	1.3	30.0	17.6	20.371	1.6	4.6
ClimateId2	12345	23-07-1988	0.0	32.2	16.8	22.755	1.4	5.0
ClimateId2	12345	24-07-1988	0.0	33.4	17.3	23.176	2.5	5.6
ClimateId2	12345	25-07-1988	0.0	28.2	18.7	17.431	2.8	4.9
ClimateId2	12345	26-07-1988	0.0	30.9	14.1	19.923	1.9	4.1
ClimateId2	12345	27-07-1988	0.0	28.9	15.2	21.522	2.3	4.7
ClimateId2	12345	28-07-1988	4.9	25.4	15.1	17.948	1.9	4.2
ClimateId2	12345	29-07-1988	0.0	28.5	12.3	22.78	2.8	4.8
ClimateId2	12345	30-07-1988	6.0	22.9	15.9	14.444	2.0	3.6
ClimateId2	12345	31-07-1988	0.0	25.5	10.6	21.514	1.4	3.9
ClimateId2	12345	01-08-1988	0.0	28.4	12.3	22.337	2.6	4.6
ClimateId2	12345	02-08-1988	0.0	31.1	14.4	22.638	2.2	4.9
ClimateId2	12345	03-08-1988	0.0	32.1	15.1	21.048	2.8	4.8
ClimateId2	12345	04-08-1988	1.6	15.2	10.6	11.106	2.2	2.1
ClimateId2	12345	05-08-1988	0.7	23.4	10.1	19.768	1.9	3.8
ClimateId2	12345	06-08-1988	0.0	24.4	8.5	21.496	1.6	3.8
ClimateId2	12345	07-08-1988	0.0	26.2	10.8	21.138	1.6	3.9
ClimateId2	12345	08-08-1988	0.0	27.8	13.0	20.555	1.4	4.0
ClimateId2	12345	09-08-1988	2.6	27.8	14.7	19.134	2.1	4.1
ClimateId2	12345	10-08-1988	0.0	28.3	12.2	21.171	1.5	4.1
ClimateId2	12345	11-08-1988	0.0	31.8	13.9	22.301	1.3	4.5
ClimateId2	12345	12-08-1988	0.0	31.4	16.0	20.475	1.6	4.4
ClimateId2	12345	13-08-1988	0.0	30.6	14.7	20.65	1.5	4.3
ClimateId2	12345	14-08-1988	0.0	31.0	16.0	19.863	1.5	4.3
ClimateId2	12345	15-08-1988	0.0	33.3	16.9	20.669	2.1	4.8
ClimateId2	12345	16-08-1988	1.3	30.9	16.1	19.437	1.7	4.3
ClimateId2	12345	17-08-1988	4.6	26.1	16.5	15.312	2.0	3.5
ClimateId2	12345	18-08-1988	0.0	26.1	12.9	18.058	1.8	3.7
ClimateId2	12345	19-08-1988	0.0	28.6	12.1	20.165	1.9	4.0
ClimateId2	12345	20-08-1988	0.0	31.6	11.7	22.133	2.9	4.7
ClimateId2	12345	21-08-1988	26.6	16.9	12.7	9.356	2.3	1.8
ClimateId2	12345	22-08-1988	10.1	21.9	11.2	13.717	1.9	2.7
ClimateId2	12345	23-08-1988	1.1	17.4	12.5	10.123	2.0	2.1
ClimateId2	12345	24-08-1988	0.0	20.9	7.8	17.108	1.8	2.8
ClimateId2	12345	25-08-1988	7.1	22.2	10.7	15.896	1.8	2.8
ClimateId2	12345	26-08-1988	0.7	20.7	9.1	15.766	1.6	2.8
ClimateId2	12345	27-08-1988	0.0	19.8	9.6	14.602	1.4	2.5
ClimateId2	12345	28-08-1988	0.0	24.3	9.5	17.68	1.6	3.0
ClimateId2	12345	29-08-1988	0.0	25.9	11.0	17.588	2.1	3.1
ClimateId2	12345	30-08-1988	0.8	23.0	11.8	14.754	1.7	2.8
ClimateId2	12345	31-08-1988	0.0	24.4	13.0	15.003	1.7	2.9
ClimateId2	12345	01-09-1988	0.0	25.3	11.4	16.49	1.9	2.9
ClimateId2	12345	02-09-1988	15.3	22.2	15.6	10.917	2.3	2.5
ClimateId2	12345	03-09-1988	0.9	22.2	8.2	16.266	2.2	2.8
ClimateId2	12345	04-09-1988	0.0	24.9	10.3	16.448	1.4	2.8
ClimateId2	12345	05-09-1988	0.3	24.4	12.5	14.561	1.3	2.5
ClimateId2	12345	06-09-1988	0.2	23.2	16.1	10.875	2.3	2.8
ClimateId2	12345	07-09-1988	0.0	18.7	10.7	11.535	3.5	2.8
ClimateId2	12345	08-09-1988	0.0	20.2	10.6	12.545	3.4	2.9
ClimateId2	12345	09-09-1988	0.0	20.9	6.4	15.625	1.2	2.2
ClimateId2	12345	10-09-1988	0.0	22.1	8.7	14.799	1.1	2.3
ClimateId2	12345	11-09-1988	0.0	23.9	8.7	15.635	1.3	2.3
ClimateId2	12345	12-09-1988	0.0	22.5	13.7	11.468	1.5	2.1
ClimateId2	12345	13-09-1988	28.6	14.6	10.0	13.131	1.9	2.2
ClimateId2	12345	14-09-1988	14.0	11.4	8.7	5.604	1.8	1.1
ClimateId2	12345	15-09-1988	0.7	13.0	8.8	7.159	2.0	1.2
ClimateId2	12345	16-09-1988	3.2	18.5	9.2	11.12	2.0	2.0
ClimateId2	12345	17-09-1988	0.0	17.5	4.4	13.43	2.4	1.9
ClimateId2	12345	18-09-1988	0.0	18.6	9.4	10.925	1.7	2.0
ClimateId2	12345	19-09-1988	0.0	18.9	10.8	10.105	1.6	1.9
ClimateId2	12345	20-09-1988	0.0	16.7	8.8	9.651	1.5	1.5
ClimateId2	12345	21-09-1988	0.6	17.5	9.4	11.475	1.1	1.9
ClimateId2	12345	22-09-1988	0.0	18.5	9.7	10.138	1.4	1.6
ClimateId2	12345	23-09-1988	0.0	19.4	9.1	10.954	1.6	1.6
ClimateId2	12345	24-09-1988	0.0	20.7	9.6	11.028	1.6	1.7
ClimateId2	12345	25-09-1988	0.0	18.8	9.9	9.863	1.2	1.5
ClimateId2	12345	26-09-1988	0.0	22.4	10.0	11.756	1.7	1.8
ClimateId2	12345	27-09-1988	0.0	23.3	9.4	12.292	1.6	1.8
ClimateId2	12345	28-09-1988	0.0	24.2	9.9	11.054	1.9	1.9
ClimateId2	12345	29-09-1988	0.0	24.4	10.9	11.804	1.4	1.9
ClimateId2	12345	30-09-1988	0.0	21.8	9.9	10.855	1.9	1.7
ClimateId2	12345	01-10-1988	0.0	18.6	12.2	7.557	1.9	1.5
ClimateId2	12345	02-10-1988	0.0	16.2	9.5	7.328	1.5	1.2
ClimateId2	12345	03-10-1988	0.0	15.6	10.5	6.233	1.4	1.4
ClimateId2	12345	04-10-1988	0.0	16.9	4.4	10.573	1.2	1.3
ClimateId2	12345	05-10-1988	0.0	16.9	5.3	9.983	1.4	1.2
ClimateId2	12345	06-10-1988	16.1	14.0	7.4	7.064	1.8	1.0
ClimateId2	12345	07-10-1988	0.5	16.0	8.4	7.604	2.3	1.2
ClimateId2	12345	08-10-1988	36.7	12.4	7.3	5.895	2.2	1.2
ClimateId2	12345	09-10-1988	0.0	17.1	1.0	11.316	1.8	1.2
ClimateId2	12345	10-10-1988	0.0	20.4	6.6	9.198	1.8	1.3
ClimateId2	12345	11-10-1988	0.0	19.0	10.6	7.534	2.0	1.3
ClimateId2	12345	12-10-1988	0.0	19.2	9.7	7.99	1.6	1.1
ClimateId2	12345	13-10-1988	0.1	19.2	10.9	7.156	1.5	1.1
ClimateId2	12345	14-10-1988	0.0	18.6	10.5	8.092	1.5	1.1
ClimateId2	12345	15-10-1988	0.0	18.1	11.2	6.3	1.2	0.9
ClimateId2	12345	16-10-1988	0.0	17.0	11.2	5.355	0.9	1.0
ClimateId2	12345	17-10-1988	0.0	17.5	8.2	7.274	1.3	1.0
ClimateId2	12345	18-10-1988	0.0	18.9	8.2	7.791	1.3	0.9
ClimateId2	12345	19-10-1988	0.0	12.2	9.2	3.408	1.3	0.6
ClimateId2	12345	20-10-1988	3.6	9.3	8.7	0.738	1.5	0.7
ClimateId2	12345	21-10-1988	21.2	9.7	7.2	2.902	1.8	0.5
ClimateId2	12345	22-10-1988	1.7	10.9	8.0	3.177	1.0	0.7
ClimateId2	12345	23-10-1988	0.0	9.9	7.7	2.517	1.2	0.7
ClimateId2	12345	24-10-1988	0.0	9.5	4.4	4.485	1.0	0.4
ClimateId2	12345	25-10-1988	0.0	11.6	7.3	3.917	1.4	0.6
ClimateId2	12345	26-10-1988	0.8	5.1	1.8	3.152	2.1	0.9
ClimateId2	12345	27-10-1988	0.0	6.4	0.1	4.596	1.6	0.6
ClimateId2	12345	28-10-1988	0.0	7.8	1.5	4.751	1.0	0.5
ClimateId2	12345	29-10-1988	0.3	9.9	1.2	5.669	2.0	0.4
ClimateId2	12345	30-10-1988	4.5	9.5	4.1	4.174	1.9	0.9
ClimateId2	12345	31-10-1988	0.0	5.9	0.3	4.159	1.7	0.7
ClimateId2	12345	01-11-1988	0.0	9.9	-1.7	6.462	1.7	0.7
ClimateId2	12345	02-11-1988	0.0	11.8	-0.2	6.304	1.1	0.5
ClimateId2	12345	03-11-1988	0.7	5.2	2.7	5.051	3.0	0.6
ClimateId2	12345	04-11-1988	0.0	3.4	-2.3	3.916	1.8	0.7
ClimateId2	12345	05-11-1988	0.0	3.2	-7.3	5.689	1.4	0.4
ClimateId2	12345	06-11-1988	0.0	4.4	-7.0	5.855	1.6	0.4
ClimateId2	12345	07-11-1988	0.0	7.4	-5.6	6.258	1.3	0.3
ClimateId2	12345	08-11-1988	0.0	7.4	-3.8	5.539	1.4	0.3
ClimateId2	12345	09-11-1988	0.0	3.4	-0.6	2.743	1.4	0.4
ClimateId2	12345	10-11-1988	0.0	3.2	-2.0	3.076	1.7	0.5
ClimateId2	12345	11-11-1988	0.0	-0.2	-4.5	2.643	1.8	0.3
ClimateId2	12345	12-11-1988	0.0	-0.6	-1.8	0.79	1.5	0.4
ClimateId2	12345	13-11-1988	0.0	1.2	-1.6	1.87	1.1	0.3
ClimateId2	12345	14-11-1988	0.2	10.9	-1.5	5.386	2.4	0.7
ClimateId2	12345	15-11-1988	2.6	9.3	1.8	3.814	2.7	0.9
ClimateId2	12345	16-11-1988	0.2	4.6	-0.5	2.844	1.3	0.4
ClimateId2	12345	17-11-1988	0.0	10.4	1.4	4.159	1.1	0.5
ClimateId2	12345	18-11-1988	0.0	9.0	-1.7	4.603	1.2	0.3
ClimateId2	12345	19-11-1988	0.0	10.8	-1.3	4.853	3.0	0.8
ClimateId2	12345	20-11-1988	0.0	4.4	-1.2	2.827	1.5	0.7
ClimateId2	12345	21-11-1988	6.2	-1.1	-2.6	0.709	2.0	0.5
ClimateId2	12345	22-11-1988	0.7	-1.0	-2.6	2.409	5.8	0.9
ClimateId2	12345	23-11-1988	0.0	-2.7	-16.1	4.889	1.4	0.1
ClimateId2	12345	24-11-1988	0.0	-0.7	-15.0	5.039	1.1	0.1
ClimateId2	12345	25-11-1988	0.0	1.3	-6.2	3.135	1.1	0.2
ClimateId2	12345	26-11-1988	0.1	4.2	-2.6	2.812	1.0	0.3
ClimateId2	12345	27-11-1988	0.0	6.1	-2.0	3.333	1.3	0.3
ClimateId2	12345	28-11-1988	0.0	5.2	-4.0	3.527	1.4	0.4
ClimateId2	12345	29-11-1988	0.0	6.3	-3.4	3.646	1.6	0.3
ClimateId2	12345	30-11-1988	0.0	3.3	-2.6	3.033	1.6	0.3
ClimateId2	12345	01-12-1988	0.7	0.9	-1.3	0.954	1.3	0.4
ClimateId2	12345	02-12-1988	8.8	0.5	-1.1	0.661	1.5	0.4
ClimateId2	12345	03-12-1988	0.3	3.2	0.1	1.372	1.0	0.3
ClimateId2	12345	04-12-1988	0.0	4.3	0.3	1.63	2.0	0.4
ClimateId2	12345	05-12-1988	2.0	7.4	1.7	2.772	2.6	0.7
ClimateId2	12345	06-12-1988	1.1	6.9	2.8	1.722	2.4	1.0
ClimateId2	12345	07-12-1988	0.0	3.3	-2.8	2.495	1.6	0.3
ClimateId2	12345	08-12-1988	0.0	3.4	-2.2	2.19	1.4	0.5
ClimateId2	12345	09-12-1988	0.0	2.8	-3.7	2.449	1.3	0.3
ClimateId2	12345	10-12-1988	0.0	2.2	-4.8	2.588	1.3	0.2
ClimateId2	12345	11-12-1988	0.0	11.7	-1.6	4.024	1.4	0.3
ClimateId2	12345	12-12-1988	0.0	5.9	1.3	1.767	1.1	0.5
ClimateId2	12345	13-12-1988	0.0	3.9	-1.7	2.106	1.5	0.4
ClimateId2	12345	14-12-1988	0.5	8.6	-2.1	3.433	2.4	0.4
ClimateId2	12345	15-12-1988	1.3	-0.1	-3.4	1.263	4.2	1.2
ClimateId2	12345	16-12-1988	0.2	-3.8	-5.2	1.495	3.2	0.5
ClimateId2	12345	17-12-1988	0.0	-1.9	-13.7	3.638	1.4	0.1
ClimateId2	12345	18-12-1988	0.0	2.1	-9.5	3.592	1.4	0.1
ClimateId2	12345	19-12-1988	0.0	6.2	-4.6	3.41	2.0	0.5
ClimateId2	12345	20-12-1988	0.8	6.2	-2.7	2.918	2.3	0.5
ClimateId2	12345	21-12-1988	0.4	1.3	-5.6	2.327	1.8	0.4
ClimateId2	12345	22-12-1988	0.0	5.4	-3.8	3.058	1.2	0.4
ClimateId2	12345	23-12-1988	1.3	5.5	-3.6	3.049	1.3	0.2
ClimateId2	12345	24-12-1988	0.0	9.0	-2.9	3.668	1.9	0.3
ClimateId2	12345	25-12-1988	0.0	8.0	-0.5	2.918	2.0	0.4
ClimateId2	12345	26-12-1988	0.0	9.7	-2.1	3.662	1.2	0.3
ClimateId2	12345	27-12-1988	0.0	8.2	-2.6	3.468	1.4	0.2
ClimateId2	12345	28-12-1988	0.0	9.7	-2.6	3.83	1.3	0.2
ClimateId2	12345	29-12-1988	0.0	5.6	-2.6	2.888	1.4	0.3
ClimateId2	12345	30-12-1988	0.0	7.0	-4.0	3.566	1.3	0.2
ClimateId2	12345	31-12-1988	0.0	5.0	-5.0	3.095	1.2	0.2
ClimateId2	12345	01-01-1989	0.0	3.3	-5.1	2.995	1.4	0.2
ClimateId2	12345	02-01-1989	0.0	2.2	-0.8	1.268	1.2	0.4
ClimateId2	12345	03-01-1989	0.0	1.0	-5.3	2.718	1.6	0.4
ClimateId2	12345	04-01-1989	0.0	-2.9	-5.5	1.039	1.1	0.3
ClimateId2	12345	05-01-1989	0.0	-1.3	-6.2	2.005	0.9	0.3
ClimateId2	12345	06-01-1989	0.0	-0.8	-7.6	2.633	1.2	0.1
ClimateId2	12345	07-01-1989	2.4	0.6	-2.4	1.339	1.1	0.3
ClimateId2	12345	08-01-1989	0.0	2.5	-2.6	2.206	1.1	0.2
ClimateId2	12345	09-01-1989	0.0	9.5	-2.1	4.05	1.2	0.3
ClimateId2	12345	10-01-1989	0.0	3.2	-3.7	2.46	1.3	0.3
ClimateId2	12345	11-01-1989	0.0	1.8	-2.7	3.282	1.5	0.3
ClimateId2	12345	12-01-1989	0.0	1.7	-1.5	3.306	1.2	0.3
ClimateId2	12345	13-01-1989	0.0	4.4	-1.2	2.443	1.7	0.4
ClimateId2	12345	14-01-1989	0.0	6.8	-4.1	4.157	1.3	0.2
ClimateId2	12345	15-01-1989	0.0	8.3	-3.3	4.367	1.3	0.2
ClimateId2	12345	16-01-1989	0.0	7.5	-2.6	4.066	1.3	0.3
ClimateId2	12345	17-01-1989	0.0	8.5	-3.3	4.545	1.3	0.3
ClimateId2	12345	18-01-1989	0.0	3.2	-2.6	2.822	1.4	0.3
ClimateId2	12345	19-01-1989	0.0	5.5	-4.0	4.079	1.2	0.3
ClimateId2	12345	20-01-1989	0.0	1.1	-5.6	3.046	1.4	0.2
ClimateId2	12345	21-01-1989	0.0	-2.7	-3.8	0.483	1.3	0.4
ClimateId2	12345	22-01-1989	0.0	-2.1	-3.5	0.742	0.9	0.4
ClimateId2	12345	23-01-1989	0.0	3.3	-3.1	3.344	1.2	0.3
ClimateId2	12345	24-01-1989	0.0	0.2	-1.1	0.822	1.8	0.5
ClimateId2	12345	25-01-1989	0.0	-0.3	-2.6	2.553	1.4	0.5
ClimateId2	12345	26-01-1989	0.0	1.6	-4.3	3.091	1.3	0.5
ClimateId2	12345	27-01-1989	0.0	2.1	-7.5	4.665	1.2	0.2
ClimateId2	12345	28-01-1989	0.0	-1.9	-3.8	1.308	1.5	0.4
ClimateId2	12345	29-01-1989	0.0	-2.8	-4.6	2.484	0.9	0.4
ClimateId2	12345	30-01-1989	0.0	-1.9	-4.0	3.118	1.2	0.4
ClimateId2	12345	31-01-1989	0.0	7.0	-7.3	6.435	1.1	0.3
ClimateId2	12345	01-02-1989	0.0	7.5	-3.1	5.435	1.3	0.4
ClimateId2	12345	02-02-1989	0.0	2.9	1.0	1.538	1.5	0.5
ClimateId2	12345	03-02-1989	0.0	1.2	0.1	0.824	0.8	0.5
ClimateId2	12345	04-02-1989	0.0	0.4	-0.7	0.811	1.4	0.5
ClimateId2	12345	05-02-1989	0.0	2.0	-0.7	2.134	1.4	0.5
ClimateId2	12345	06-02-1989	0.0	9.9	-0.4	5.84	1.3	0.6
ClimateId2	12345	07-02-1989	0.0	10.7	-2.5	6.923	1.3	0.5
ClimateId2	12345	08-02-1989	0.0	9.8	-3.1	6.942	1.3	0.5
ClimateId2	12345	09-02-1989	0.0	2.2	-1.8	3.348	0.8	0.3
ClimateId2	12345	10-02-1989	0.0	3.7	0.7	2.781	1.2	0.6
ClimateId2	12345	11-02-1989	0.0	5.6	-3.1	5.14	1.5	0.5
ClimateId2	12345	12-02-1989	0.0	2.2	-3.4	4.337	1.1	0.3
ClimateId2	12345	13-02-1989	0.0	9.5	-1.8	7.011	3.7	1.2
ClimateId2	12345	14-02-1989	0.0	5.9	-5.0	6.946	1.6	0.7
ClimateId2	12345	15-02-1989	0.0	6.5	-2.6	6.384	1.8	0.7
ClimateId2	12345	16-02-1989	0.0	10.6	0.0	7.073	1.5	1.0
ClimateId2	12345	17-02-1989	0.0	7.1	-1.3	6.261	2.0	0.8
ClimateId2	12345	18-02-1989	0.0	9.4	-1.3	7.374	1.2	0.7
ClimateId2	12345	19-02-1989	0.0	11.9	2.1	7.105	0.9	0.8
ClimateId2	12345	20-02-1989	0.0	18.2	0.7	10.099	1.3	1.0
ClimateId2	12345	21-02-1989	2.3	6.7	-3.6	7.089	2.3	0.8
ClimateId2	12345	22-02-1989	2.5	4.7	-1.4	5.646	1.3	0.7
ClimateId2	12345	23-02-1989	0.0	12.2	3.1	7.316	2.8	1.1
ClimateId2	12345	24-02-1989	0.0	14.8	3.2	8.463	5.3	1.8
ClimateId2	12345	25-02-1989	4.0	13.6	6.3	6.597	5.5	1.8
ClimateId2	12345	26-02-1989	2.9	9.0	5.4	4.258	3.0	1.2
ClimateId2	12345	27-02-1989	0.7	8.4	-0.7	7.764	1.9	0.9
ClimateId2	12345	28-02-1989	0.0	11.2	-2.1	9.824	2.3	1.1
ClimateId2	12345	01-03-1989	0.2	12.2	-0.6	9.774	2.4	1.3
ClimateId2	12345	02-03-1989	0.0	12.3	-1.0	10.124	1.9	1.3
ClimateId2	12345	03-03-1989	3.9	7.2	-1.0	8.445	2.0	1.0
ClimateId2	12345	04-03-1989	1.4	12.4	1.7	9.203	2.7	1.4
ClimateId2	12345	05-03-1989	0.0	13.1	1.6	9.748	1.7	1.4
ClimateId2	12345	06-03-1989	0.0	12.5	-0.6	10.642	1.4	1.2
ClimateId2	12345	07-03-1989	0.0	15.3	-1.4	12.375	1.8	1.4
ClimateId2	12345	08-03-1989	1.3	14.7	-1.1	12.233	2.1	1.4
ClimateId2	12345	09-03-1989	0.0	13.7	2.5	10.131	1.9	1.5
ClimateId2	12345	10-03-1989	0.0	13.0	0.1	11.221	1.7	1.4
ClimateId2	12345	11-03-1989	0.0	12.7	1.9	10.302	1.6	1.3
ClimateId2	12345	12-03-1989	0.0	11.6	1.7	9.965	1.4	1.2
ClimateId2	12345	13-03-1989	0.0	10.9	4.6	7.753	1.4	1.1
ClimateId2	12345	14-03-1989	1.5	10.7	5.0	7.393	1.9	1.5
ClimateId2	12345	15-03-1989	0.0	11.5	-1.9	12.238	2.1	1.4
ClimateId2	12345	16-03-1989	0.0	16.1	3.4	12.032	2.9	2.0
ClimateId2	12345	17-03-1989	0.0	17.0	3.8	12.396	3.8	2.3
ClimateId2	12345	18-03-1989	4.3	11.4	4.2	8.813	1.9	1.3
ClimateId2	12345	19-03-1989	4.2	9.6	1.3	10.121	1.6	1.4
ClimateId2	12345	20-03-1989	0.0	9.4	2.7	8.766	1.4	1.0
ClimateId2	12345	21-03-1989	1.9	7.7	5.2	4.878	1.4	0.8
ClimateId2	12345	22-03-1989	0.0	13.7	3.2	11.704	1.8	1.8
ClimateId2	12345	23-03-1989	2.0	15.7	1.9	13.796	3.1	2.2
ClimateId2	12345	24-03-1989	0.0	11.3	-0.5	12.756	2.0	1.9
ClimateId2	12345	25-03-1989	0.0	17.2	2.9	14.4	1.5	2.1
ClimateId2	12345	26-03-1989	0.0	16.6	5.5	12.653	2.1	2.1
ClimateId2	12345	27-03-1989	0.0	15.9	2.3	14.258	1.6	2.0
ClimateId2	12345	28-03-1989	0.0	19.0	2.0	16.31	1.5	2.1
ClimateId2	12345	29-03-1989	0.0	24.7	4.5	18.102	2.0	2.8
ClimateId2	12345	30-03-1989	0.5	22.4	9.4	14.46	1.4	2.5
ClimateId2	12345	31-03-1989	0.0	13.5	6.5	12.83	2.0	2.0
ClimateId2	12345	01-04-1989	0.0	21.8	10.8	13.357	3.9	3.6
ClimateId2	12345	02-04-1989	4.9	8.9	2.1	9.354	2.1	1.4
ClimateId2	12345	03-04-1989	5.2	6.6	0.8	9.642	1.2	1.0
ClimateId2	12345	04-04-1989	5.1	15.7	5.5	13.188	1.7	1.9
ClimateId2	12345	05-04-1989	2.0	16.0	7.2	12.415	4.3	2.7
ClimateId2	12345	06-04-1989	0.0	14.6	2.0	15.213	2.5	2.0
ClimateId2	12345	07-04-1989	3.2	15.6	2.4	15.749	2.2	2.2
ClimateId2	12345	08-04-1989	0.0	18.0	3.6	16.695	3.3	2.8
ClimateId2	12345	09-04-1989	0.7	18.6	5.7	15.831	2.1	2.6
ClimateId2	12345	10-04-1989	0.0	19.9	3.6	18.208	2.8	2.9
ClimateId2	12345	11-04-1989	0.0	21.4	6.4	17.577	2.7	3.3
ClimateId2	12345	12-04-1989	0.8	21.5	10.1	15.301	2.8	3.2
ClimateId2	12345	13-04-1989	2.7	14.1	8.2	14.267	1.8	2.3
ClimateId2	12345	14-04-1989	10.7	12.5	9.7	6.979	2.1	1.4
ClimateId2	12345	15-04-1989	9.8	12.9	7.2	10.759	4.7	2.4
ClimateId2	12345	16-04-1989	1.6	18.8	7.0	16.067	2.3	2.8
ClimateId2	12345	17-04-1989	0.0	15.0	7.7	12.491	4.3	3.0
ClimateId2	12345	18-04-1989	1.6	12.1	4.1	13.103	2.2	2.0
ClimateId2	12345	19-04-1989	4.4	11.6	5.4	11.551	1.7	1.8
ClimateId2	12345	20-04-1989	0.2	17.4	4.8	17.229	2.2	2.6
ClimateId2	12345	21-04-1989	0.0	17.7	6.0	16.749	1.7	2.5
ClimateId2	12345	22-04-1989	0.7	18.2	7.2	16.316	2.9	3.0
ClimateId2	12345	23-04-1989	0.7	11.7	2.9	14.502	2.1	2.1
ClimateId2	12345	24-04-1989	0.0	17.4	0.7	20.708	2.0	2.9
ClimateId2	12345	25-04-1989	0.0	15.5	2.8	17.98	3.2	2.7
ClimateId2	12345	26-04-1989	0.0	20.9	6.4	19.423	3.4	3.8
ClimateId2	12345	27-04-1989	8.9	13.2	8.7	10.204	2.6	2.0
ClimateId2	12345	28-04-1989	10.0	10.7	6.8	9.574	2.7	1.8
ClimateId2	12345	29-04-1989	0.0	13.5	6.4	13.499	4.0	3.3
ClimateId2	12345	30-04-1989	3.9	10.0	5.0	11.138	7.4	3.3
ClimateId2	12345	01-05-1989	9.1	9.1	6.4	7.984	5.3	2.3
ClimateId2	12345	02-05-1989	6.5	13.2	6.5	13.14	4.9	3.3
ClimateId2	12345	03-05-1989	0.0	18.2	8.0	16.702	3.7	3.6
ClimateId2	12345	04-05-1989	0.0	18.5	6.1	18.756	2.8	3.3
ClimateId2	12345	05-05-1989	0.0	22.5	7.9	19.173	3.8	3.8
ClimateId2	12345	06-05-1989	0.7	17.2	9.2	14.762	4.9	3.6
ClimateId2	12345	07-05-1989	0.0	13.4	4.1	16.4	6.5	4.0
ClimateId2	12345	08-05-1989	0.0	17.9	4.2	20.254	3.7	3.9
ClimateId2	12345	09-05-1989	0.0	19.4	3.0	22.45	2.1	3.4
ClimateId2	12345	10-05-1989	0.0	24.6	5.0	24.853	3.0	4.3
ClimateId2	12345	11-05-1989	0.0	23.7	11.8	19.113	2.8	4.2
ClimateId2	12345	12-05-1989	0.0	22.5	9.5	20.173	3.1	4.1
ClimateId2	12345	13-05-1989	0.0	22.0	8.9	20.333	2.7	3.7
ClimateId2	12345	14-05-1989	13.3	14.0	10.9	9.193	3.1	2.2
ClimateId2	12345	15-05-1989	7.4	13.4	10.5	8.675	4.7	2.7
ClimateId2	12345	16-05-1989	9.6	12.8	9.0	10.473	3.0	1.9
ClimateId2	12345	17-05-1989	17.9	17.4	10.7	14.448	1.7	2.5
ClimateId2	12345	18-05-1989	0.7	20.8	9.9	18.887	1.8	3.3
ClimateId2	12345	19-05-1989	5.6	19.7	11.7	16.057	1.9	3.0
ClimateId2	12345	20-05-1989	6.4	20.5	11.0	17.66	1.9	3.2
ClimateId2	12345	21-05-1989	4.3	21.5	11.1	18.625	2.5	3.6
ClimateId2	12345	22-05-1989	0.0	20.1	11.6	16.686	2.9	3.9
ClimateId2	12345	23-05-1989	0.0	18.0	7.0	19.305	2.4	3.6
ClimateId2	12345	24-05-1989	0.0	19.9	4.7	23.042	1.7	3.7
ClimateId2	12345	25-05-1989	0.0	20.7	6.2	22.622	1.8	3.8
ClimateId2	12345	26-05-1989	0.0	20.7	8.1	21.01	2.0	3.8
ClimateId2	12345	27-05-1989	0.0	22.3	7.5	22.996	1.5	3.9
ClimateId2	12345	28-05-1989	0.0	23.4	8.1	23.403	1.6	4.1
ClimateId2	12345	29-05-1989	0.0	23.5	8.5	23.242	1.6	4.0
ClimateId2	12345	30-05-1989	0.0	24.0	9.9	22.609	1.8	4.1
ClimateId2	12345	31-05-1989	0.5	21.7	11.1	19.374	2.0	3.7
ClimateId2	12345	01-06-1989	9.1	17.7	12.5	13.185	1.5	2.5
ClimateId2	12345	02-06-1989	2.3	19.7	13.9	14.128	2.0	3.0
ClimateId2	12345	03-06-1989	0.4	20.2	11.9	17.195	1.5	3.3
ClimateId2	12345	04-06-1989	1.3	20.4	10.0	19.407	2.4	3.7
ClimateId2	12345	05-06-1989	3.3	20.7	9.5	20.218	2.8	3.9
ClimateId2	12345	06-06-1989	0.0	18.4	9.3	18.156	2.5	3.6
ClimateId2	12345	07-06-1989	2.5	23.0	9.6	20.706	2.0	4.1
ClimateId2	12345	08-06-1989	4.7	15.2	9.0	14.562	2.2	2.7
ClimateId2	12345	09-06-1989	0.0	22.1	6.5	24.312	1.8	4.1
ClimateId2	12345	10-06-1989	0.0	24.8	8.4	24.964	2.1	4.6
ClimateId2	12345	11-06-1989	0.0	24.2	10.6	22.708	2.3	4.6
ClimateId2	12345	12-06-1989	0.0	23.2	12.7	19.721	4.3	5.1
ClimateId2	12345	13-06-1989	0.3	17.5	14.8	9.302	4.3	3.3
ClimateId2	12345	14-06-1989	0.3	22.4	14.0	17.513	3.7	4.7
ClimateId2	12345	15-06-1989	0.0	22.2	9.5	21.964	2.3	4.4
ClimateId2	12345	16-06-1989	3.9	17.1	11.0	18.226	3.6	3.8
ClimateId2	12345	17-06-1989	0.0	15.8	9.1	15.4	1.5	2.8
ClimateId2	12345	18-06-1989	3.3	15.9	11.5	12.095	1.6	2.3
ClimateId2	12345	19-06-1989	0.4	23.4	9.0	23.49	1.9	4.2
ClimateId2	12345	20-06-1989	5.7	20.5	12.5	17.208	2.0	3.5
ClimateId2	12345	21-06-1989	1.1	19.7	12.2	16.626	1.6	3.1
ClimateId2	12345	22-06-1989	0.7	24.6	12.4	21.568	1.7	4.1
ClimateId2	12345	23-06-1989	4.5	20.9	13.5	16.463	1.8	3.2
ClimateId2	12345	24-06-1989	6.8	23.0	14.1	18.15	2.2	3.8
ClimateId2	12345	25-06-1989	1.2	24.2	14.9	18.623	2.1	4.0
ClimateId2	12345	26-06-1989	2.8	25.4	13.8	20.861	1.5	4.1
ClimateId2	12345	27-06-1989	0.4	26.9	14.4	21.751	1.6	4.4
ClimateId2	12345	28-06-1989	24.6	23.2	13.3	19.235	2.8	4.1
ClimateId2	12345	29-06-1989	0.4	22.4	11.9	19.778	2.0	4.1
ClimateId2	12345	30-06-1989	0.0	22.9	11.7	20.425	1.3	3.8
ClimateId2	12345	01-07-1989	0.0	25.2	12.2	22.125	1.9	4.4
ClimateId2	12345	02-07-1989	0.0	25.4	12.7	21.513	2.2	4.3
ClimateId2	12345	03-07-1989	14.4	23.9	16.0	16.919	2.9	3.9
ClimateId2	12345	04-07-1989	9.2	25.8	16.4	18.469	2.5	4.2
ClimateId2	12345	05-07-1989	10.1	26.7	14.0	20.23	1.9	4.1
ClimateId2	12345	06-07-1989	0.2	26.5	15.2	20.42	1.3	4.2
ClimateId2	12345	07-07-1989	0.0	27.9	15.5	21.364	1.8	4.6
ClimateId2	12345	08-07-1989	0.0	29.4	15.9	22.204	2.1	4.8
ClimateId2	12345	09-07-1989	0.2	29.2	17.5	20.64	1.8	4.6
ClimateId2	12345	10-07-1989	0.0	28.7	16.8	20.768	1.8	4.6
ClimateId2	12345	11-07-1989	3.8	28.4	15.1	21.917	1.8	4.6
ClimateId2	12345	12-07-1989	0.6	25.0	16.9	20.009	1.8	4.1
ClimateId2	12345	13-07-1989	30.0	23.7	16.4	15.738	1.8	3.5
ClimateId2	12345	14-07-1989	3.6	24.3	15.8	17.117	2.1	3.9
ClimateId2	12345	15-07-1989	2.6	21.4	13.8	17.909	1.8	3.8
ClimateId2	12345	16-07-1989	0.0	25.1	11.0	22.302	2.0	4.4
ClimateId2	12345	17-07-1989	0.0	23.8	14.2	17.827	1.8	3.8
ClimateId2	12345	18-07-1989	0.3	22.6	9.5	21.26	1.8	3.8
ClimateId2	12345	19-07-1989	0.1	22.4	12.5	18.307	2.8	4.4
ClimateId2	12345	20-07-1989	0.0	24.9	8.7	23.695	1.3	4.2
ClimateId2	12345	21-07-1989	0.0	26.8	10.9	23.395	2.0	4.6
ClimateId2	12345	22-07-1989	0.0	24.9	13.4	19.54	1.6	4.1
ClimateId2	12345	23-07-1989	0.0	27.5	14.9	20.532	1.8	4.3
ClimateId2	12345	24-07-1989	0.3	28.6	17.4	19.224	2.0	4.4
ClimateId2	12345	25-07-1989	4.9	27.2	16.3	18.815	2.1	4.1
ClimateId2	12345	26-07-1989	24.8	19.4	17.9	6.005	1.8	1.7
ClimateId2	12345	27-07-1989	0.0	25.9	16.7	17.081	1.5	3.9
ClimateId2	12345	28-07-1989	0.2	23.1	15.2	15.573	1.8	3.3
ClimateId2	12345	29-07-1989	0.0	24.7	12.4	19.69	1.6	3.8
ClimateId2	12345	30-07-1989	0.0	26.3	13.3	20.261	1.5	3.9
ClimateId2	12345	31-07-1989	22.5	23.2	14.2	19.336	2.2	4.0
ClimateId2	12345	01-08-1989	2.5	19.7	9.8	17.278	2.0	3.2
ClimateId2	12345	02-08-1989	0.0	19.6	8.0	18.786	2.9	3.7
ClimateId2	12345	03-08-1989	0.0	15.1	9.9	12.128	1.0	2.1
ClimateId2	12345	04-08-1989	0.0	24.0	9.5	19.181	2.0	3.7
ClimateId2	12345	05-08-1989	0.0	25.8	11.6	20.545	1.9	3.8
ClimateId2	12345	06-08-1989	0.0	26.1	13.1	18.93	1.7	3.9
ClimateId2	12345	07-08-1989	0.0	27.4	14.1	18.794	1.4	3.9
ClimateId2	12345	08-08-1989	2.1	27.2	16.7	17.183	1.7	3.7
ClimateId2	12345	09-08-1989	15.9	24.2	16.6	14.277	2.5	3.4
ClimateId2	12345	10-08-1989	0.0	25.0	12.6	18.575	1.9	3.6
ClimateId2	12345	11-08-1989	0.1	24.6	13.5	17.39	1.3	3.2
ClimateId2	12345	12-08-1989	0.0	27.0	15.5	17.6	1.6	3.7
ClimateId2	12345	13-08-1989	3.8	24.3	16.9	13.83	1.6	3.1
ClimateId2	12345	14-08-1989	0.0	28.5	14.5	19.339	1.6	3.8
ClimateId2	12345	15-08-1989	0.0	29.5	16.5	18.403	1.5	3.9
ClimateId2	12345	16-08-1989	0.0	30.1	15.7	17.684	1.8	3.8
ClimateId2	12345	17-08-1989	0.0	29.1	16.9	17.508	2.4	4.0
ClimateId2	12345	18-08-1989	37.9	26.9	16.8	15.702	1.9	3.5
ClimateId2	12345	19-08-1989	27.9	19.9	14.5	12.623	1.9	2.6
ClimateId2	12345	20-08-1989	0.7	25.1	14.3	15.97	1.6	3.1
ClimateId2	12345	21-08-1989	0.0	27.7	14.7	17.646	1.3	3.4
ClimateId2	12345	22-08-1989	0.0	27.3	15.7	16.414	1.5	3.3
ClimateId2	12345	23-08-1989	0.0	27.5	16.5	15.906	1.7	3.4
ClimateId2	12345	24-08-1989	0.0	25.9	15.2	15.542	1.5	3.1
ClimateId2	12345	25-08-1989	0.0	25.4	14.4	15.607	1.5	2.9
ClimateId2	12345	26-08-1989	10.9	23.4	14.0	14.052	2.1	2.9
ClimateId2	12345	27-08-1989	4.9	23.0	13.0	14.507	2.0	2.7
ClimateId2	12345	28-08-1989	62.7	16.3	13.3	11.21	1.9	2.5
ClimateId2	12345	29-08-1989	0.0	17.4	10.2	11.99	4.4	3.2
ClimateId2	12345	30-08-1989	0.0	14.4	10.0	8.984	3.8	2.6
ClimateId2	12345	31-08-1989	0.0	22.6	10.4	14.602	3.5	2.7
ClimateId2	12345	01-09-1989	0.0	21.3	6.7	17.039	1.7	2.7
ClimateId2	12345	02-09-1989	0.0	22.0	9.0	14.979	2.2	2.6
ClimateId2	12345	03-09-1989	2.6	13.4	11.7	4.729	2.2	1.3
ClimateId2	12345	04-09-1989	0.3	16.4	10.9	12.478	1.9	2.3
ClimateId2	12345	05-09-1989	5.1	18.3	11.0	11.251	3.2	2.5
ClimateId2	12345	06-09-1989	0.0	18.9	8.5	13.563	1.8	2.3
ClimateId2	12345	07-09-1989	0.0	19.3	6.7	14.885	1.5	2.2
ClimateId2	12345	08-09-1989	0.0	20.2	7.7	14.724	1.5	2.3
ClimateId2	12345	09-09-1989	0.0	18.0	8.9	12.247	1.4	1.9
ClimateId2	12345	10-09-1989	0.2	19.5	11.6	11.134	1.2	1.9
ClimateId2	12345	11-09-1989	0.0	23.2	9.4	14.362	1.9	2.3
ClimateId2	12345	12-09-1989	2.6	19.5	13.3	9.51	1.4	1.8
ClimateId2	12345	13-09-1989	0.0	18.4	13.3	8.382	2.0	1.8
ClimateId2	12345	14-09-1989	2.0	18.5	9.7	11.595	1.1	1.7
ClimateId2	12345	15-09-1989	0.0	20.3	9.6	12.479	1.6	2.0
ClimateId2	12345	16-09-1989	0.0	26.0	12.5	14.052	1.6	2.6
ClimateId2	12345	17-09-1989	0.0	25.8	10.5	14.877	1.8	2.4
ClimateId2	12345	18-09-1989	0.0	25.9	12.2	13.809	1.0	2.3
ClimateId2	12345	19-09-1989	0.0	25.8	13.7	12.802	1.4	2.3
ClimateId2	12345	20-09-1989	0.0	25.6	13.2	12.859	1.2	2.2
ClimateId2	12345	21-09-1989	0.0	24.5	11.0	11.958	1.1	2.0
ClimateId2	12345	22-09-1989	0.0	24.0	12.0	12.262	1.2	2.1
ClimateId2	12345	23-09-1989	0.0	22.6	9.4	12.817	1.4	1.9
ClimateId2	12345	24-09-1989	0.0	22.3	10.8	11.675	1.3	1.9
ClimateId2	12345	25-09-1989	0.0	21.7	10.5	11.416	1.2	1.8
ClimateId2	12345	26-09-1989	0.0	21.3	10.0	11.257	1.5	1.7
ClimateId2	12345	27-09-1989	0.2	16.9	10.6	7.958	1.9	1.2
ClimateId2	12345	28-09-1989	27.6	13.0	9.4	5.598	3.1	1.1
ClimateId2	12345	29-09-1989	7.1	16.9	10.8	7.586	5.2	2.6
ClimateId2	12345	30-09-1989	0.0	16.2	4.7	10.756	2.8	1.9
ClimateId2	12345	01-10-1989	0.0	16.9	7.9	8.998	2.0	1.5
ClimateId2	12345	02-10-1989	0.0	19.2	6.9	10.932	1.5	1.7
ClimateId2	12345	03-10-1989	0.2	15.0	5.2	9.416	3.4	1.9
ClimateId2	12345	04-10-1989	0.0	13.7	2.2	10.11	1.8	1.4
ClimateId2	12345	05-10-1989	0.0	15.7	0.3	11.882	1.5	1.2
ClimateId2	12345	06-10-1989	0.0	16.7	4.4	10.283	1.3	1.3
ClimateId2	12345	07-10-1989	0.5	12.3	6.0	6.849	1.4	0.9
ClimateId2	12345	08-10-1989	0.0	11.1	4.1	7.201	2.0	0.8
ClimateId2	12345	09-10-1989	0.2	13.2	6.9	6.637	2.9	1.6
ClimateId2	12345	10-10-1989	0.0	14.7	4.7	8.545	3.1	1.7
ClimateId2	12345	11-10-1989	0.0	15.3	0.9	10.441	1.5	1.2
ClimateId2	12345	12-10-1989	0.0	16.8	4.0	9.623	1.3	1.1
ClimateId2	12345	13-10-1989	0.0	17.5	2.2	10.556	1.5	1.1
ClimateId2	12345	14-10-1989	0.0	17.4	3.8	9.033	1.5	1.0
ClimateId2	12345	15-10-1989	1.2	14.2	6.9	6.592	2.9	1.5
ClimateId2	12345	16-10-1989	0.0	15.2	1.7	9.357	1.5	1.1
ClimateId2	12345	17-10-1989	0.0	17.5	0.3	10.575	1.4	1.0
ClimateId2	12345	18-10-1989	0.0	19.0	2.0	10.343	1.2	0.9
ClimateId2	12345	19-10-1989	0.0	17.9	2.6	9.587	1.2	0.8
ClimateId2	12345	20-10-1989	0.0	14.3	3.8	7.257	1.8	0.9
ClimateId2	12345	21-10-1989	0.0	19.2	5.0	8.892	1.4	1.0
ClimateId2	12345	22-10-1989	0.0	21.3	6.4	8.946	1.5	1.1
ClimateId2	12345	23-10-1989	0.0	20.8	5.8	8.891	1.3	1.0
ClimateId2	12345	24-10-1989	0.0	22.4	4.9	9.544	1.1	0.9
ClimateId2	12345	25-10-1989	0.0	21.7	5.9	8.845	1.4	1.0
ClimateId2	12345	26-10-1989	0.0	21.9	6.2	8.66	0.9	0.9
ClimateId2	12345	27-10-1989	0.0	21.6	5.6	8.627	1.3	0.9
ClimateId2	12345	28-10-1989	0.0	20.0	5.5	8.013	1.8	0.9
ClimateId2	12345	29-10-1989	0.0	15.4	5.9	6.131	1.7	1.0
ClimateId2	12345	30-10-1989	0.3	15.0	4.7	6.305	1.3	0.5
ClimateId2	12345	31-10-1989	0.0	16.9	6.1	6.331	1.3	0.6
ClimateId2	12345	01-11-1989	0.0	18.6	5.0	7.232	1.6	0.8
ClimateId2	12345	02-11-1989	0.0	19.5	4.8	7.304	1.7	0.8
ClimateId2	12345	03-11-1989	0.0	19.2	4.9	7.184	2.9	1.0
ClimateId2	12345	04-11-1989	1.0	15.5	9.8	3.988	3.0	1.2
ClimateId2	12345	05-11-1989	0.0	13.1	4.9	4.917	3.3	1.0
ClimateId2	12345	06-11-1989	3.7	9.4	6.7	2.146	2.2	0.6
ClimateId2	12345	07-11-1989	0.3	11.9	3.8	4.682	1.9	0.8
ClimateId2	12345	08-11-1989	0.0	11.9	-0.6	6.084	1.6	0.5
ClimateId2	12345	09-11-1989	0.0	9.2	1.9	4.181	0.7	0.4
ClimateId2	12345	10-11-1989	0.0	11.8	1.5	5.204	1.3	0.5
ClimateId2	12345	11-11-1989	0.0	11.0	-1.6	5.842	1.2	0.5
ClimateId2	12345	12-11-1989	0.0	4.6	-3.8	4.223	1.3	0.2
ClimateId2	12345	13-11-1989	0.0	4.9	-2.0	3.494	1.0	0.3
ClimateId2	12345	14-11-1989	0.0	7.2	-4.3	5.112	1.0	0.2
ClimateId2	12345	15-11-1989	0.0	11.1	-3.7	5.994	1.6	0.4
ClimateId2	12345	16-11-1989	0.0	7.7	2.2	2.874	2.2	1.1
ClimateId2	12345	17-11-1989	0.0	3.5	-3.8	3.703	1.5	0.5
ClimateId2	12345	18-11-1989	0.0	2.7	-3.5	4.026	1.4	0.4
ClimateId2	12345	19-11-1989	0.0	2.4	-6.0	3.935	1.2	0.3
ClimateId2	12345	20-11-1989	0.0	3.3	-4.9	3.78	0.8	0.2
ClimateId2	12345	21-11-1989	0.0	3.0	-2.5	2.915	0.8	0.3
ClimateId2	12345	22-11-1989	0.0	10.4	-3.4	5.133	2.3	0.2
ClimateId2	12345	23-11-1989	5.0	4.0	-0.6	2.383	2.7	1.0
ClimateId2	12345	24-11-1989	0.0	4.1	-6.8	4.295	1.6	0.4
ClimateId2	12345	25-11-1989	0.0	2.0	-7.1	3.746	1.9	0.3
ClimateId2	12345	26-11-1989	0.0	2.4	-10.4	3.501	2.0	0.4
ClimateId2	12345	27-11-1989	0.0	5.8	-6.3	4.364	1.2	0.4
ClimateId2	12345	28-11-1989	0.0	7.8	-7.1	4.964	3.8	0.6
ClimateId2	12345	29-11-1989	0.0	1.6	-4.0	3.247	1.6	0.3
ClimateId2	12345	30-11-1989	0.0	1.4	-10.6	4.228	1.2	0.2
ClimateId2	12345	01-12-1989	0.0	1.1	-5.7	3.395	1.2	0.2
ClimateId2	12345	02-12-1989	0.0	6.2	-8.7	4.746	1.2	0.2
ClimateId2	12345	03-12-1989	0.0	5.3	-6.8	4.084	1.2	0.2
ClimateId2	12345	04-12-1989	0.0	2.7	-7.5	3.459	1.1	0.2
ClimateId2	12345	05-12-1989	0.0	4.1	-7.6	3.933	1.0	0.1
ClimateId2	12345	06-12-1989	0.0	1.3	-3.5	1.907	1.2	0.4
ClimateId2	12345	07-12-1989	0.0	4.8	-4.3	3.226	1.3	0.4
ClimateId2	12345	08-12-1989	0.0	2.9	-6.0	2.551	1.2	0.4
ClimateId2	12345	09-12-1989	0.0	3.5	-9.6	4.074	1.4	0.1
ClimateId2	12345	10-12-1989	0.0	0.6	-4.3	1.93	2.5	0.9
ClimateId2	12345	11-12-1989	0.0	0.1	-11.4	3.661	1.4	0.2
ClimateId2	12345	12-12-1989	0.0	1.5	-9.0	3.458	1.2	0.1
ClimateId2	12345	13-12-1989	0.0	5.7	-2.6	2.895	2.6	0.4
ClimateId2	12345	14-12-1989	0.0	10.5	-1.2	3.656	2.4	0.4
ClimateId2	12345	15-12-1989	0.0	16.2	2.5	3.99	4.3	0.8
ClimateId2	12345	16-12-1989	0.0	15.1	4.0	3.461	2.0	0.6
ClimateId2	12345	17-12-1989	0.0	10.4	7.4	2.365	5.1	1.4
ClimateId2	12345	18-12-1989	0.3	11.5	4.1	2.585	2.2	0.4
ClimateId2	12345	19-12-1989	3.0	9.7	-3.4	2.386	4.8	0.3
ClimateId2	12345	20-12-1989	6.3	10.7	3.4	2.57	1.6	0.5
ClimateId2	12345	21-12-1989	0.0	14.6	2.6	3.644	1.4	0.5
ClimateId2	12345	22-12-1989	0.0	15.8	3.2	3.732	4.3	1.0
ClimateId2	12345	23-12-1989	1.9	9.0	1.1	2.088	2.9	0.9
ClimateId2	12345	24-12-1989	0.0	5.0	-3.2	2.832	1.3	0.3
ClimateId2	12345	25-12-1989	0.0	6.6	0.2	2.337	1.1	0.4
ClimateId2	12345	26-12-1989	0.0	3.0	-1.5	1.823	1.2	0.4
ClimateId2	12345	27-12-1989	0.0	-0.6	-3.7	2.015	1.4	0.3
ClimateId2	12345	28-12-1989	0.0	2.9	-5.5	2.91	1.1	0.2
ClimateId2	12345	29-12-1989	0.0	2.9	-6.4	3.14	0.9	0.2
ClimateId2	12345	30-12-1989	0.0	-1.4	-7.3	2.267	0.9	0.1
ClimateId2	12345	31-12-1989	0.0	-3.1	-5.8	1.008	1.0	0.2
ClimateId2	12345	01-01-1990	0.0	-2.6	-4.1	0.462	1.1	0.4
ClimateId2	12345	02-01-1990	0.0	-2.8	-4.3	1.607	1.3	0.4
ClimateId2	12345	03-01-1990	0.0	-1.4	-4.0	1.06	0.9	0.4
ClimateId2	12345	04-01-1990	0.0	-0.8	-5.3	1.627	1.6	0.4
ClimateId2	12345	05-01-1990	0.0	-3.9	-6.0	0.815	1.9	0.4
ClimateId2	12345	06-01-1990	0.0	-4.7	-6.3	1.716	1.5	0.4
ClimateId2	12345	07-01-1990	0.0	-4.0	-8.3	1.833	1.2	0.4
ClimateId2	12345	08-01-1990	0.0	-7.6	-13.4	2.423	1.0	0.1
ClimateId2	12345	09-01-1990	0.0	-1.2	-10.8	3.546	1.2	0.2
ClimateId2	12345	10-01-1990	0.0	3.5	-10.0	4.514	1.1	0.1
ClimateId2	12345	11-01-1990	0.0	2.2	-8.0	3.697	0.9	0.2
ClimateId2	12345	12-01-1990	0.0	0.0	-9.8	3.628	1.1	0.1
ClimateId2	12345	13-01-1990	0.0	-0.6	-7.7	2.576	1.1	0.3
ClimateId2	12345	14-01-1990	0.0	-4.2	-9.1	2.318	1.0	0.2
ClimateId2	12345	15-01-1990	0.0	-5.8	-6.8	0.376	1.3	0.4
ClimateId2	12345	16-01-1990	0.0	4.5	-7.4	4.503	1.3	0.2
ClimateId2	12345	17-01-1990	0.0	12.3	-4.2	5.637	1.3	0.3
ClimateId2	12345	18-01-1990	0.3	3.4	-1.5	3.176	1.1	0.3
ClimateId2	12345	19-01-1990	0.0	7.4	-3.0	4.312	2.2	0.6
ClimateId2	12345	20-01-1990	0.0	7.3	-4.5	4.76	1.5	0.4
ClimateId2	12345	21-01-1990	0.0	9.5	-3.0	4.975	1.5	0.4
ClimateId2	12345	22-01-1990	0.0	13.2	-1.8	5.72	1.3	0.5
ClimateId2	12345	23-01-1990	0.0	10.2	-4.0	5.596	1.7	0.4
ClimateId2	12345	24-01-1990	0.0	8.6	-3.3	5.093	3.2	0.6
ClimateId2	12345	25-01-1990	0.0	9.4	-1.8	4.986	2.6	0.4
ClimateId2	12345	26-01-1990	2.0	7.0	-2.6	4.136	4.3	0.4
ClimateId2	12345	27-01-1990	2.2	4.7	0.3	2.512	1.4	0.5
ClimateId2	12345	28-01-1990	0.0	10.9	-0.3	5.256	5.1	0.6
ClimateId2	12345	29-01-1990	0.8	5.6	-0.1	3.545	2.3	0.5
ClimateId2	12345	30-01-1990	0.0	7.7	-1.8	4.724	1.3	0.4
ClimateId2	12345	31-01-1990	0.0	8.3	2.5	3.57	2.3	0.6
ClimateId2	12345	01-02-1990	0.0	10.1	0.5	5.118	2.4	0.7
ClimateId2	12345	02-02-1990	0.0	12.5	0.1	6.033	2.8	0.7
ClimateId2	12345	03-02-1990	2.0	11.7	3.3	4.873	2.6	0.7
ClimateId2	12345	04-02-1990	0.0	14.1	1.2	6.466	2.1	1.1
ClimateId2	12345	05-02-1990	0.0	13.4	-3.0	7.588	1.1	0.6
ClimateId2	12345	06-02-1990	0.0	10.9	-3.3	7.117	1.4	0.5
ClimateId2	12345	07-02-1990	0.0	8.6	-3.1	6.414	0.9	0.4
ClimateId2	12345	08-02-1990	0.0	10.2	-4.2	7.436	1.1	0.4
ClimateId2	12345	09-02-1990	0.0	9.0	1.4	5.1	2.2	1.0
ClimateId2	12345	10-02-1990	0.0	8.2	-3.1	6.637	1.8	0.7
ClimateId2	12345	11-02-1990	0.0	2.9	-1.0	3.422	1.9	0.6
ClimateId2	12345	12-02-1990	0.7	2.0	-0.6	2.631	1.1	0.4
ClimateId2	12345	13-02-1990	0.0	8.3	-0.8	6.167	1.3	0.7
ClimateId2	12345	14-02-1990	0.7	8.2	-1.6	6.57	2.9	0.7
ClimateId2	12345	15-02-1990	0.0	10.9	-0.7	7.358	3.5	1.0
ClimateId2	12345	16-02-1990	0.0	8.7	-0.7	5.902	3.8	1.1
ClimateId2	12345	17-02-1990	0.0	7.0	-0.9	6.593	1.7	0.9
ClimateId2	12345	18-02-1990	0.0	12.9	-2.4	9.085	1.3	0.8
ClimateId2	12345	19-02-1990	0.0	14.7	-0.5	9.198	1.1	0.8
ClimateId2	12345	20-02-1990	0.0	17.0	0.3	9.861	1.3	0.9
ClimateId2	12345	21-02-1990	0.0	16.7	0.6	9.794	1.4	0.9
ClimateId2	12345	22-02-1990	0.0	16.2	1.3	9.504	1.9	1.0
ClimateId2	12345	23-02-1990	0.0	10.5	-0.1	8.425	1.2	0.9
ClimateId2	12345	24-02-1990	0.0	18.2	-0.6	11.224	1.6	1.1
ClimateId2	12345	25-02-1990	0.0	12.7	0.1	9.4	1.7	1.1
ClimateId2	12345	26-02-1990	0.0	16.9	2.9	9.718	3.4	1.7
ClimateId2	12345	27-02-1990	0.6	14.4	0.7	8.497	4.6	1.5
ClimateId2	12345	28-02-1990	0.0	10.0	1.8	7.452	3.4	1.7
ClimateId2	12345	01-03-1990	0.3	11.7	0.9	8.821	5.8	2.5
ClimateId2	12345	02-03-1990	0.0	9.7	-2.0	9.444	2.4	1.4
ClimateId2	12345	03-03-1990	0.0	7.5	-3.3	9.148	3.7	1.6
ClimateId2	12345	04-03-1990	0.0	11.2	-3.3	10.938	2.0	1.3
ClimateId2	12345	05-03-1990	0.0	10.3	-1.9	9.125	1.5	1.1
ClimateId2	12345	06-03-1990	0.0	12.9	-2.2	11.578	1.4	1.2
ClimateId2	12345	07-03-1990	0.0	19.5	3.4	12.048	2.2	2.0
ClimateId2	12345	08-03-1990	0.0	21.5	-0.3	14.573	1.6	1.7
ClimateId2	12345	09-03-1990	0.0	15.4	3.4	10.58	1.7	1.5
ClimateId2	12345	10-03-1990	0.0	11.0	1.9	9.181	1.9	1.2
ClimateId2	12345	11-03-1990	0.0	21.9	0.6	14.99	1.6	1.8
ClimateId2	12345	12-03-1990	0.0	24.2	2.2	15.43	1.7	2.0
ClimateId2	12345	13-03-1990	0.0	14.4	2.5	9.582	1.9	1.6
ClimateId2	12345	14-03-1990	0.0	15.5	0.0	13.101	1.5	1.5
ClimateId2	12345	15-03-1990	0.0	13.5	3.1	10.598	1.6	1.5
ClimateId2	12345	16-03-1990	0.0	14.0	3.3	10.906	1.6	1.7
ClimateId2	12345	17-03-1990	0.0	13.9	-2.0	13.778	1.5	1.6
ClimateId2	12345	18-03-1990	0.0	17.0	-2.8	15.762	1.5	1.8
ClimateId2	12345	19-03-1990	0.0	19.7	-1.0	16.315	1.4	2.0
ClimateId2	12345	20-03-1990	0.0	21.2	0.2	16.632	1.6	2.2
ClimateId2	12345	21-03-1990	0.0	21.4	3.0	15.7	2.2	2.4
ClimateId2	12345	22-03-1990	0.0	23.9	5.3	15.99	1.5	2.4
ClimateId2	12345	23-03-1990	0.0	18.5	7.4	12.226	2.4	2.2
ClimateId2	12345	24-03-1990	0.0	17.2	7.5	11.453	1.9	2.0
ClimateId2	12345	25-03-1990	6.9	9.4	5.9	6.231	2.3	1.2
ClimateId2	12345	26-03-1990	0.2	8.8	2.1	9.522	2.5	1.7
ClimateId2	12345	27-03-1990	0.5	7.9	3.4	7.563	2.6	1.2
ClimateId2	12345	28-03-1990	14.0	12.9	3.4	11.875	2.2	1.7
ClimateId2	12345	29-03-1990	0.0	12.7	1.7	13.018	3.0	1.7
ClimateId2	12345	30-03-1990	5.7	12.9	5.5	10.523	1.9	1.6
ClimateId2	12345	31-03-1990	0.0	17.9	4.0	15.131	1.9	2.2
ClimateId2	12345	01-04-1990	0.0	17.2	4.1	14.729	1.7	2.1
ClimateId2	12345	02-04-1990	0.0	20.5	2.7	17.632	3.5	2.9
ClimateId2	12345	03-04-1990	0.0	17.9	7.9	12.874	5.5	3.4
ClimateId2	12345	04-04-1990	4.9	9.2	3.0	13.295	2.4	2.1
ClimateId2	12345	05-04-1990	0.9	8.4	4.5	7.776	1.3	1.3
ClimateId2	12345	06-04-1990	0.0	13.7	5.2	12.318	1.6	1.7
ClimateId2	12345	07-04-1990	7.6	10.7	8.4	5.663	2.0	1.1
ClimateId2	12345	08-04-1990	5.5	9.5	3.4	11.48	5.9	2.2
ClimateId2	12345	09-04-1990	0.0	7.7	1.7	10.395	1.9	1.8
ClimateId2	12345	10-04-1990	0.0	10.7	2.4	12.516	2.8	2.2
ClimateId2	12345	11-04-1990	0.0	12.2	-1.0	16.418	2.3	2.1
ClimateId2	12345	12-04-1990	0.0	13.0	0.1	16.351	3.0	2.4
ClimateId2	12345	13-04-1990	0.0	14.3	0.0	17.377	2.1	2.4
ClimateId2	12345	14-04-1990	5.6	17.7	1.6	17.136	2.4	2.6
ClimateId2	12345	15-04-1990	0.0	17.0	4.2	16.714	3.1	2.8
ClimateId2	12345	16-04-1990	1.1	13.5	6.9	11.698	4.2	3.1
ClimateId2	12345	17-04-1990	0.0	14.2	3.7	15.147	1.7	2.4
ClimateId2	12345	18-04-1990	0.0	9.9	4.3	12.989	1.6	2.1
ClimateId2	12345	19-04-1990	3.9	12.3	5.5	12.197	2.1	2.0
ClimateId2	12345	20-04-1990	5.6	9.0	3.8	10.519	2.0	1.3
ClimateId2	12345	21-04-1990	3.1	8.7	4.3	9.643	1.3	1.2
ClimateId2	12345	22-04-1990	1.0	16.5	3.4	17.941	1.9	2.6
ClimateId2	12345	23-04-1990	12.8	13.1	7.6	11.212	2.6	2.2
ClimateId2	12345	24-04-1990	0.2	17.6	6.5	16.562	2.9	3.1
ClimateId2	12345	25-04-1990	0.6	17.5	3.0	19.362	1.1	2.6
ClimateId2	12345	26-04-1990	0.0	17.9	3.6	19.31	2.3	3.0
ClimateId2	12345	27-04-1990	0.0	18.7	5.9	18.282	2.3	3.3
ClimateId2	12345	28-04-1990	0.0	15.9	7.7	14.386	5.0	4.0
ClimateId2	12345	29-04-1990	0.0	15.2	2.1	18.76	3.3	3.2
ClimateId2	12345	30-04-1990	0.0	17.9	2.1	20.92	1.6	2.9
ClimateId2	12345	01-05-1990	0.0	19.1	10.9	14.708	2.5	3.1
ClimateId2	12345	02-05-1990	0.0	23.4	8.2	20.756	2.9	4.0
ClimateId2	12345	03-05-1990	0.0	19.6	7.5	18.486	2.4	3.6
ClimateId2	12345	04-05-1990	0.0	19.1	6.8	17.653	3.2	3.3
ClimateId2	12345	05-05-1990	0.0	23.4	8.0	21.33	1.8	3.8
ClimateId2	12345	06-05-1990	0.0	24.7	7.2	22.876	2.1	4.0
ClimateId2	12345	07-05-1990	0.0	24.0	8.4	21.684	1.7	3.7
ClimateId2	12345	08-05-1990	0.0	24.1	7.7	22.385	2.1	3.9
ClimateId2	12345	09-05-1990	0.1	23.6	9.3	20.9	1.8	3.8
ClimateId2	12345	10-05-1990	0.0	23.0	9.8	20.175	1.8	3.6
ClimateId2	12345	11-05-1990	0.0	24.2	8.5	22.229	2.0	3.9
ClimateId2	12345	12-05-1990	0.0	19.4	13.3	13.233	2.5	3.2
ClimateId2	12345	13-05-1990	0.0	23.6	8.2	20.401	1.8	3.5
ClimateId2	12345	14-05-1990	0.0	25.2	9.2	22.809	1.6	4.0
ClimateId2	12345	15-05-1990	0.0	23.0	13.7	17.114	1.4	3.4
ClimateId2	12345	16-05-1990	0.0	25.2	11.2	21.402	2.1	4.0
ClimateId2	12345	17-05-1990	0.3	25.7	10.7	22.322	1.8	4.1
ClimateId2	12345	18-05-1990	0.0	22.4	10.0	20.165	1.8	3.5
ClimateId2	12345	19-05-1990	1.4	16.1	10.6	12.935	1.7	2.7
ClimateId2	12345	20-05-1990	0.0	16.7	11.2	13.148	2.0	3.0
ClimateId2	12345	21-05-1990	0.0	21.5	10.2	19.455	1.8	3.7
ClimateId2	12345	22-05-1990	0.0	22.0	9.2	20.777	1.4	3.7
ClimateId2	12345	23-05-1990	0.3	22.8	11.5	19.666	1.7	3.5
ClimateId2	12345	24-05-1990	3.2	25.9	12.9	21.233	2.2	4.2
ClimateId2	12345	25-05-1990	9.0	19.5	9.7	19.948	2.7	3.8
ClimateId2	12345	26-05-1990	1.1	17.0	7.3	18.333	2.3	3.4
ClimateId2	12345	27-05-1990	0.0	17.5	6.6	19.529	2.3	3.6
ClimateId2	12345	28-05-1990	0.0	17.8	4.9	21.383	2.1	3.4
ClimateId2	12345	29-05-1990	3.2	15.2	7.4	16.442	2.8	3.3
ClimateId2	12345	30-05-1990	0.0	18.0	2.9	23.395	1.7	3.5
ClimateId2	12345	31-05-1990	0.0	18.7	4.8	22.431	2.1	3.6
ClimateId2	12345	01-06-1990	0.0	21.5	7.4	22.736	1.7	3.9
ClimateId2	12345	02-06-1990	0.0	23.2	8.2	23.505	2.1	4.2
ClimateId2	12345	03-06-1990	7.7	20.4	11.4	17.883	2.3	3.8
ClimateId2	12345	04-06-1990	0.0	21.9	8.2	22.47	2.6	4.0
ClimateId2	12345	05-06-1990	2.0	15.2	12.5	9.254	2.1	2.1
ClimateId2	12345	06-06-1990	0.0	19.2	9.2	19.105	1.6	3.0
ClimateId2	12345	07-06-1990	8.5	20.5	12.2	17.277	1.6	3.3
ClimateId2	12345	08-06-1990	2.9	20.5	12.6	16.858	2.0	3.3
ClimateId2	12345	09-06-1990	6.7	21.0	10.0	20.217	2.1	3.9
ClimateId2	12345	10-06-1990	19.3	12.9	9.4	10.716	2.1	2.0
ClimateId2	12345	11-06-1990	0.0	20.7	6.7	23.019	2.1	3.9
ClimateId2	12345	12-06-1990	0.0	21.1	8.1	22.133	1.7	3.7
ClimateId2	12345	13-06-1990	2.3	16.1	12.0	11.678	1.0	2.2
ClimateId2	12345	14-06-1990	0.0	21.3	11.7	18.811	1.9	3.6
ClimateId2	12345	15-06-1990	2.0	20.1	11.5	17.793	1.7	3.2
ClimateId2	12345	16-06-1990	1.4	20.0	12.2	16.884	1.7	3.2
ClimateId2	12345	17-06-1990	0.6	21.4	10.6	20.122	1.5	3.7
ClimateId2	12345	18-06-1990	0.0	23.7	10.2	21.507	1.9	4.1
ClimateId2	12345	19-06-1990	1.5	25.5	12.2	22.497	1.8	4.3
ClimateId2	12345	20-06-1990	0.0	28.6	13.4	24.196	2.9	5.3
ClimateId2	12345	21-06-1990	6.9	22.3	14.9	16.435	2.5	3.7
ClimateId2	12345	22-06-1990	0.0	25.9	12.3	21.541	2.5	4.3
ClimateId2	12345	23-06-1990	6.2	16.4	13.5	15.001	2.1	3.2
ClimateId2	12345	24-06-1990	0.3	23.5	12.0	21.001	1.6	4.1
ClimateId2	12345	25-06-1990	0.0	24.4	11.7	21.894	1.8	4.2
ClimateId2	12345	26-06-1990	0.0	26.2	13.7	21.749	1.9	4.5
ClimateId2	12345	27-06-1990	0.0	26.2	17.7	17.624	1.8	4.1
ClimateId2	12345	28-06-1990	0.0	27.7	16.0	20.888	2.1	4.6
ClimateId2	12345	29-06-1990	0.9	28.0	14.9	22.266	1.5	4.5
ClimateId2	12345	30-06-1990	1.3	30.0	16.7	22.391	2.1	5.0
ClimateId2	12345	01-07-1990	1.3	28.4	17.2	20.457	1.9	4.7
ClimateId2	12345	02-07-1990	0.7	17.1	13.7	10.665	2.3	2.5
ClimateId2	12345	03-07-1990	0.0	20.3	9.9	19.571	1.2	3.3
ClimateId2	12345	04-07-1990	3.6	19.8	14.5	13.492	3.1	3.5
ClimateId2	12345	05-07-1990	0.0	25.2	7.5	25.833	2.5	4.6
ClimateId2	12345	06-07-1990	4.9	16.5	12.4	11.685	2.3	2.5
ClimateId2	12345	07-07-1990	0.0	24.8	7.8	20.196	2.0	4.2
ClimateId2	12345	08-07-1990	0.0	19.2	11.2	16.854	1.4	3.1
ClimateId2	12345	09-07-1990	0.0	26.0	12.7	21.759	2.6	4.5
ClimateId2	12345	10-07-1990	16.7	19.2	13.5	20.179	2.1	4.2
ClimateId2	12345	11-07-1990	3.3	21.9	10.8	19.921	2.8	4.2
ClimateId2	12345	12-07-1990	0.0	23.4	8.6	23.212	1.7	4.2
ClimateId2	12345	13-07-1990	0.0	25.6	10.0	22.114	1.3	4.2
ClimateId2	12345	14-07-1990	0.0	22.5	13.5	17.617	2.7	3.9
ClimateId2	12345	15-07-1990	0.0	21.7	10.2	20.147	1.5	3.7
ClimateId2	12345	16-07-1990	0.0	27.0	10.1	24.553	1.6	4.5
ClimateId2	12345	17-07-1990	0.0	27.9	13.7	22.386	1.7	4.5
ClimateId2	12345	18-07-1990	1.5	23.5	13.2	18.757	2.8	4.3
ClimateId2	12345	19-07-1990	0.0	23.5	9.5	22.057	1.8	4.0
ClimateId2	12345	20-07-1990	0.0	23.8	10.7	21.133	2.1	4.0
ClimateId2	12345	21-07-1990	0.0	27.9	11.9	23.414	1.9	4.6
ClimateId2	12345	22-07-1990	0.0	29.0	13.6	22.978	1.8	4.7
ClimateId2	12345	23-07-1990	0.0	23.9	14.7	17.3	1.8	3.8
ClimateId2	12345	24-07-1990	0.8	23.7	14.3	17.409	1.7	3.7
ClimateId2	12345	25-07-1990	0.0	24.3	15.6	16.579	1.9	4.0
ClimateId2	12345	26-07-1990	0.0	24.9	11.5	20.914	1.4	3.9
ClimateId2	12345	27-07-1990	0.0	26.2	13.2	20.567	1.7	4.1
ClimateId2	12345	28-07-1990	0.0	27.4	12.7	21.799	1.4	4.3
ClimateId2	12345	29-07-1990	0.0	30.0	13.7	22.908	1.7	4.7
ClimateId2	12345	30-07-1990	0.0	31.4	16.3	21.872	1.5	4.8
ClimateId2	12345	31-07-1990	0.0	29.6	16.3	20.387	2.2	4.7
ClimateId2	12345	01-08-1990	2.6	27.8	18.2	16.945	2.1	4.2
ClimateId2	12345	02-08-1990	0.0	28.6	14.9	20.469	2.0	4.5
ClimateId2	12345	03-08-1990	0.0	26.5	13.0	20.203	1.7	4.1
ClimateId2	12345	04-08-1990	0.0	27.0	11.5	21.695	1.7	4.2
ClimateId2	12345	05-08-1990	0.0	28.4	11.5	22.541	2.2	4.5
ClimateId2	12345	06-08-1990	0.0	30.1	13.5	22.234	2.3	4.7
ClimateId2	12345	07-08-1990	10.5	17.3	14.1	14.076	1.8	2.9
ClimateId2	12345	08-08-1990	1.5	21.5	12.7	15.623	2.6	3.4
ClimateId2	12345	09-08-1990	0.0	23.7	9.2	20.343	2.4	3.9
ClimateId2	12345	10-08-1990	0.0	26.5	9.5	21.984	1.5	4.0
ClimateId2	12345	11-08-1990	0.0	25.7	15.4	16.718	1.8	3.7
ClimateId2	12345	12-08-1990	0.0	27.4	12.2	20.43	1.4	3.9
ClimateId2	12345	13-08-1990	0.0	29.3	12.8	21.21	2.4	4.4
ClimateId2	12345	14-08-1990	0.0	29.6	13.6	20.72	1.8	4.2
ClimateId2	12345	15-08-1990	0.0	27.6	14.5	18.513	2.0	3.8
ClimateId2	12345	16-08-1990	0.2	27.7	15.5	17.681	1.6	3.7
ClimateId2	12345	17-08-1990	1.3	27.2	14.4	18.022	2.6	4.0
ClimateId2	12345	18-08-1990	3.2	21.9	12.8	16.339	1.8	3.3
ClimateId2	12345	19-08-1990	0.0	25.3	8.9	20.23	1.8	3.5
ClimateId2	12345	20-08-1990	0.0	27.5	11.6	19.826	1.7	3.7
ClimateId2	12345	21-08-1990	15.0	22.6	13.2	16.672	2.5	3.3
ClimateId2	12345	22-08-1990	0.0	18.9	11.4	12.97	1.9	2.5
ClimateId2	12345	23-08-1990	0.0	23.1	9.6	17.736	1.9	3.2
ClimateId2	12345	24-08-1990	0.0	24.3	11.9	16.761	1.5	3.1
ClimateId2	12345	25-08-1990	0.0	26.0	10.9	18.526	1.8	3.4
ClimateId2	12345	26-08-1990	0.0	27.3	12.5	18.174	1.9	3.5
ClimateId2	12345	27-08-1990	0.0	26.3	15.2	15.451	1.6	3.2
ClimateId2	12345	28-08-1990	0.0	27.5	13.7	17.206	1.3	3.4
ClimateId2	12345	29-08-1990	0.0	27.4	12.7	17.608	1.2	3.3
ClimateId2	12345	30-08-1990	0.0	27.5	12.9	17.455	1.6	3.4
ClimateId2	12345	31-08-1990	0.0	27.9	13.4	17.175	1.8	3.4
ClimateId2	12345	01-09-1990	1.1	23.9	14.2	13.641	1.5	2.7
ClimateId2	12345	02-09-1990	4.8	19.9	12.5	11.656	1.6	2.3
ClimateId2	12345	03-09-1990	0.0	21.5	8.5	15.738	1.9	2.6
ClimateId2	12345	04-09-1990	0.0	19.4	11.2	12.071	1.3	2.1
ClimateId2	12345	05-09-1990	1.7	21.1	12.8	12.105	1.7	2.4
ClimateId2	12345	06-09-1990	0.2	20.0	7.2	15.202	1.7	2.5
ClimateId2	12345	07-09-1990	0.0	20.8	7.6	15.279	2.3	2.5
ClimateId2	12345	08-09-1990	17.4	19.0	9.3	12.77	2.3	2.5
ClimateId2	12345	09-09-1990	0.0	21.5	6.5	16.046	1.8	2.5
ClimateId2	12345	10-09-1990	0.0	16.9	9.2	10.923	1.7	1.8
ClimateId2	12345	11-09-1990	0.2	18.4	8.2	12.701	2.6	2.4
ClimateId2	12345	12-09-1990	1.0	16.9	9.9	10.273	4.0	2.8
ClimateId2	12345	13-09-1990	0.1	19.4	5.7	14.65	1.8	2.2
ClimateId2	12345	14-09-1990	0.0	19.8	7.4	14.174	1.5	2.1
ClimateId2	12345	15-09-1990	0.0	22.0	6.6	15.267	1.4	2.2
ClimateId2	12345	16-09-1990	0.7	16.4	10.3	8.986	2.0	2.0
ClimateId2	12345	17-09-1990	0.0	19.4	5.0	14.403	2.2	2.1
ClimateId2	12345	18-09-1990	0.9	18.5	10.0	10.657	2.3	2.1
ClimateId2	12345	19-09-1990	0.0	19.0	6.7	12.933	1.5	2.0
ClimateId2	12345	20-09-1990	0.9	22.6	8.4	13.813	2.4	2.3
ClimateId2	12345	21-09-1990	6.6	17.1	10.7	8.682	1.9	1.5
ClimateId2	12345	22-09-1990	1.6	15.5	9.3	8.434	2.0	1.5
ClimateId2	12345	23-09-1990	0.0	22.1	7.0	13.746	1.6	1.7
ClimateId2	12345	24-09-1990	10.8	17.2	9.1	11.016	2.1	1.7
ClimateId2	12345	25-09-1990	0.0	16.6	4.4	11.923	1.3	1.4
ClimateId2	12345	26-09-1990	0.0	12.2	7.8	6.567	1.3	1.0
ClimateId2	12345	27-09-1990	0.0	16.3	7.2	9.89	1.4	1.5
ClimateId2	12345	28-09-1990	0.2	15.9	7.1	9.555	1.7	1.6
ClimateId2	12345	29-09-1990	0.0	18.9	3.8	12.733	1.7	1.5
ClimateId2	12345	30-09-1990	0.0	22.4	5.7	13.313	1.4	1.7
ClimateId2	12345	01-10-1990	0.0	24.9	10.0	12.293	1.9	2.0
ClimateId2	12345	02-10-1990	0.4	17.9	14.0	5.499	2.5	1.7
ClimateId2	12345	03-10-1990	0.0	18.6	8.5	9.631	2.0	1.5
ClimateId2	12345	04-10-1990	0.0	15.4	7.6	8.16	1.2	1.0
ClimateId2	12345	05-10-1990	1.6	12.0	10.1	3.327	1.6	0.9
ClimateId2	12345	06-10-1990	0.0	16.8	6.8	9.167	1.7	1.2
ClimateId2	12345	07-10-1990	0.0	20.9	8.3	10.319	1.8	1.4
ClimateId2	12345	08-10-1990	14.6	13.4	7.2	8.832	2.0	1.3
ClimateId2	12345	09-10-1990	0.2	14.0	4.1	8.688	1.8	1.2
ClimateId2	12345	10-10-1990	0.0	15.9	1.9	10.498	1.8	1.2
ClimateId2	12345	11-10-1990	0.0	17.2	2.0	10.829	0.9	1.0
ClimateId2	12345	12-10-1990	0.0	19.0	3.0	10.993	1.4	1.0
ClimateId2	12345	13-10-1990	0.0	21.6	7.0	9.17	1.4	1.2
ClimateId2	12345	14-10-1990	0.0	22.7	9.2	9.649	1.0	1.2
ClimateId2	12345	15-10-1990	0.0	18.9	6.7	8.027	0.9	1.0
ClimateId2	12345	16-10-1990	0.0	19.7	6.6	8.208	1.3	1.1
ClimateId2	12345	17-10-1990	0.0	17.2	8.2	7.188	1.2	0.9
ClimateId2	12345	18-10-1990	0.0	17.4	9.9	6.228	1.3	1.0
ClimateId2	12345	19-10-1990	0.0	20.4	9.4	7.929	1.6	1.1
ClimateId2	12345	20-10-1990	6.3	13.1	9.6	3.818	1.9	0.5
ClimateId2	12345	21-10-1990	3.7	12.6	4.3	7.104	3.4	0.9
ClimateId2	12345	22-10-1990	0.0	8.9	-1.1	7.15	1.8	0.9
ClimateId2	12345	23-10-1990	0.0	8.5	-3.4	7.793	1.5	0.7
ClimateId2	12345	24-10-1990	0.0	8.0	-3.7	7.603	1.2	0.6
ClimateId2	12345	25-10-1990	0.0	8.7	0.2	7.046	1.2	0.6
ClimateId2	12345	26-10-1990	0.0	9.0	2.1	5.293	0.9	0.5
ClimateId2	12345	27-10-1990	1.4	7.9	4.5	3.13	0.9	0.4
ClimateId2	12345	28-10-1990	8.6	11.6	4.0	5.389	1.5	0.6
ClimateId2	12345	29-10-1990	0.0	11.0	4.3	4.861	3.0	0.5
ClimateId2	12345	30-10-1990	4.8	12.9	7.0	5.462	1.9	0.9
ClimateId2	12345	31-10-1990	0.0	14.4	2.1	6.924	1.3	0.5
ClimateId2	12345	01-11-1990	33.9	9.7	2.9	5.441	1.5	0.6
ClimateId2	12345	02-11-1990	0.0	9.5	1.4	5.196	1.6	0.4
ClimateId2	12345	03-11-1990	4.6	6.5	1.5	3.636	0.9	0.3
ClimateId2	12345	04-11-1990	0.0	9.0	2.0	4.538	1.0	0.5
ClimateId2	12345	05-11-1990	0.0	9.4	-2.3	6.152	1.8	0.5
ClimateId2	12345	06-11-1990	0.5	6.9	-1.5	4.898	1.3	0.5
ClimateId2	12345	07-11-1990	0.0	6.8	-4.6	5.827	1.2	0.4
ClimateId2	12345	08-11-1990	0.0	8.5	-4.0	6.062	1.2	0.4
ClimateId2	12345	09-11-1990	0.0	9.0	-1.9	5.513	1.3	0.5
ClimateId2	12345	10-11-1990	0.0	7.3	0.0	4.534	1.5	0.5
ClimateId2	12345	11-11-1990	0.0	0.2	-3.0	2.247	1.3	0.3
ClimateId2	12345	12-11-1990	0.0	8.7	0.7	4.012	0.7	0.4
ClimateId2	12345	13-11-1990	0.2	10.0	1.8	4.244	1.2	0.4
ClimateId2	12345	14-11-1990	0.0	6.2	0.4	3.328	1.2	0.2
ClimateId2	12345	15-11-1990	0.1	7.2	3.0	2.558	1.1	0.4
ClimateId2	12345	16-11-1990	0.0	11.2	3.4	3.911	1.0	0.5
ClimateId2	12345	17-11-1990	0.0	8.8	-0.4	4.285	1.2	0.3
ClimateId2	12345	18-11-1990	0.0	8.9	1.3	3.705	1.6	0.4
ClimateId2	12345	19-11-1990	0.0	9.5	2.2	3.515	2.0	0.5
ClimateId2	12345	20-11-1990	0.0	7.9	2.9	2.655	1.0	0.3
ClimateId2	12345	21-11-1990	0.3	10.2	3.3	3.333	3.1	0.4
ClimateId2	12345	22-11-1990	2.6	7.9	4.0	2.072	1.1	0.5
ClimateId2	12345	23-11-1990	0.2	12.2	2.5	4.003	1.8	0.2
ClimateId2	12345	24-11-1990	1.3	10.2	4.3	2.815	1.7	0.6
ClimateId2	12345	25-11-1990	0.0	10.5	0.8	3.909	2.5	0.5
ClimateId2	12345	26-11-1990	0.0	12.6	7.4	2.473	2.7	1.0
ClimateId2	12345	27-11-1990	10.2	6.3	1.7	1.771	1.6	0.4
ClimateId2	12345	28-11-1990	0.5	6.0	1.5	2.109	1.5	0.2
ClimateId2	12345	29-11-1990	2.0	4.9	3.0	0.862	1.3	0.5
ClimateId2	12345	30-11-1990	0.0	4.5	1.0	2.023	2.1	0.5
ClimateId2	12345	01-12-1990	0.0	3.3	-3.0	2.522	4.8	0.6
ClimateId2	12345	02-12-1990	0.3	0.8	-5.7	2.681	2.1	0.4
ClimateId2	12345	03-12-1990	0.5	2.7	-5.3	3.395	1.4	0.2
ClimateId2	12345	04-12-1990	0.0	0.9	-6.5	2.874	1.3	0.2
ClimateId2	12345	05-12-1990	0.0	4.1	-4.3	3.111	2.0	0.3
ClimateId2	12345	06-12-1990	0.2	2.6	-3.1	2.705	3.7	0.5
ClimateId2	12345	07-12-1990	1.0	-1.1	-5.0	1.406	1.9	0.4
ClimateId2	12345	08-12-1990	1.9	-1.5	-4.1	1.084	1.2	0.3
ClimateId2	12345	09-12-1990	0.0	-0.3	-5.8	2.131	1.1	0.2
ClimateId2	12345	10-12-1990	9.1	2.9	-4.6	2.685	1.8	0.0
ClimateId2	12345	11-12-1990	0.7	3.8	0.4	1.389	1.7	0.3
ClimateId2	12345	12-12-1990	0.4	1.6	-0.7	0.88	1.1	0.4
ClimateId2	12345	13-12-1990	0.1	4.5	-1.1	2.436	2.8	0.5
ClimateId2	12345	14-12-1990	0.0	5.2	-1.3	2.233	4.6	1.1
ClimateId2	12345	15-12-1990	0.0	2.0	-3.1	1.663	2.6	0.7
ClimateId2	12345	16-12-1990	0.9	2.5	-0.1	0.974	3.0	0.7
ClimateId2	12345	17-12-1990	0.4	-0.3	-1.0	0.0	1.8	0.6
ClimateId2	12345	18-12-1990	4.7	-0.1	-1.1	0.166	1.6	0.5
ClimateId2	12345	19-12-1990	0.3	-0.1	-3.4	2.386	1.2	0.3
ClimateId2	12345	20-12-1990	0.0	-1.1	-5.1	1.509	1.1	0.3
ClimateId2	12345	21-12-1990	0.0	-1.3	-8.9	2.641	1.4	0.2
ClimateId2	12345	22-12-1990	0.0	1.4	-7.3	2.857	1.0	0.1
ClimateId2	12345	23-12-1990	0.0	3.7	-2.5	2.1	1.3	0.2
ClimateId2	12345	24-12-1990	0.6	2.5	-4.5	2.524	2.4	0.3
ClimateId2	12345	25-12-1990	0.0	-3.1	-4.3	0.224	1.0	0.5
ClimateId2	12345	26-12-1990	0.7	0.1	-3.9	1.745	1.4	0.3
ClimateId2	12345	27-12-1990	0.0	6.9	-3.5	3.326	2.5	0.2
ClimateId2	12345	28-12-1990	0.3	5.0	-0.8	2.173	1.2	0.4
ClimateId2	12345	29-12-1990	0.0	1.2	-4.1	2.067	1.5	0.2
ClimateId2	12345	30-12-1990	0.0	9.9	-1.7	3.698	1.7	0.4
ClimateId2	12345	31-12-1990	0.0	7.1	-0.4	2.733	1.2	0.2
ClimateId2	12345	01-01-1991	0.7	4.6	1.7	1.223	1.4	0.4
ClimateId2	12345	02-01-1991	0.0	4.0	-2.7	2.544	1.8	0.3
ClimateId2	12345	03-01-1991	0.0	9.4	-0.7	3.46	1.2	0.3
ClimateId2	12345	04-01-1991	0.0	12.5	-1.3	4.295	1.8	0.3
ClimateId2	12345	05-01-1991	2.8	4.8	-0.5	1.916	1.3	0.4
ClimateId2	12345	06-01-1991	0.0	4.4	-0.9	2.225	1.1	0.4
ClimateId2	12345	07-01-1991	0.0	6.3	-4.0	3.64	1.6	0.1
ClimateId2	12345	08-01-1991	11.9	5.2	0.3	2.025	1.4	0.2
ClimateId2	12345	09-01-1991	0.0	6.3	-2.2	3.118	1.5	0.3
ClimateId2	12345	10-01-1991	0.0	7.1	-2.1	3.488	1.4	0.2
ClimateId2	12345	11-01-1991	0.0	12.3	-2.9	3.791	1.4	0.3
ClimateId2	12345	12-01-1991	6.2	5.5	-0.3	2.571	1.3	0.2
ClimateId2	12345	13-01-1991	2.9	5.2	3.2	1.017	1.6	0.6
ClimateId2	12345	14-01-1991	0.4	2.5	0.3	1.127	2.7	0.8
ClimateId2	12345	15-01-1991	0.0	2.9	-4.0	3.062	2.0	0.8
ClimateId2	12345	16-01-1991	0.0	1.7	-7.5	3.425	1.5	0.3
ClimateId2	12345	17-01-1991	0.0	0.8	-9.4	4.145	1.3	0.2
ClimateId2	12345	18-01-1991	0.0	4.7	-10.3	5.39	0.9	0.2
ClimateId2	12345	19-01-1991	0.0	3.9	-8.7	4.889	1.0	0.3
ClimateId2	12345	20-01-1991	0.0	1.0	-7.5	3.511	1.1	0.3
ClimateId2	12345	21-01-1991	0.0	-1.8	-9.3	3.143	0.9	0.2
ClimateId2	12345	22-01-1991	0.0	-3.4	-5.2	2.831	0.8	0.3
ClimateId2	12345	23-01-1991	0.0	-1.1	-4.4	1.988	1.2	0.4
ClimateId2	12345	24-01-1991	0.0	3.2	-3.5	3.488	1.3	0.5
ClimateId2	12345	25-01-1991	0.0	2.3	-3.8	3.288	1.0	0.4
ClimateId2	12345	26-01-1991	0.0	4.5	-5.9	4.858	0.9	0.3
ClimateId2	12345	27-01-1991	0.0	-0.7	-5.1	2.746	1.7	0.3
ClimateId2	12345	28-01-1991	0.0	3.6	-1.8	3.244	1.5	0.7
ClimateId2	12345	29-01-1991	0.0	3.2	-9.0	5.654	1.5	0.3
ClimateId2	12345	30-01-1991	0.0	2.5	-6.2	4.47	2.3	0.7
ClimateId2	12345	31-01-1991	0.0	-1.9	-10.0	4.513	1.9	0.6
ClimateId2	12345	01-02-1991	0.0	-4.7	-14.3	5.119	1.4	0.4
ClimateId2	12345	02-02-1991	0.0	-3.0	-16.0	6.316	1.3	0.3
ClimateId2	12345	03-02-1991	0.0	-0.9	-14.8	6.661	1.0	0.3
ClimateId2	12345	04-02-1991	0.0	1.6	-13.1	5.847	2.0	0.5
ClimateId2	12345	05-02-1991	0.2	-7.4	-10.3	2.439	2.8	0.5
ClimateId2	12345	06-02-1991	0.0	-9.1	-10.7	5.187	1.6	0.4
ClimateId2	12345	07-02-1991	8.5	-4.7	-10.1	3.947	1.3	0.3
ClimateId2	12345	08-02-1991	4.2	-3.1	-11.9	5.49	1.2	0.2
ClimateId2	12345	09-02-1991	0.0	1.9	-11.0	7.084	1.5	0.2
ClimateId2	12345	10-02-1991	0.0	7.2	-6.2	7.334	2.0	0.4
ClimateId2	12345	11-02-1991	5.2	3.4	-3.7	5.826	2.4	0.6
ClimateId2	12345	12-02-1991	0.0	-1.5	-5.4	3.411	1.3	0.4
ClimateId2	12345	13-02-1991	0.4	1.7	-5.6	5.385	1.5	0.7
ClimateId2	12345	14-02-1991	0.0	1.3	-12.3	7.869	1.4	0.4
ClimateId2	12345	15-02-1991	0.0	-0.3	-13.3	7.855	1.4	0.4
ClimateId2	12345	16-02-1991	0.0	1.4	-12.1	8.184	1.1	0.4
ClimateId2	12345	17-02-1991	0.0	2.7	-9.1	7.683	1.4	0.5
ClimateId2	12345	18-02-1991	0.0	4.5	-11.1	9.177	1.4	0.5
ClimateId2	12345	19-02-1991	0.0	4.4	-9.3	8.663	1.2	0.5
ClimateId2	12345	20-02-1991	0.0	6.0	-8.5	8.347	0.8	0.6
ClimateId2	12345	21-02-1991	0.0	5.6	-5.7	8.013	1.0	0.6
ClimateId2	12345	22-02-1991	0.0	7.9	-2.8	7.888	1.1	0.7
ClimateId2	12345	23-02-1991	0.0	9.8	-4.3	9.402	0.9	0.7
ClimateId2	12345	24-02-1991	0.0	11.3	2.0	7.519	1.1	1.0
ClimateId2	12345	25-02-1991	0.0	9.0	-2.4	8.74	1.2	0.8
ClimateId2	12345	26-02-1991	0.0	9.5	-1.3	8.44	1.4	0.7
ClimateId2	12345	27-02-1991	0.0	4.1	1.6	3.259	1.5	0.8
ClimateId2	12345	28-02-1991	0.0	0.7	-0.7	2.386	1.0	0.8
ClimateId2	12345	01-03-1991	0.0	1.5	-1.2	3.761	0.9	0.6
ClimateId2	12345	02-03-1991	0.0	5.0	-1.4	7.463	1.1	0.9
ClimateId2	12345	03-03-1991	0.0	4.7	2.0	3.904	0.7	0.7
ClimateId2	12345	04-03-1991	0.0	5.4	1.9	4.72	1.2	0.7
ClimateId2	12345	05-03-1991	0.0	10.7	0.5	9.101	1.5	1.0
ClimateId2	12345	06-03-1991	0.0	6.6	0.7	6.718	1.2	0.7
ClimateId2	12345	07-03-1991	0.0	12.7	2.6	9.266	1.1	1.1
ClimateId2	12345	08-03-1991	0.0	16.0	3.0	10.887	2.5	1.4
ClimateId2	12345	09-03-1991	0.0	13.2	3.2	9.559	1.4	1.2
ClimateId2	12345	10-03-1991	0.0	11.4	3.5	8.448	1.6	1.0
ClimateId2	12345	11-03-1991	3.3	7.5	5.7	3.328	0.5	0.7
ClimateId2	12345	12-03-1991	1.3	12.4	3.6	9.217	0.9	1.2
ClimateId2	12345	13-03-1991	0.0	14.0	-0.9	12.635	1.4	1.3
ClimateId2	12345	14-03-1991	0.0	15.1	-0.3	11.804	1.7	1.4
ClimateId2	12345	15-03-1991	0.0	17.6	-0.1	12.434	1.7	1.5
ClimateId2	12345	16-03-1991	0.0	17.0	1.0	13.616	1.6	1.7
ClimateId2	12345	17-03-1991	0.0	16.3	0.4	12.141	1.6	1.5
ClimateId2	12345	18-03-1991	0.0	15.9	0.8	13.63	1.6	1.5
ClimateId2	12345	19-03-1991	0.0	15.0	3.4	11.928	1.7	1.5
ClimateId2	12345	20-03-1991	0.0	18.7	5.2	13.147	1.6	2.0
ClimateId2	12345	21-03-1991	0.0	19.6	3.9	12.01	2.8	1.9
ClimateId2	12345	22-03-1991	0.0	15.4	8.3	12.282	5.2	2.1
ClimateId2	12345	23-03-1991	0.2	10.4	4.6	7.955	2.1	1.4
ClimateId2	12345	24-03-1991	0.0	15.8	4.3	12.94	1.6	1.8
ClimateId2	12345	25-03-1991	0.0	15.7	6.0	11.532	2.6	1.8
ClimateId2	12345	26-03-1991	13.4	8.5	5.9	5.117	1.7	0.9
ClimateId2	12345	27-03-1991	1.4	10.1	1.7	12.294	2.3	1.8
ClimateId2	12345	28-03-1991	2.6	7.8	0.1	10.546	2.3	1.5
ClimateId2	12345	29-03-1991	0.5	4.9	0.2	7.161	3.1	1.3
ClimateId2	12345	30-03-1991	8.6	3.3	0.5	6.016	1.6	0.8
ClimateId2	12345	31-03-1991	0.0	11.1	1.1	12.635	1.4	1.5
ClimateId2	12345	01-04-1991	0.0	11.0	1.3	12.532	1.1	1.5
ClimateId2	12345	02-04-1991	0.0	12.8	0.0	14.682	1.6	1.6
ClimateId2	12345	03-04-1991	0.2	10.9	3.8	10.753	1.5	1.4
ClimateId2	12345	04-04-1991	0.3	13.4	4.0	12.443	1.6	1.6
ClimateId2	12345	05-04-1991	0.0	16.5	5.7	13.827	3.6	2.6
ClimateId2	12345	06-04-1991	2.1	16.4	4.7	13.873	2.5	2.2
ClimateId2	12345	07-04-1991	0.0	16.9	3.0	16.18	1.9	2.3
ClimateId2	12345	08-04-1991	0.0	16.4	3.5	15.73	2.5	2.5
ClimateId2	12345	09-04-1991	0.0	17.0	3.9	16.007	2.4	2.6
ClimateId2	12345	10-04-1991	0.0	16.0	5.7	14.137	2.7	2.7
ClimateId2	12345	11-04-1991	0.0	14.4	2.4	14.817	2.6	2.3
ClimateId2	12345	12-04-1991	0.5	15.0	7.8	11.841	2.2	2.1
ClimateId2	12345	13-04-1991	0.0	16.1	3.5	15.478	2.0	2.3
ClimateId2	12345	14-04-1991	0.6	16.5	3.8	16.463	1.9	2.3
ClimateId2	12345	15-04-1991	4.1	17.7	3.7	17.569	1.7	2.6
ClimateId2	12345	16-04-1991	0.0	19.9	3.2	19.433	2.0	2.9
ClimateId2	12345	17-04-1991	0.4	10.4	0.4	13.026	2.9	2.1
ClimateId2	12345	18-04-1991	5.3	2.3	0.9	4.689	2.0	0.8
ClimateId2	12345	19-04-1991	0.7	9.4	2.0	15.216	2.3	2.3
ClimateId2	12345	20-04-1991	0.0	10.0	-1.1	16.144	2.0	2.0
ClimateId2	12345	21-04-1991	0.0	9.5	1.4	13.59	2.1	2.1
ClimateId2	12345	22-04-1991	5.1	9.7	1.0	14.373	1.9	2.1
ClimateId2	12345	23-04-1991	0.0	16.5	-1.2	16.35	2.0	2.8
ClimateId2	12345	24-04-1991	0.0	11.3	4.2	13.048	3.9	2.8
ClimateId2	12345	25-04-1991	0.2	10.7	3.7	12.984	1.6	2.0
ClimateId2	12345	26-04-1991	0.0	13.5	0.9	18.051	1.7	2.4
ClimateId2	12345	27-04-1991	0.0	13.7	2.5	17.05	1.7	2.3
ClimateId2	12345	28-04-1991	0.0	15.4	7.1	14.607	1.3	2.4
ClimateId2	12345	29-04-1991	0.3	18.0	6.1	17.465	2.3	3.1
ClimateId2	12345	30-04-1991	0.0	16.0	6.3	16.104	1.7	2.7
ClimateId2	12345	01-05-1991	0.0	20.0	7.7	18.421	2.1	3.3
ClimateId2	12345	02-05-1991	0.0	17.2	5.9	17.791	2.4	2.7
ClimateId2	12345	03-05-1991	4.8	11.6	9.4	7.087	2.3	1.4
ClimateId2	12345	04-05-1991	7.1	9.5	6.0	9.473	1.9	1.6
ClimateId2	12345	05-05-1991	4.4	15.1	6.4	15.684	2.1	2.7
ClimateId2	12345	06-05-1991	1.6	14.4	3.5	17.761	1.8	2.4
ClimateId2	12345	07-05-1991	0.0	15.0	3.7	18.225	3.8	3.1
ClimateId2	12345	08-05-1991	0.0	17.2	6.4	17.922	2.3	3.4
ClimateId2	12345	09-05-1991	0.0	17.3	3.8	20.282	1.6	3.0
ClimateId2	12345	10-05-1991	11.4	13.3	8.7	10.187	2.4	1.8
ClimateId2	12345	11-05-1991	6.4	18.5	10.1	15.862	3.4	3.4
ClimateId2	12345	12-05-1991	0.0	18.5	4.5	21.009	2.3	3.3
ClimateId2	12345	13-05-1991	0.6	17.0	9.0	15.665	3.6	3.6
ClimateId2	12345	14-05-1991	0.0	19.3	4.6	21.736	1.3	3.3
ClimateId2	12345	15-05-1991	0.0	16.2	9.5	14.417	3.4	3.5
ClimateId2	12345	16-05-1991	0.7	15.7	6.0	15.044	2.6	3.0
ClimateId2	12345	17-05-1991	2.7	20.5	6.5	19.08	6.0	3.6
ClimateId2	12345	18-05-1991	4.8	9.2	5.4	10.562	3.3	2.1
ClimateId2	12345	19-05-1991	2.7	15.6	7.0	16.744	3.7	3.9
ClimateId2	12345	20-05-1991	0.0	18.2	4.3	21.687	2.6	3.8
ClimateId2	12345	21-05-1991	0.0	22.2	5.3	22.476	2.4	3.9
ClimateId2	12345	22-05-1991	0.0	25.7	12.4	21.408	1.4	4.3
ClimateId2	12345	23-05-1991	0.0	20.0	13.1	14.914	3.4	4.1
ClimateId2	12345	24-05-1991	0.0	16.6	5.2	18.914	4.1	3.4
ClimateId2	12345	25-05-1991	0.0	14.9	2.0	21.165	3.0	3.3
ClimateId2	12345	26-05-1991	0.0	14.7	6.3	16.839	2.2	2.9
ClimateId2	12345	27-05-1991	0.1	15.2	4.0	19.801	4.1	3.7
ClimateId2	12345	28-05-1991	0.0	18.2	4.5	21.913	4.4	4.4
ClimateId2	12345	29-05-1991	0.0	20.3	6.5	22.096	3.2	4.4
ClimateId2	12345	30-05-1991	0.0	20.2	6.1	22.559	2.2	3.9
ClimateId2	12345	31-05-1991	0.0	23.7	10.4	21.944	1.4	4.2
ClimateId2	12345	01-06-1991	0.0	26.0	9.0	25.06	1.8	4.7
ClimateId2	12345	02-06-1991	3.8	20.4	10.6	18.716	1.9	3.5
ClimateId2	12345	03-06-1991	1.0	24.4	10.2	22.879	3.4	4.6
ClimateId2	12345	04-06-1991	12.3	12.2	11.1	20.861	1.9	4.1
ClimateId2	12345	05-06-1991	3.9	17.0	9.4	19.573	1.5	3.7
ClimateId2	12345	06-06-1991	0.0	18.9	5.2	22.559	3.2	3.5
ClimateId2	12345	07-06-1991	1.0	18.7	11.7	15.698	2.2	3.1
ClimateId2	12345	08-06-1991	0.0	21.6	9.3	21.388	2.8	4.1
ClimateId2	12345	09-06-1991	0.0	23.2	11.6	20.851	1.9	4.3
ClimateId2	12345	10-06-1991	0.0	25.1	11.4	22.75	2.5	4.5
ClimateId2	12345	11-06-1991	13.3	19.7	13.7	14.183	1.2	2.9
ClimateId2	12345	12-06-1991	0.0	23.4	8.3	22.453	2.1	4.2
ClimateId2	12345	13-06-1991	0.0	25.4	11.2	23.236	1.9	4.4
ClimateId2	12345	14-06-1991	3.2	17.2	13.4	14.414	1.7	3.2
ClimateId2	12345	15-06-1991	0.0	24.0	13.8	19.524	1.4	3.9
ClimateId2	12345	16-06-1991	0.0	26.6	13.1	23.005	3.1	4.8
ClimateId2	12345	17-06-1991	0.0	25.9	16.5	18.668	2.9	4.6
ClimateId2	12345	18-06-1991	1.4	18.7	15.0	11.325	3.0	3.0
ClimateId2	12345	19-06-1991	8.2	13.0	11.1	15.571	1.7	3.1
ClimateId2	12345	20-06-1991	0.0	20.9	6.6	23.359	1.9	3.8
ClimateId2	12345	21-06-1991	1.1	23.7	12.2	20.862	1.9	4.1
ClimateId2	12345	22-06-1991	0.0	26.9	12.2	23.8	1.7	4.7
ClimateId2	12345	23-06-1991	0.0	28.2	14.1	23.193	1.8	4.7
ClimateId2	12345	24-06-1991	0.0	28.5	15.0	22.723	2.1	4.9
ClimateId2	12345	25-06-1991	1.5	25.6	16.7	18.113	1.4	3.9
ClimateId2	12345	26-06-1991	0.0	29.0	17.0	21.295	2.3	4.8
ClimateId2	12345	27-06-1991	5.6	23.2	16.7	15.321	2.1	3.5
ClimateId2	12345	28-06-1991	30.9	20.6	9.3	20.606	2.0	3.8
ClimateId2	12345	29-06-1991	5.6	19.5	8.2	20.535	2.4	3.8
ClimateId2	12345	30-06-1991	0.0	21.1	8.7	21.585	2.1	4.0
ClimateId2	12345	01-07-1991	0.0	24.2	8.4	22.209	2.2	4.2
ClimateId2	12345	02-07-1991	0.0	26.2	11.7	23.414	2.4	4.8
ClimateId2	12345	03-07-1991	0.0	25.7	16.0	18.808	2.6	4.4
ClimateId2	12345	04-07-1991	0.0	26.6	18.5	16.974	2.3	4.1
ClimateId2	12345	05-07-1991	0.9	28.0	18.0	19.116	2.2	4.4
ClimateId2	12345	06-07-1991	0.0	27.2	16.3	19.867	2.2	4.7
ClimateId2	12345	07-07-1991	0.0	27.6	15.0	21.498	1.8	4.6
ClimateId2	12345	08-07-1991	0.0	28.7	15.9	21.683	1.5	4.6
ClimateId2	12345	09-07-1991	3.8	29.0	18.4	19.597	1.7	4.5
ClimateId2	12345	10-07-1991	0.0	29.0	18.1	19.754	1.5	4.5
ClimateId2	12345	11-07-1991	0.0	29.6	17.0	21.303	1.5	4.6
ClimateId2	12345	12-07-1991	0.0	28.3	18.6	20.526	1.4	4.5
ClimateId2	12345	13-07-1991	2.8	27.8	16.3	20.134	2.4	4.6
ClimateId2	12345	14-07-1991	2.8	26.5	15.4	19.718	2.3	4.2
ClimateId2	12345	15-07-1991	6.1	24.0	15.3	17.398	2.4	3.9
ClimateId2	12345	16-07-1991	0.0	26.5	12.7	22.033	2.0	4.4
ClimateId2	12345	17-07-1991	0.9	26.5	15.7	19.25	2.3	4.2
ClimateId2	12345	18-07-1991	17.1	23.7	13.9	18.315	2.1	3.9
ClimateId2	12345	19-07-1991	0.0	26.9	14.5	20.598	1.6	4.2
ClimateId2	12345	20-07-1991	0.0	25.5	19.0	14.595	1.3	3.3
ClimateId2	12345	21-07-1991	5.5	25.4	17.0	16.688	2.6	3.8
ClimateId2	12345	22-07-1991	1.1	24.4	13.3	19.272	1.8	3.8
ClimateId2	12345	23-07-1991	0.0	25.5	13.1	20.391	1.8	4.0
ClimateId2	12345	24-07-1991	0.0	27.7	14.6	20.834	1.9	4.2
ClimateId2	12345	25-07-1991	10.1	20.6	15.7	12.076	1.5	2.5
ClimateId2	12345	26-07-1991	3.2	24.2	12.6	18.78	2.0	3.9
ClimateId2	12345	27-07-1991	0.0	20.7	11.5	17.042	3.9	3.7
ClimateId2	12345	28-07-1991	9.6	18.5	14.7	10.551	4.3	2.5
ClimateId2	12345	29-07-1991	1.0	24.8	15.5	16.972	2.7	3.9
ClimateId2	12345	30-07-1991	0.0	26.0	13.7	19.687	1.4	3.8
ClimateId2	12345	31-07-1991	0.0	26.4	15.4	18.413	2.0	3.8
ClimateId2	12345	01-08-1991	0.2	24.1	16.3	15.193	2.3	3.5
ClimateId2	12345	02-08-1991	0.8	22.2	15.4	14.109	2.4	3.1
ClimateId2	12345	03-08-1991	1.0	22.6	16.9	12.742	3.3	3.3
ClimateId2	12345	04-08-1991	0.0	26.4	18.0	15.542	2.7	4.0
ClimateId2	12345	05-08-1991	0.6	26.2	15.7	17.45	2.8	4.0
ClimateId2	12345	06-08-1991	0.0	27.7	15.4	18.899	1.7	4.0
ClimateId2	12345	07-08-1991	0.0	27.1	15.6	18.85	1.6	3.9
ClimateId2	12345	08-08-1991	0.0	29.3	16.5	19.103	2.1	4.2
ClimateId2	12345	09-08-1991	0.0	29.7	15.7	19.964	1.3	4.1
ClimateId2	12345	10-08-1991	0.0	27.4	16.9	16.937	1.4	3.5
ClimateId2	12345	11-08-1991	0.0	27.7	16.7	17.322	1.7	3.6
ClimateId2	12345	12-08-1991	0.0	28.2	18.0	16.479	1.4	3.6
ClimateId2	12345	13-08-1991	0.0	25.4	15.8	15.889	1.5	3.2
ClimateId2	12345	14-08-1991	0.6	25.2	15.4	16.577	2.2	3.6
ClimateId2	12345	15-08-1991	3.9	25.0	14.9	16.137	1.6	3.3
ClimateId2	12345	16-08-1991	1.9	24.9	12.7	17.745	1.7	3.4
ClimateId2	12345	17-08-1991	0.0	25.9	12.2	18.237	1.9	3.4
ClimateId2	12345	18-08-1991	2.0	23.1	15.1	13.822	1.9	2.8
ClimateId2	12345	19-08-1991	4.3	25.2	15.0	17.177	1.8	3.4
ClimateId2	12345	20-08-1991	0.0	22.2	10.2	16.982	1.4	3.0
ClimateId2	12345	21-08-1991	0.0	19.6	14.3	10.786	1.2	2.2
ClimateId2	12345	22-08-1991	0.0	21.5	12.4	14.331	0.9	2.4
ClimateId2	12345	23-08-1991	0.0	24.3	15.9	13.715	1.3	2.8
ClimateId2	12345	24-08-1991	0.0	25.1	14.4	15.706	1.5	3.1
ClimateId2	12345	25-08-1991	9.4	25.3	16.8	13.531	1.6	2.9
ClimateId2	12345	26-08-1991	8.9	24.5	14.6	14.653	1.4	2.8
ClimateId2	12345	27-08-1991	0.2	22.4	12.8	14.258	2.0	3.0
ClimateId2	12345	28-08-1991	0.0	22.8	9.0	16.119	1.6	2.8
ClimateId2	12345	29-08-1991	3.4	18.8	13.1	10.442	1.8	2.2
ClimateId2	12345	30-08-1991	0.0	22.0	8.6	15.596	1.6	2.7
ClimateId2	12345	31-08-1991	0.0	22.4	9.5	16.15	1.5	2.8
ClimateId2	12345	01-09-1991	0.0	22.2	8.7	16.464	1.6	2.7
ClimateId2	12345	02-09-1991	0.0	23.8	8.7	17.297	1.1	2.7
ClimateId2	12345	03-09-1991	0.0	24.6	9.4	17.169	1.0	2.8
ClimateId2	12345	04-09-1991	0.0	25.0	10.0	16.829	1.5	2.9
ClimateId2	12345	05-09-1991	0.0	25.5	10.5	16.692	1.4	2.9
ClimateId2	12345	06-09-1991	0.0	24.0	10.4	15.708	1.8	2.8
ClimateId2	12345	07-09-1991	0.0	21.0	11.8	12.594	1.8	2.6
ClimateId2	12345	08-09-1991	0.2	17.7	8.8	12.161	1.2	2.0
ClimateId2	12345	09-09-1991	0.0	20.7	7.0	15.308	1.6	2.4
ClimateId2	12345	10-09-1991	0.0	22.2	7.5	15.698	1.7	2.5
ClimateId2	12345	11-09-1991	17.5	24.6	8.4	16.439	1.5	2.5
ClimateId2	12345	12-09-1991	0.0	19.6	13.6	9.359	1.8	1.8
ClimateId2	12345	13-09-1991	5.6	15.0	12.8	5.145	1.5	1.1
ClimateId2	12345	14-09-1991	0.4	19.6	14.1	8.643	1.0	1.6
ClimateId2	12345	15-09-1991	9.9	22.2	15.6	9.542	1.5	1.9
ClimateId2	12345	16-09-1991	25.1	23.3	14.4	11.082	1.4	2.1
ClimateId2	12345	17-09-1991	0.0	21.7	11.5	11.911	1.3	1.9
ClimateId2	12345	18-09-1991	0.0	22.0	12.4	11.248	2.2	2.5
ClimateId2	12345	19-09-1991	0.0	21.1	6.9	13.937	1.4	2.0
ClimateId2	12345	20-09-1991	0.0	22.0	10.3	12.417	1.6	2.0
ClimateId2	12345	21-09-1991	5.1	17.9	11.9	8.397	1.4	1.5
ClimateId2	12345	22-09-1991	0.0	22.8	12.7	11.183	1.5	1.9
ClimateId2	12345	23-09-1991	26.3	17.0	11.1	9.334	1.7	1.6
ClimateId2	12345	24-09-1991	0.0	20.2	6.5	12.873	1.5	1.8
ClimateId2	12345	25-09-1991	0.0	19.8	7.8	11.829	1.7	1.7
ClimateId2	12345	26-09-1991	0.0	23.3	8.3	13.196	4.2	2.2
ClimateId2	12345	27-09-1991	0.0	23.0	14.2	9.518	3.7	2.6
ClimateId2	12345	28-09-1991	2.8	18.0	10.5	8.712	1.7	1.6
ClimateId2	12345	29-09-1991	0.0	22.2	9.7	10.678	2.8	1.7
ClimateId2	12345	30-09-1991	1.3	25.1	14.5	10.312	2.5	2.2
ClimateId2	12345	01-10-1991	0.0	18.2	13.2	6.515	1.3	1.4
ClimateId2	12345	02-10-1991	8.4	17.0	9.2	8.418	2.0	1.7
ClimateId2	12345	03-10-1991	0.0	17.8	4.8	11.112	1.8	1.7
ClimateId2	12345	04-10-1991	0.0	17.2	3.3	11.369	1.3	1.3
ClimateId2	12345	05-10-1991	0.0	15.8	3.2	10.611	1.6	1.3
ClimateId2	12345	06-10-1991	0.0	17.7	3.0	11.423	1.1	1.2
ClimateId2	12345	07-10-1991	0.0	19.9	5.7	11.042	1.5	1.3
ClimateId2	12345	08-10-1991	5.8	13.6	10.5	4.358	1.7	0.8
ClimateId2	12345	09-10-1991	3.3	13.0	9.9	4.355	1.3	0.8
ClimateId2	12345	10-10-1991	0.0	16.1	8.4	7.386	1.5	1.0
ClimateId2	12345	11-10-1991	0.0	12.6	9.1	4.171	1.4	0.6
ClimateId2	12345	12-10-1991	0.3	16.1	11.1	5.408	1.8	0.9
ClimateId2	12345	13-10-1991	0.7	18.9	13.0	5.985	3.3	1.6
ClimateId2	12345	14-10-1991	0.0	19.5	6.2	9.552	2.1	1.3
ClimateId2	12345	15-10-1991	0.7	19.1	11.0	7.072	1.8	1.2
ClimateId2	12345	16-10-1991	1.1	15.2	11.2	7.667	1.4	1.0
ClimateId2	12345	17-10-1991	0.0	18.7	8.3	7.898	1.8	1.2
ClimateId2	12345	18-10-1991	20.2	11.7	6.9	6.031	1.9	0.9
ClimateId2	12345	19-10-1991	3.2	8.1	6.9	1.717	1.5	0.7
ClimateId2	12345	20-10-1991	1.1	9.9	5.3	4.545	1.8	1.2
ClimateId2	12345	21-10-1991	0.0	9.1	-1.1	7.27	2.1	0.8
ClimateId2	12345	22-10-1991	0.0	9.6	2.2	7.26	3.1	1.0
ClimateId2	12345	23-10-1991	0.0	11.5	-1.9	8.34	1.8	0.8
ClimateId2	12345	24-10-1991	0.0	7.9	0.3	5.822	1.0	0.6
ClimateId2	12345	25-10-1991	1.0	6.4	2.2	5.64	2.4	0.6
ClimateId2	12345	26-10-1991	0.0	4.8	-2.6	5.475	1.6	0.6
ClimateId2	12345	27-10-1991	0.0	3.8	-0.2	3.558	1.8	0.8
ClimateId2	12345	28-10-1991	0.0	3.4	-1.3	3.901	1.2	0.7
ClimateId2	12345	29-10-1991	0.0	6.8	-3.0	6.219	1.3	0.6
ClimateId2	12345	30-10-1991	0.0	5.1	-4.6	6.12	1.6	0.5
ClimateId2	12345	31-10-1991	0.0	3.4	-4.1	5.14	1.3	0.4
ClimateId2	12345	01-11-1991	0.0	6.3	-2.0	5.322	1.6	0.6
ClimateId2	12345	02-11-1991	0.0	4.6	-4.6	5.626	1.4	0.4
ClimateId2	12345	03-11-1991	0.0	9.5	-2.6	6.526	1.8	0.4
ClimateId2	12345	04-11-1991	0.0	14.2	1.2	6.623	3.8	0.4
ClimateId2	12345	05-11-1991	30.0	7.6	4.2	2.733	1.8	0.5
ClimateId2	12345	06-11-1991	0.1	9.7	3.1	4.186	1.5	0.6
ClimateId2	12345	07-11-1991	0.7	7.3	-1.6	5.019	1.3	0.4
ClimateId2	12345	08-11-1991	0.0	12.5	0.6	5.891	1.1	0.6
ClimateId2	12345	09-11-1991	0.0	12.2	-1.1	6.233	1.5	0.3
ClimateId2	12345	10-11-1991	9.3	9.1	3.0	3.712	1.4	0.8
ClimateId2	12345	11-11-1991	0.0	7.2	-4.0	5.406	2.3	0.5
ClimateId2	12345	12-11-1991	0.0	8.9	-2.8	4.719	1.3	0.5
ClimateId2	12345	13-11-1991	0.0	14.5	-1.9	6.584	4.8	0.6
ClimateId2	12345	14-11-1991	0.4	11.6	8.7	1.998	4.0	1.4
ClimateId2	12345	15-11-1991	0.7	8.2	0.0	4.104	1.9	0.3
ClimateId2	12345	16-11-1991	8.4	6.9	4.6	1.435	1.9	0.4
ClimateId2	12345	17-11-1991	13.5	7.2	3.2	2.341	2.6	1.0
ClimateId2	12345	18-11-1991	2.3	7.9	-1.5	4.285	1.2	0.4
ClimateId2	12345	19-11-1991	0.0	6.9	-1.9	4.03	1.4	0.2
ClimateId2	12345	20-11-1991	10.6	5.7	0.9	2.438	0.9	0.3
ClimateId2	12345	21-11-1991	11.2	5.9	4.0	0.991	1.4	0.5
ClimateId2	12345	22-11-1991	7.5	4.7	3.3	0.704	1.7	0.5
ClimateId2	12345	23-11-1991	5.2	2.7	1.7	0.488	1.4	0.5
ClimateId2	12345	24-11-1991	2.4	5.4	2.2	2.326	1.8	0.4
ClimateId2	12345	25-11-1991	5.5	8.0	4.0	2.029	1.2	0.3
ClimateId2	12345	26-11-1991	0.1	6.5	3.7	2.608	1.3	0.4
ClimateId2	12345	27-11-1991	0.0	6.5	5.2	0.495	1.6	0.7
ClimateId2	12345	28-11-1991	0.0	4.1	1.4	1.244	1.1	0.4
ClimateId2	12345	29-11-1991	0.0	3.9	2.4	0.698	1.2	0.6
ClimateId2	12345	30-11-1991	0.0	2.5	1.0	0.592	1.5	0.6
ClimateId2	12345	01-12-1991	0.0	1.7	0.3	0.575	1.6	0.5
ClimateId2	12345	02-12-1991	0.0	3.8	0.6	2.096	1.6	0.4
ClimateId2	12345	03-12-1991	0.0	3.5	-2.9	2.606	0.9	0.3
ClimateId2	12345	04-12-1991	0.0	-1.5	-3.6	2.097	0.9	0.3
ClimateId2	12345	05-12-1991	0.0	6.2	-4.4	3.649	2.4	0.4
ClimateId2	12345	06-12-1991	0.0	3.0	-2.0	2.032	3.7	1.0
ClimateId2	12345	07-12-1991	0.0	2.7	-4.0	2.56	2.8	0.5
ClimateId2	12345	08-12-1991	1.6	-1.9	-2.7	1.598	1.5	0.4
ClimateId2	12345	09-12-1991	0.3	-5.5	-14.1	3.048	1.3	0.2
ClimateId2	12345	10-12-1991	0.0	-6.3	-17.3	3.593	1.2	0.1
ClimateId2	12345	11-12-1991	0.0	0.4	-9.5	3.32	0.8	0.1
ClimateId2	12345	12-12-1991	0.0	-1.3	-12.7	3.635	0.5	0.0
ClimateId2	12345	13-12-1991	0.0	1.7	-12.2	3.226	0.9	0.2
ClimateId2	12345	14-12-1991	0.0	3.0	-11.6	4.263	0.8	0.0
ClimateId2	12345	15-12-1991	0.0	3.1	-10.3	3.989	1.0	0.1
ClimateId2	12345	16-12-1991	0.0	0.3	-10.6	3.447	0.7	0.0
ClimateId2	12345	17-12-1991	0.0	-2.5	-8.1	1.902	1.1	0.2
ClimateId2	12345	18-12-1991	0.0	-0.8	-5.6	1.841	1.5	0.2
ClimateId2	12345	19-12-1991	0.0	3.4	-5.3	2.877	1.6	0.3
ClimateId2	12345	20-12-1991	4.8	1.9	-1.4	1.176	1.2	0.4
ClimateId2	12345	21-12-1991	7.1	3.4	-4.0	2.581	1.4	0.3
ClimateId2	12345	22-12-1991	2.4	3.1	-0.6	1.433	1.1	0.3
ClimateId2	12345	23-12-1991	5.6	2.5	0.6	0.631	0.8	0.4
ClimateId2	12345	24-12-1991	0.2	6.5	-0.7	2.555	2.0	0.5
ClimateId2	12345	25-12-1991	0.0	5.5	-1.0	2.372	2.5	0.6
ClimateId2	12345	26-12-1991	0.2	0.6	-3.8	1.7	1.7	0.4
ClimateId2	12345	27-12-1991	0.0	3.3	-3.4	2.438	1.7	0.3
ClimateId2	12345	28-12-1991	0.0	3.9	-1.9	2.287	6.2	1.0
ClimateId2	12345	29-12-1991	0.0	1.2	-5.4	2.45	1.4	0.3
ClimateId2	12345	30-12-1991	0.0	5.0	-4.3	3.186	1.5	0.4
ClimateId2	12345	31-12-1991	0.0	4.7	-6.0	3.498	1.8	0.3
ClimateId2	12345	01-01-1992	0.0	2.7	-6.7	3.239	1.3	0.3
ClimateId2	12345	02-01-1992	0.0	13.8	-3.1	4.817	1.2	0.3
ClimateId2	12345	03-01-1992	0.0	11.4	-3.8	4.54	0.9	0.2
ClimateId2	12345	04-01-1992	0.0	4.6	-5.1	3.359	0.9	0.2
ClimateId2	12345	05-01-1992	0.0	7.5	-4.2	3.908	1.0	0.2
ClimateId2	12345	06-01-1992	0.0	8.6	0.9	2.897	1.1	0.5
ClimateId2	12345	07-01-1992	0.0	5.7	-1.3	3.33	1.2	0.4
ClimateId2	12345	08-01-1992	0.0	7.3	-3.4	3.783	0.9	0.2
ClimateId2	12345	09-01-1992	0.0	10.7	-2.6	4.429	2.2	0.3
ClimateId2	12345	10-01-1992	0.7	4.2	-1.7	2.716	2.2	0.3
ClimateId2	12345	11-01-1992	1.4	3.2	-2.3	1.908	1.2	0.4
ClimateId2	12345	12-01-1992	0.0	1.2	-0.6	0.878	1.3	0.4
ClimateId2	12345	13-01-1992	0.0	1.4	-2.2	1.739	1.0	0.3
ClimateId2	12345	14-01-1992	0.0	1.6	-1.3	3.283	1.0	0.3
ClimateId2	12345	15-01-1992	0.0	9.1	-1.0	3.996	1.2	0.4
ClimateId2	12345	16-01-1992	0.0	1.5	-3.0	2.297	1.2	0.2
ClimateId2	12345	17-01-1992	0.0	8.1	-1.3	3.932	1.8	0.6
ClimateId2	12345	18-01-1992	0.0	4.5	-3.8	3.675	1.4	0.4
ClimateId2	12345	19-01-1992	0.0	7.8	-0.9	3.827	1.6	0.6
ClimateId2	12345	20-01-1992	0.2	2.2	-5.2	3.511	2.4	0.3
ClimateId2	12345	21-01-1992	1.1	-5.4	-10.4	2.633	2.3	0.3
ClimateId2	12345	22-01-1992	0.9	-3.3	-6.0	1.646	1.3	0.3
ClimateId2	12345	23-01-1992	0.4	0.2	-4.2	2.549	1.1	0.4
ClimateId2	12345	24-01-1992	0.0	2.7	-3.9	3.378	1.1	0.3
ClimateId2	12345	25-01-1992	0.0	1.2	-3.8	2.902	0.9	0.2
ClimateId2	12345	26-01-1992	0.0	3.1	-4.4	4.136	1.2	0.4
ClimateId2	12345	27-01-1992	0.0	0.2	-3.1	2.165	1.5	0.4
ClimateId2	12345	28-01-1992	0.0	-0.3	-2.9	1.757	1.6	0.5
ClimateId2	12345	29-01-1992	0.7	7.6	-4.6	5.681	1.3	0.3
ClimateId2	12345	30-01-1992	0.0	7.5	-0.9	4.543	3.5	0.8
ClimateId2	12345	31-01-1992	0.0	10.4	0.6	5.031	3.4	0.9
ClimateId2	12345	01-02-1992	0.0	3.9	-2.4	4.364	2.4	0.5
ClimateId2	12345	02-02-1992	0.0	4.9	-3.3	4.727	1.2	0.4
ClimateId2	12345	03-02-1992	0.0	3.2	-4.0	4.422	1.3	0.3
ClimateId2	12345	04-02-1992	0.0	7.7	-1.6	5.341	2.0	0.8
ClimateId2	12345	05-02-1992	1.0	6.5	-1.1	4.728	1.8	0.7
ClimateId2	12345	06-02-1992	0.2	9.3	-0.6	5.704	1.8	0.6
ClimateId2	12345	07-02-1992	0.1	12.9	2.4	5.97	2.4	1.1
ClimateId2	12345	08-02-1992	0.0	10.1	-1.6	6.564	1.3	0.5
ClimateId2	12345	09-02-1992	0.0	8.9	-3.8	7.009	1.1	0.4
ClimateId2	12345	10-02-1992	0.0	3.2	-4.2	5.121	1.0	0.2
ClimateId2	12345	11-02-1992	0.7	8.3	0.0	5.587	1.9	0.7
ClimateId2	12345	12-02-1992	0.0	10.4	0.2	6.449	1.2	0.7
ClimateId2	12345	13-02-1992	0.0	14.0	-0.9	8.253	2.4	0.8
ClimateId2	12345	14-02-1992	1.3	8.8	3.9	4.14	1.5	0.6
ClimateId2	12345	15-02-1992	0.0	10.1	-2.1	7.579	1.9	0.6
ClimateId2	12345	16-02-1992	0.2	5.3	2.7	4.637	1.6	0.6
ClimateId2	12345	17-02-1992	3.6	5.9	0.2	4.931	3.5	1.2
ClimateId2	12345	18-02-1992	0.0	1.4	-3.9	4.823	4.3	1.5
ClimateId2	12345	19-02-1992	0.0	2.7	-7.6	7.335	2.8	1.0
ClimateId2	12345	20-02-1992	0.0	4.9	-6.3	7.844	2.2	1.0
ClimateId2	12345	21-02-1992	0.0	5.7	-3.8	7.245	3.1	1.1
ClimateId2	12345	22-02-1992	0.4	2.3	-1.6	4.017	1.1	0.6
ClimateId2	12345	23-02-1992	0.2	6.6	-3.4	7.728	1.7	0.8
ClimateId2	12345	24-02-1992	0.0	15.3	-0.5	10.113	2.2	1.5
ClimateId2	12345	25-02-1992	0.0	9.7	-2.9	9.112	1.8	1.1
ClimateId2	12345	26-02-1992	0.0	10.7	-3.1	9.746	1.1	0.9
ClimateId2	12345	27-02-1992	0.0	13.6	-2.7	10.872	1.3	1.0
ClimateId2	12345	28-02-1992	0.0	13.2	-2.4	10.762	1.3	0.9
ClimateId2	12345	29-02-1992	0.0	15.1	-1.3	11.247	1.4	1.1
ClimateId2	12345	01-03-1992	0.0	15.1	-1.1	11.324	1.5	1.2
ClimateId2	12345	02-03-1992	0.0	17.9	-1.3	12.6	2.0	1.5
ClimateId2	12345	03-03-1992	0.0	15.1	3.0	9.883	2.7	2.0
ClimateId2	12345	04-03-1992	0.0	19.3	-1.3	13.537	1.7	1.5
ClimateId2	12345	05-03-1992	0.0	15.2	0.1	11.55	1.2	1.2
ClimateId2	12345	06-03-1992	0.0	13.5	-0.7	9.891	1.1	1.1
ClimateId2	12345	07-03-1992	0.1	7.8	-0.1	7.794	1.8	0.9
ClimateId2	12345	08-03-1992	0.4	8.3	0.2	8.48	1.7	1.2
ClimateId2	12345	09-03-1992	0.0	10.7	-4.0	12.035	1.2	1.2
ClimateId2	12345	10-03-1992	0.0	9.6	-3.5	11.46	2.0	1.3
ClimateId2	12345	11-03-1992	0.0	8.9	-4.0	11.51	1.6	1.1
ClimateId2	12345	12-03-1992	0.0	12.1	0.0	11.289	2.8	1.7
ClimateId2	12345	13-03-1992	0.0	11.0	2.0	9.667	3.0	1.6
ClimateId2	12345	14-03-1992	0.0	11.1	1.1	10.419	3.3	1.6
ClimateId2	12345	15-03-1992	0.3	12.4	0.8	11.414	2.4	1.6
ClimateId2	12345	16-03-1992	0.1	9.5	-2.7	11.962	4.1	1.9
ClimateId2	12345	17-03-1992	0.0	8.4	-1.2	10.545	2.4	1.6
ClimateId2	12345	18-03-1992	0.0	7.5	-3.6	11.639	1.6	1.3
ClimateId2	12345	19-03-1992	0.0	14.0	-3.6	15.163	2.4	1.9
ClimateId2	12345	20-03-1992	0.0	11.3	2.2	10.61	1.6	1.4
ClimateId2	12345	21-03-1992	2.8	12.7	5.0	9.621	2.2	1.4
ClimateId2	12345	22-03-1992	5.0	9.5	3.7	8.411	4.2	1.8
ClimateId2	12345	23-03-1992	0.0	11.7	1.6	11.665	2.2	1.5
ClimateId2	12345	24-03-1992	3.3	12.6	5.7	10.763	2.6	1.5
ClimateId2	12345	25-03-1992	3.6	12.2	7.2	7.912	2.3	1.8
ClimateId2	12345	26-03-1992	5.6	12.3	1.6	12.088	2.0	1.8
ClimateId2	12345	27-03-1992	18.0	10.7	0.5	12.308	2.0	1.5
ClimateId2	12345	28-03-1992	0.0	6.6	1.7	8.22	1.6	1.2
ClimateId2	12345	29-03-1992	2.2	8.0	-2.0	12.51	2.4	1.7
ClimateId2	12345	30-03-1992	0.1	10.9	-2.1	14.585	2.3	1.8
ClimateId2	12345	31-03-1992	0.0	13.8	2.2	13.841	4.7	2.4
ClimateId2	12345	01-04-1992	1.4	14.4	6.9	10.924	4.0	2.7
ClimateId2	12345	02-04-1992	0.0	14.2	1.0	15.198	2.2	2.0
ClimateId2	12345	03-04-1992	1.1	16.9	0.0	17.509	3.0	2.4
ClimateId2	12345	04-04-1992	0.0	18.3	8.8	12.796	5.0	3.3
ClimateId2	12345	05-04-1992	0.4	15.5	6.0	13.067	1.9	2.0
ClimateId2	12345	06-04-1992	1.9	8.4	5.8	5.886	2.5	1.5
ClimateId2	12345	07-04-1992	0.2	12.0	4.3	11.806	1.8	2.1
ClimateId2	12345	08-04-1992	0.0	11.5	3.2	12.384	1.8	2.0
ClimateId2	12345	09-04-1992	0.0	12.2	4.4	12.114	1.9	2.2
ClimateId2	12345	10-04-1992	0.0	13.2	1.5	15.336	3.2	2.6
ClimateId2	12345	11-04-1992	0.0	13.2	-1.1	17.331	2.4	2.4
ClimateId2	12345	12-04-1992	0.0	16.7	2.2	17.506	1.7	2.5
ClimateId2	12345	13-04-1992	0.0	17.9	2.9	18.022	1.7	2.6
ClimateId2	12345	14-04-1992	2.0	15.7	4.2	15.729	1.8	2.5
ClimateId2	12345	15-04-1992	0.0	16.2	1.2	18.354	3.9	2.9
ClimateId2	12345	16-04-1992	0.4	12.8	5.7	12.233	2.1	2.1
ClimateId2	12345	17-04-1992	0.4	9.7	4.7	10.166	3.0	2.4
ClimateId2	12345	18-04-1992	0.0	12.5	0.1	16.939	3.8	3.0
ClimateId2	12345	19-04-1992	0.0	18.2	0.9	20.405	2.5	2.9
ClimateId2	12345	20-04-1992	0.0	13.6	7.5	11.633	4.2	3.4
ClimateId2	12345	21-04-1992	0.0	13.7	2.9	16.163	2.2	2.8
ClimateId2	12345	22-04-1992	0.0	21.4	2.0	22.212	2.4	3.4
ClimateId2	12345	23-04-1992	1.0	16.6	8.3	14.186	1.8	2.5
ClimateId2	12345	24-04-1992	0.7	19.7	5.0	19.461	1.6	3.0
ClimateId2	12345	25-04-1992	0.0	25.7	5.4	23.26	2.1	3.9
ClimateId2	12345	26-04-1992	0.0	26.9	8.1	22.488	1.8	4.0
ClimateId2	12345	27-04-1992	0.3	26.5	9.3	21.583	2.5	4.2
ClimateId2	12345	28-04-1992	4.5	21.4	9.9	17.542	1.7	3.1
ClimateId2	12345	29-04-1992	1.9	15.1	6.1	17.465	3.5	3.1
ClimateId2	12345	30-04-1992	10.8	10.8	6.0	14.498	2.2	2.4
ClimateId2	12345	01-05-1992	0.0	17.7	8.6	15.796	2.1	2.7
ClimateId2	12345	02-05-1992	0.0	20.4	7.7	19.038	1.8	3.1
ClimateId2	12345	03-05-1992	0.0	21.2	9.7	18.033	2.2	3.3
ClimateId2	12345	04-05-1992	0.0	19.1	7.7	18.108	2.6	3.3
ClimateId2	12345	05-05-1992	0.0	19.6	6.3	19.776	2.3	3.4
ClimateId2	12345	06-05-1992	0.0	20.4	6.5	20.378	1.7	3.4
ClimateId2	12345	07-05-1992	0.0	21.9	6.4	21.775	1.4	3.6
ClimateId2	12345	08-05-1992	0.0	22.9	12.5	17.584	0.9	3.5
ClimateId2	12345	09-05-1992	1.0	18.6	11.2	16.514	2.2	3.1
ClimateId2	12345	10-05-1992	2.4	18.7	9.2	16.998	1.7	2.8
ClimateId2	12345	11-05-1992	4.7	24.0	12.0	19.344	2.8	4.1
ClimateId2	12345	12-05-1992	3.2	19.1	6.2	20.2	1.6	3.3
ClimateId2	12345	13-05-1992	0.0	22.6	5.9	23.262	1.4	3.7
ClimateId2	12345	14-05-1992	0.0	22.3	8.7	20.584	1.6	3.7
ClimateId2	12345	15-05-1992	0.0	24.0	10.5	20.988	1.7	4.0
ClimateId2	12345	16-05-1992	0.0	24.2	10.7	21.061	1.5	4.0
ClimateId2	12345	17-05-1992	0.0	24.9	9.7	22.538	3.5	4.9
ClimateId2	12345	18-05-1992	0.0	17.9	9.5	16.282	4.9	4.4
ClimateId2	12345	19-05-1992	1.0	17.5	9.4	16.338	2.9	3.4
ClimateId2	12345	20-05-1992	4.1	16.9	9.5	15.388	2.1	2.9
ClimateId2	12345	21-05-1992	7.5	17.7	10.0	16.005	1.5	2.9
ClimateId2	12345	22-05-1992	1.1	22.2	6.2	23.579	1.4	3.8
ClimateId2	12345	23-05-1992	0.7	20.6	11.9	17.058	1.4	3.1
ClimateId2	12345	24-05-1992	4.2	20.7	12.3	16.898	1.5	3.4
ClimateId2	12345	25-05-1992	0.0	20.8	9.3	19.988	1.9	3.9
ClimateId2	12345	26-05-1992	0.0	20.7	6.9	22.151	1.7	3.9
ClimateId2	12345	27-05-1992	0.0	21.5	8.3	21.669	1.6	3.9
ClimateId2	12345	28-05-1992	0.0	19.9	11.6	16.962	2.4	3.9
ClimateId2	12345	29-05-1992	0.0	22.9	6.9	24.102	2.7	4.4
ClimateId2	12345	30-05-1992	0.0	21.7	9.9	20.503	2.1	4.0
ClimateId2	12345	31-05-1992	0.0	21.7	11.6	18.917	1.6	3.7
ClimateId2	12345	01-06-1992	1.5	20.4	14.5	14.201	1.8	2.9
ClimateId2	12345	02-06-1992	5.6	25.9	14.6	20.193	2.7	4.3
ClimateId2	12345	03-06-1992	1.0	22.8	15.5	16.001	2.1	3.4
ClimateId2	12345	04-06-1992	14.6	20.7	14.5	14.704	1.8	3.1
ClimateId2	12345	05-06-1992	0.0	23.4	13.4	19.066	1.8	3.8
ClimateId2	12345	06-06-1992	7.9	23.1	10.4	21.757	2.1	4.2
ClimateId2	12345	07-06-1992	2.3	22.4	9.1	22.262	2.4	4.2
ClimateId2	12345	08-06-1992	0.1	19.7	12.2	16.4	2.3	3.3
ClimateId2	12345	09-06-1992	0.0	18.7	11.1	16.52	1.9	3.1
ClimateId2	12345	10-06-1992	0.5	20.7	12.9	18.203	1.7	3.7
ClimateId2	12345	11-06-1992	2.0	21.5	9.9	20.821	1.9	3.7
ClimateId2	12345	12-06-1992	13.4	15.9	13.5	8.521	2.2	1.8
ClimateId2	12345	13-06-1992	23.4	21.7	13.6	17.184	1.9	3.4
ClimateId2	12345	14-06-1992	0.1	24.5	13.2	20.575	3.1	4.7
ClimateId2	12345	15-06-1992	0.0	24.4	13.8	21.247	2.8	4.3
ClimateId2	12345	16-06-1992	1.9	25.2	12.6	21.859	2.1	4.4
ClimateId2	12345	17-06-1992	0.0	26.0	14.2	21.126	3.4	4.9
ClimateId2	12345	18-06-1992	0.0	23.8	12.7	20.4	2.7	4.5
ClimateId2	12345	19-06-1992	1.9	21.9	12.0	19.28	1.8	3.5
ClimateId2	12345	20-06-1992	0.0	25.2	14.5	20.143	1.6	4.1
ClimateId2	12345	21-06-1992	0.4	27.1	13.9	22.427	1.5	4.6
ClimateId2	12345	22-06-1992	0.0	26.7	14.6	21.372	1.4	4.3
ClimateId2	12345	23-06-1992	0.0	26.1	16.7	20.752	4.0	4.7
ClimateId2	12345	24-06-1992	0.0	28.1	13.6	23.557	2.6	5.1
ClimateId2	12345	25-06-1992	0.0	22.3	15.6	15.525	2.9	4.0
ClimateId2	12345	26-06-1992	0.0	23.5	12.2	20.703	2.9	4.6
ClimateId2	12345	27-06-1992	0.0	21.9	11.0	20.193	2.9	4.5
ClimateId2	12345	28-06-1992	0.2	23.1	10.2	22.081	2.0	4.2
ClimateId2	12345	29-06-1992	0.7	25.5	10.2	24.162	1.7	4.6
ClimateId2	12345	30-06-1992	0.0	26.9	10.9	24.657	2.0	4.9
ClimateId2	12345	01-07-1992	0.0	27.5	11.8	24.397	2.2	5.0
ClimateId2	12345	02-07-1992	0.0	27.0	12.1	23.687	1.6	4.7
ClimateId2	12345	03-07-1992	0.0	27.6	12.9	23.564	1.5	4.7
ClimateId2	12345	04-07-1992	0.0	29.7	13.9	24.329	3.2	5.7
ClimateId2	12345	05-07-1992	7.9	22.2	15.5	15.774	2.2	3.4
ClimateId2	12345	06-07-1992	1.1	24.7	13.1	20.556	2.5	4.4
ClimateId2	12345	07-07-1992	11.3	22.5	12.3	18.417	1.8	3.6
ClimateId2	12345	08-07-1992	0.0	23.7	13.9	18.789	1.9	3.9
ClimateId2	12345	09-07-1992	0.0	23.8	12.5	19.75	1.7	3.9
ClimateId2	12345	10-07-1992	0.0	21.9	13.8	16.865	1.4	3.3
ClimateId2	12345	11-07-1992	0.0	25.0	12.0	21.617	1.2	4.0
ClimateId2	12345	12-07-1992	15.7	17.7	14.4	10.315	1.6	2.1
ClimateId2	12345	13-07-1992	5.4	23.2	14.5	17.353	2.5	4.1
ClimateId2	12345	14-07-1992	0.0	26.1	10.7	23.534	1.4	4.4
ClimateId2	12345	15-07-1992	0.3	24.9	15.2	18.148	1.8	3.9
ClimateId2	12345	16-07-1992	9.9	23.3	14.3	17.275	1.4	3.6
ClimateId2	12345	17-07-1992	3.2	26.4	16.5	18.401	1.5	4.1
ClimateId2	12345	18-07-1992	0.0	29.0	13.6	23.235	1.2	4.5
ClimateId2	12345	19-07-1992	2.8	26.1	17.5	18.371	1.9	4.1
ClimateId2	12345	20-07-1992	0.0	27.8	12.9	22.591	1.6	4.5
ClimateId2	12345	21-07-1992	0.0	28.3	13.2	22.647	1.8	4.6
ClimateId2	12345	22-07-1992	0.0	30.8	14.8	23.281	1.8	5.0
ClimateId2	12345	23-07-1992	0.0	27.9	17.7	20.118	2.9	4.5
ClimateId2	12345	24-07-1992	0.0	28.3	14.9	21.071	1.5	4.5
ClimateId2	12345	25-07-1992	0.0	28.9	12.9	23.011	1.4	4.7
ClimateId2	12345	26-07-1992	0.0	30.7	14.4	23.12	1.8	5.0
ClimateId2	12345	27-07-1992	0.0	31.3	17.8	20.849	1.4	4.8
ClimateId2	12345	28-07-1992	0.0	26.7	18.6	15.812	2.8	4.6
ClimateId2	12345	29-07-1992	0.0	26.4	11.5	21.734	1.8	4.4
ClimateId2	12345	30-07-1992	0.0	28.9	12.9	22.492	1.7	4.6
ClimateId2	12345	31-07-1992	0.0	33.7	14.6	24.579	1.9	5.4
ClimateId2	12345	01-08-1992	0.0	32.9	18.0	21.444	2.2	5.3
ClimateId2	12345	02-08-1992	0.0	31.1	17.7	20.181	1.7	4.7
ClimateId2	12345	03-08-1992	0.0	33.6	17.0	22.44	1.5	5.1
ClimateId2	12345	04-08-1992	0.0	31.7	17.9	20.314	2.4	5.0
ClimateId2	12345	05-08-1992	0.0	29.5	15.4	20.371	1.8	4.5
ClimateId2	12345	06-08-1992	0.0	31.9	15.4	22.06	1.3	4.7
ClimateId2	12345	07-08-1992	0.0	33.0	15.3	22.619	1.3	4.8
ClimateId2	12345	08-08-1992	0.0	32.7	17.4	20.9	1.7	4.9
ClimateId2	12345	09-08-1992	0.0	29.6	16.0	19.917	2.3	4.4
ClimateId2	12345	10-08-1992	0.0	34.4	15.0	20.489	2.7	4.6
ClimateId2	12345	11-08-1992	0.0	27.1	15.0	17.604	2.1	3.9
ClimateId2	12345	12-08-1992	0.0	27.5	16.3	17.141	1.5	3.9
ClimateId2	12345	13-08-1992	0.0	28.8	13.7	20.042	1.5	4.1
ClimateId2	12345	14-08-1992	0.0	29.3	14.4	19.828	2.5	4.6
ClimateId2	12345	15-08-1992	1.0	19.4	15.2	9.588	1.7	2.3
ClimateId2	12345	16-08-1992	4.1	26.6	11.3	19.848	1.3	3.7
ClimateId2	12345	17-08-1992	0.0	30.5	12.7	19.714	1.5	3.9
ClimateId2	12345	18-08-1992	0.0	33.0	15.3	21.148	1.7	4.7
ClimateId2	12345	19-08-1992	0.0	35.6	15.9	22.166	1.7	5.0
ClimateId2	12345	20-08-1992	0.0	35.4	16.6	21.45	2.0	5.0
ClimateId2	12345	21-08-1992	0.0	33.9	16.2	20.601	2.0	4.8
ClimateId2	12345	22-08-1992	0.0	30.5	16.6	17.952	2.2	4.2
ClimateId2	12345	23-08-1992	4.2	28.8	14.9	17.829	1.5	3.7
ClimateId2	12345	24-08-1992	40.7	27.5	15.0	16.696	1.4	3.5
ClimateId2	12345	25-08-1992	0.0	31.8	15.4	19.226	1.5	4.1
ClimateId2	12345	26-08-1992	0.0	28.8	16.1	17.604	1.8	3.7
ClimateId2	12345	27-08-1992	0.0	33.2	17.9	18.243	1.8	4.4
ClimateId2	12345	28-08-1992	0.0	35.3	16.5	20.105	2.6	5.0
ClimateId2	12345	29-08-1992	0.0	34.5	16.4	19.508	3.5	5.3
ClimateId2	12345	30-08-1992	0.0	30.1	19.0	14.852	3.1	4.4
ClimateId2	12345	31-08-1992	0.0	28.5	13.1	17.607	3.9	4.3
ClimateId2	12345	01-09-1992	23.3	18.5	12.8	11.77	3.2	2.8
ClimateId2	12345	02-09-1992	0.0	21.5	5.2	17.851	2.1	2.9
ClimateId2	12345	03-09-1992	0.0	25.2	8.0	18.208	1.7	3.2
ClimateId2	12345	04-09-1992	8.1	15.2	11.3	7.78	1.8	1.6
ClimateId2	12345	05-09-1992	0.0	16.7	8.6	11.805	3.1	2.8
ClimateId2	12345	06-09-1992	0.0	18.0	6.6	14.156	2.5	2.8
ClimateId2	12345	07-09-1992	0.4	22.7	3.4	18.554	1.6	2.8
ClimateId2	12345	08-09-1992	0.0	24.6	7.7	17.117	1.6	2.9
ClimateId2	12345	09-09-1992	0.0	21.3	12.5	11.872	1.8	2.5
ClimateId2	12345	10-09-1992	0.0	23.3	9.4	15.107	1.3	2.5
ClimateId2	12345	11-09-1992	0.0	25.5	12.0	14.689	1.4	2.7
ClimateId2	12345	12-09-1992	0.0	27.1	11.5	15.694	1.6	3.0
ClimateId2	12345	13-09-1992	0.0	24.9	10.9	14.646	1.6	2.6
ClimateId2	12345	14-09-1992	0.0	26.1	12.5	14.327	2.4	3.0
ClimateId2	12345	15-09-1992	32.3	22.2	10.8	12.805	1.2	2.3
ClimateId2	12345	16-09-1992	0.0	25.4	8.2	15.844	1.3	2.5
ClimateId2	12345	17-09-1992	0.0	23.4	9.8	13.768	1.5	2.4
ClimateId2	12345	18-09-1992	0.0	21.3	11.9	11.094	1.1	2.2
ClimateId2	12345	19-09-1992	0.0	20.1	8.9	12.055	1.2	2.1
ClimateId2	12345	20-09-1992	0.0	21.5	5.9	14.343	1.4	2.1
ClimateId2	12345	21-09-1992	0.0	22.1	7.2	13.82	1.4	2.2
ClimateId2	12345	22-09-1992	0.0	24.4	8.4	12.777	1.6	1.9
ClimateId2	12345	23-09-1992	0.0	27.0	9.5	14.699	2.1	2.6
ClimateId2	12345	24-09-1992	0.0	22.3	9.9	12.025	1.5	2.0
ClimateId2	12345	25-09-1992	0.0	21.4	10.7	10.907	1.5	2.2
ClimateId2	12345	26-09-1992	0.0	22.4	4.9	14.16	2.0	2.1
ClimateId2	12345	27-09-1992	0.0	25.5	9.6	13.166	2.1	2.4
ClimateId2	12345	28-09-1992	0.0	26.2	9.3	13.557	3.0	2.5
ClimateId2	12345	29-09-1992	0.0	22.3	10.6	11.245	1.9	1.9
ClimateId2	12345	30-09-1992	79.8	19.1	12.5	7.64	1.6	1.7
ClimateId2	12345	01-10-1992	1.0	14.8	11.4	5.1	1.0	1.2
ClimateId2	12345	02-10-1992	4.1	18.0	9.5	8.666	1.2	1.4
ClimateId2	12345	03-10-1992	0.0	15.5	7.6	8.145	1.9	1.3
ClimateId2	12345	04-10-1992	8.2	13.1	10.4	4.204	3.2	0.9
ClimateId2	12345	05-10-1992	49.2	17.1	12.1	5.985	2.0	1.0
ClimateId2	12345	06-10-1992	40.3	19.2	12.2	7.295	1.8	1.4
ClimateId2	12345	07-10-1992	15.7	20.6	8.8	9.781	1.7	1.4
ClimateId2	12345	08-10-1992	23.9	15.5	11.1	5.402	1.8	1.2
ClimateId2	12345	09-10-1992	0.0	15.0	8.3	6.833	1.2	0.9
ClimateId2	12345	10-10-1992	1.4	11.9	8.9	3.921	1.7	0.8
ClimateId2	12345	11-10-1992	1.4	10.5	8.4	3.096	1.5	0.7
ClimateId2	12345	12-10-1992	0.2	12.5	6.3	8.329	2.3	1.2
ClimateId2	12345	13-10-1992	0.0	9.6	-0.8	8.31	1.4	1.0
ClimateId2	12345	14-10-1992	0.0	10.7	-2.5	9.388	1.5	0.9
ClimateId2	12345	15-10-1992	0.0	10.7	-2.1	9.076	1.5	0.7
ClimateId2	12345	16-10-1992	0.9	8.1	2.8	5.28	0.9	0.5
ClimateId2	12345	17-10-1992	3.2	11.8	5.7	6.818	1.7	0.8
ClimateId2	12345	18-10-1992	20.5	6.9	3.7	3.53	2.9	0.8
ClimateId2	12345	19-10-1992	4.5	9.3	-0.6	7.355	2.2	0.8
ClimateId2	12345	20-10-1992	0.0	9.5	3.9	6.609	1.4	0.8
ClimateId2	12345	21-10-1992	0.0	7.3	5.2	4.642	1.0	0.7
ClimateId2	12345	22-10-1992	6.6	11.6	4.2	5.86	1.5	0.9
ClimateId2	12345	23-10-1992	0.0	11.9	-0.7	7.889	1.2	0.6
ClimateId2	12345	24-10-1992	0.0	12.1	0.9	7.232	1.3	0.7
ClimateId2	12345	25-10-1992	0.0	13.1	0.2	7.773	2.1	0.8
ClimateId2	12345	26-10-1992	2.0	15.9	4.5	7.084	2.7	1.4
ClimateId2	12345	27-10-1992	0.0	10.5	2.6	5.572	1.8	0.8
ClimateId2	12345	28-10-1992	0.0	16.4	3.0	7.543	3.4	1.0
ClimateId2	12345	29-10-1992	16.0	13.1	3.2	5.863	2.7	0.7
ClimateId2	12345	30-10-1992	19.3	5.9	3.4	2.411	1.6	0.4
ClimateId2	12345	31-10-1992	20.1	9.9	5.2	4.006	1.2	0.6
ClimateId2	12345	01-11-1992	0.0	9.0	4.9	3.873	1.6	0.6
ClimateId2	12345	02-11-1992	0.0	8.2	5.1	2.608	0.8	0.4
ClimateId2	12345	03-11-1992	0.5	13.3	5.3	4.057	2.1	0.6
ClimateId2	12345	04-11-1992	25.6	9.1	4.0	3.6	1.4	0.4
ClimateId2	12345	05-11-1992	0.5	11.2	6.1	3.519	1.1	0.6
ClimateId2	12345	06-11-1992	0.0	12.9	3.1	5.277	1.0	0.5
ClimateId2	12345	07-11-1992	0.0	11.8	2.1	4.285	1.0	0.4
ClimateId2	12345	08-11-1992	0.0	12.4	1.0	5.656	1.5	0.4
ClimateId2	12345	09-11-1992	0.0	6.7	3.7	2.0	1.6	0.9
ClimateId2	12345	10-11-1992	0.0	7.8	0.7	3.933	1.4	0.5
ClimateId2	12345	11-11-1992	0.4	8.2	1.9	3.775	1.8	0.4
ClimateId2	12345	12-11-1992	1.1	8.5	1.4	4.031	1.2	0.5
ClimateId2	12345	13-11-1992	0.1	6.6	-2.1	4.361	0.9	0.3
ClimateId2	12345	14-11-1992	0.0	9.2	-4.0	5.558	1.3	0.4
ClimateId2	12345	15-11-1992	0.0	4.0	-3.6	3.883	1.1	0.3
ClimateId2	12345	16-11-1992	0.0	12.4	-0.5	5.323	2.7	0.1
ClimateId2	12345	17-11-1992	22.0	8.7	2.5	2.822	1.8	0.5
ClimateId2	12345	18-11-1992	7.5	7.1	2.3	2.652	1.3	0.7
ClimateId2	12345	19-11-1992	0.0	5.4	-3.1	3.889	1.4	0.3
ClimateId2	12345	20-11-1992	0.0	8.1	-1.6	4.155	1.9	0.5
ClimateId2	12345	21-11-1992	0.0	8.2	-3.0	4.489	1.1	0.3
ClimateId2	12345	22-11-1992	0.7	8.9	-0.1	3.863	1.6	0.3
ClimateId2	12345	23-11-1992	0.0	6.7	3.0	2.698	1.2	0.4
ClimateId2	12345	24-11-1992	0.0	4.7	1.0	2.222	1.2	0.4
ClimateId2	12345	25-11-1992	0.5	5.7	3.3	1.228	1.1	0.4
ClimateId2	12345	26-11-1992	0.3	8.5	0.7	3.009	1.3	0.3
ClimateId2	12345	27-11-1992	0.0	12.2	2.5	3.74	2.0	0.8
ClimateId2	12345	28-11-1992	0.0	7.1	-1.1	3.077	1.3	0.3
ClimateId2	12345	29-11-1992	2.1	5.0	1.2	1.868	1.3	0.4
ClimateId2	12345	30-11-1992	1.1	4.3	2.6	0.712	1.4	0.5
ClimateId2	12345	01-12-1992	0.0	4.0	1.5	1.059	1.6	0.6
ClimateId2	12345	02-12-1992	0.0	8.4	0.5	2.23	2.5	0.3
ClimateId2	12345	03-12-1992	0.0	14.2	5.6	3.122	4.9	1.0
ClimateId2	12345	04-12-1992	0.7	8.5	6.7	0.759	3.2	0.9
ClimateId2	12345	05-12-1992	2.2	12.0	5.6	2.51	4.0	0.9
ClimateId2	12345	06-12-1992	28.3	5.6	2.6	1.188	5.0	1.6
ClimateId2	12345	07-12-1992	0.0	5.5	-0.1	2.198	1.6	0.8
ClimateId2	12345	08-12-1992	1.6	2.2	-0.1	0.91	1.5	0.4
ClimateId2	12345	09-12-1992	7.9	1.9	-1.2	1.2	2.0	0.4
ClimateId2	12345	10-12-1992	6.6	3.9	1.3	1.97	2.7	0.4
ClimateId2	12345	11-12-1992	1.5	2.6	0.6	0.75	1.4	0.4
ClimateId2	12345	12-12-1992	0.0	2.4	-1.5	1.999	1.3	0.4
ClimateId2	12345	13-12-1992	0.1	7.3	-1.5	3.001	1.5	0.4
ClimateId2	12345	14-12-1992	0.0	3.4	-1.4	2.201	1.1	0.4
ClimateId2	12345	15-12-1992	0.0	6.5	-3.4	3.228	1.3	0.2
ClimateId2	12345	16-12-1992	0.0	2.8	-3.7	2.444	1.4	0.3
ClimateId2	12345	17-12-1992	0.0	-0.9	-1.9	0.114	0.9	0.4
ClimateId2	12345	18-12-1992	0.0	-0.9	-2.8	1.305	1.2	0.3
ClimateId2	12345	19-12-1992	0.0	-1.1	-1.6	0.0	1.6	0.5
ClimateId2	12345	20-12-1992	0.0	-1.1	-2.4	1.299	1.3	0.4
ClimateId2	12345	21-12-1992	0.0	-0.5	-2.8	0.898	0.9	0.3
ClimateId2	12345	22-12-1992	0.0	0.6	-1.7	0.775	0.8	0.3
ClimateId2	12345	23-12-1992	0.1	3.1	-3.7	2.485	1.6	0.3
ClimateId2	12345	24-12-1992	0.0	-4.2	-7.0	2.071	1.8	0.2
ClimateId2	12345	25-12-1992	0.0	-5.2	-6.0	1.476	1.8	0.4
ClimateId2	12345	26-12-1992	0.0	-4.0	-4.0	2.57	1.1	0.3
ClimateId2	12345	27-12-1992	0.0	-1.3	-11.9	3.429	2.3	0.1
ClimateId2	12345	28-12-1992	0.0	1.5	-4.7	2.439	3.0	0.5
ClimateId2	12345	29-12-1992	0.0	-1.3	-11.5	3.365	1.4	0.2
ClimateId2	12345	30-12-1992	0.0	0.3	-11.6	3.767	1.0	0.2
ClimateId2	12345	31-12-1992	0.0	-5.7	-9.8	1.675	1.3	0.2
ClimateId2	12345	01-01-1993	0.0	-2.1	-7.6	2.095	2.3	0.6
ClimateId2	12345	02-01-1993	0.0	-7.2	-12.2	1.976	3.5	0.5
ClimateId2	12345	03-01-1993	0.0	-5.3	-9.8	1.841	2.0	0.5
ClimateId2	12345	04-01-1993	0.5	-4.0	-6.6	2.293	0.9	0.3
ClimateId2	12345	05-01-1993	0.0	-4.1	-14.5	3.576	1.0	0.1
ClimateId2	12345	06-01-1993	0.0	-2.5	-14.2	3.928	1.3	0.1
ClimateId2	12345	07-01-1993	0.0	1.8	-6.0	2.995	1.3	0.2
ClimateId2	12345	08-01-1993	0.0	3.2	-2.4	3.031	1.3	0.2
ClimateId2	12345	09-01-1993	0.0	3.1	-0.5	1.533	1.1	0.5
ClimateId2	12345	10-01-1993	0.0	6.5	-0.8	2.985	1.0	0.4
ClimateId2	12345	11-01-1993	0.0	7.9	-2.9	3.946	1.7	0.2
ClimateId2	12345	12-01-1993	0.0	12.6	2.7	3.751	1.7	0.7
ClimateId2	12345	13-01-1993	0.0	6.5	1.1	2.499	1.8	0.5
ClimateId2	12345	14-01-1993	0.0	12.7	-3.8	4.134	1.2	0.2
ClimateId2	12345	15-01-1993	0.0	8.2	-0.9	3.731	1.7	0.4
ClimateId2	12345	16-01-1993	0.0	13.2	0.0	4.847	1.3	0.4
ClimateId2	12345	17-01-1993	0.0	12.5	-2.0	5.218	1.3	0.4
ClimateId2	12345	18-01-1993	0.0	11.9	-2.0	5.134	1.0	0.3
ClimateId2	12345	19-01-1993	0.0	7.4	-1.4	3.869	1.1	0.4
ClimateId2	12345	20-01-1993	0.0	9.4	-2.8	4.876	1.2	0.3
ClimateId2	12345	21-01-1993	0.0	15.3	0.6	5.574	1.2	0.6
ClimateId2	12345	22-01-1993	0.0	10.1	-1.3	4.805	1.3	0.5
ClimateId2	12345	23-01-1993	0.0	14.5	1.5	5.248	2.4	0.9
ClimateId2	12345	24-01-1993	0.0	8.9	1.1	3.884	1.8	0.6
ClimateId2	12345	25-01-1993	0.2	7.6	2.3	4.505	2.8	0.8
ClimateId2	12345	26-01-1993	0.0	6.0	-1.0	3.767	3.0	1.3
ClimateId2	12345	27-01-1993	0.0	7.6	-3.9	4.805	2.2	0.5
ClimateId2	12345	28-01-1993	0.3	1.7	-2.2	2.547	1.0	0.5
ClimateId2	12345	29-01-1993	0.0	1.5	-3.5	3.048	1.1	0.4
ClimateId2	12345	30-01-1993	1.9	1.1	-4.8	4.223	1.1	0.4
ClimateId2	12345	31-01-1993	0.0	-0.9	-11.0	5.187	1.4	0.3
ClimateId2	12345	01-02-1993	0.0	2.0	-12.3	6.563	1.2	0.2
ClimateId2	12345	02-02-1993	0.0	4.7	-10.2	6.851	1.1	0.2
ClimateId2	12345	03-02-1993	0.0	8.5	-7.1	7.138	0.8	0.3
ClimateId2	12345	04-02-1993	0.0	9.2	-6.1	7.169	0.9	0.4
ClimateId2	12345	05-02-1993	0.0	8.3	-6.3	7.105	0.9	0.4
ClimateId2	12345	06-02-1993	0.0	8.4	-4.5	6.737	1.5	0.5
ClimateId2	12345	07-02-1993	0.0	5.7	-0.6	4.357	2.0	0.5
ClimateId2	12345	08-02-1993	0.0	6.8	-0.4	4.768	1.1	0.6
ClimateId2	12345	09-02-1993	0.0	4.8	-2.8	5.825	0.9	0.5
ClimateId2	12345	10-02-1993	0.0	6.0	-2.8	5.705	0.9	0.5
ClimateId2	12345	11-02-1993	0.0	6.1	-5.1	6.744	1.3	0.5
ClimateId2	12345	12-02-1993	0.0	5.6	-3.8	6.329	1.2	0.6
ClimateId2	12345	13-02-1993	0.0	3.7	-4.2	5.505	1.1	0.4
ClimateId2	12345	14-02-1993	0.0	-0.2	-3.2	4.412	1.2	0.6
ClimateId2	12345	15-02-1993	0.0	2.4	-1.1	3.368	1.1	0.6
ClimateId2	12345	16-02-1993	0.1	1.1	-3.0	3.749	1.5	0.6
ClimateId2	12345	17-02-1993	0.0	-0.6	-7.7	5.622	1.5	0.3
ClimateId2	12345	18-02-1993	0.0	5.5	-3.2	6.506	2.0	0.7
ClimateId2	12345	19-02-1993	0.0	3.6	-3.8	6.016	1.8	0.6
ClimateId2	12345	20-02-1993	0.0	6.9	-2.0	6.87	3.0	1.2
ClimateId2	12345	21-02-1993	0.0	8.1	-2.1	7.572	2.9	1.4
ClimateId2	12345	22-02-1993	0.0	0.9	-3.6	4.611	7.3	2.1
ClimateId2	12345	23-02-1993	0.0	-0.1	-6.3	5.812	7.0	1.9
ClimateId2	12345	24-02-1993	0.0	1.0	-3.5	4.818	5.1	1.7
ClimateId2	12345	25-02-1993	0.0	2.3	-1.4	4.225	3.5	1.5
ClimateId2	12345	26-02-1993	0.0	5.0	-3.3	7.247	1.6	0.9
ClimateId2	12345	27-02-1993	0.0	7.0	-6.6	9.843	1.5	0.7
ClimateId2	12345	28-02-1993	0.0	8.1	-5.6	10.002	1.4	0.8
ClimateId2	12345	01-03-1993	0.0	3.2	-3.5	6.684	2.0	0.8
ClimateId2	12345	02-03-1993	1.6	1.1	-2.3	8.589	1.5	1.0
ClimateId2	12345	03-03-1993	0.6	0.5	-0.9	2.517	1.2	0.5
ClimateId2	12345	04-03-1993	1.7	0.2	-4.9	5.968	3.0	0.9
ClimateId2	12345	05-03-1993	0.2	0.2	-7.2	7.53	4.0	1.3
ClimateId2	12345	06-03-1993	0.0	4.1	-8.5	10.417	1.6	0.9
ClimateId2	12345	07-03-1993	0.7	4.4	-1.5	6.763	3.5	1.2
ClimateId2	12345	08-03-1993	0.0	4.9	-1.3	7.019	3.8	1.6
ClimateId2	12345	09-03-1993	0.0	5.1	-2.6	8.24	1.5	1.0
ClimateId2	12345	10-03-1993	0.0	8.4	-4.6	11.25	1.3	1.0
ClimateId2	12345	11-03-1993	0.0	10.2	-2.7	11.336	1.9	1.2
ClimateId2	12345	12-03-1993	0.0	11.9	-2.5	12.198	1.3	1.2
ClimateId2	12345	13-03-1993	0.0	12.2	-1.9	12.242	1.2	1.2
ClimateId2	12345	14-03-1993	0.0	13.0	-1.4	12.558	1.4	1.3
ClimateId2	12345	15-03-1993	0.0	15.1	-1.1	13.622	1.2	1.4
ClimateId2	12345	16-03-1993	0.0	16.9	0.3	13.968	1.2	1.6
ClimateId2	12345	17-03-1993	0.0	14.1	2.9	11.398	1.0	1.5
ClimateId2	12345	18-03-1993	0.0	21.9	5.3	14.233	1.4	2.1
ClimateId2	12345	19-03-1993	0.0	19.7	6.4	12.798	2.8	2.7
ClimateId2	12345	20-03-1993	0.0	19.9	0.7	15.885	1.4	1.9
ClimateId2	12345	21-03-1993	0.0	17.7	2.5	14.334	1.4	1.9
ClimateId2	12345	22-03-1993	0.0	20.6	2.6	13.246	1.7	1.8
ClimateId2	12345	23-03-1993	0.3	20.0	8.7	12.382	2.0	2.2
ClimateId2	12345	24-03-1993	6.3	7.2	4.7	5.197	1.6	1.0
ClimateId2	12345	25-03-1993	3.3	6.5	3.1	6.25	2.2	1.2
ClimateId2	12345	26-03-1993	1.5	6.3	1.2	8.089	4.4	2.1
ClimateId2	12345	27-03-1993	0.0	5.2	-2.0	9.936	6.4	2.4
ClimateId2	12345	28-03-1993	0.0	4.6	0.1	7.72	7.6	2.8
ClimateId2	12345	29-03-1993	0.0	6.9	0.0	10.006	4.2	2.4
ClimateId2	12345	30-03-1993	0.0	6.3	-3.5	12.353	1.4	1.5
ClimateId2	12345	31-03-1993	0.0	12.4	-2.2	15.527	1.7	1.9
ClimateId2	12345	01-04-1993	0.0	13.0	3.9	12.142	1.8	2.1
ClimateId2	12345	02-04-1993	0.0	10.9	1.6	11.187	1.4	1.7
ClimateId2	12345	03-04-1993	0.0	9.8	0.1	12.782	1.7	1.6
ClimateId2	12345	04-04-1993	1.7	12.1	3.5	11.977	1.8	1.8
ClimateId2	12345	05-04-1993	0.0	13.7	3.2	13.718	1.7	2.2
ClimateId2	12345	06-04-1993	0.0	13.5	0.3	15.658	1.4	1.9
ClimateId2	12345	07-04-1993	0.7	15.5	2.2	15.846	3.0	2.6
ClimateId2	12345	08-04-1993	0.0	13.2	3.5	13.478	3.7	2.7
ClimateId2	12345	09-04-1993	0.0	13.9	-0.2	16.648	2.0	2.3
ClimateId2	12345	10-04-1993	0.0	11.9	1.0	14.588	1.5	1.9
ClimateId2	12345	11-04-1993	4.4	4.6	3.3	8.296	1.4	1.5
ClimateId2	12345	12-04-1993	1.9	6.2	3.0	7.435	1.2	1.1
ClimateId2	12345	13-04-1993	0.0	13.6	2.4	15.27	1.9	2.0
ClimateId2	12345	14-04-1993	0.0	16.0	3.0	16.724	1.5	2.4
ClimateId2	12345	15-04-1993	0.1	13.4	5.6	12.661	2.5	2.2
ClimateId2	12345	16-04-1993	0.0	15.7	5.3	14.814	3.8	3.4
ClimateId2	12345	17-04-1993	0.0	14.4	1.2	17.233	2.1	2.6
ClimateId2	12345	18-04-1993	0.0	16.4	4.5	16.401	1.8	2.6
ClimateId2	12345	19-04-1993	0.0	19.6	6.1	15.52	2.4	2.7
ClimateId2	12345	20-04-1993	0.0	15.6	7.8	13.234	1.8	2.5
ClimateId2	12345	21-04-1993	0.0	20.9	5.3	19.498	1.9	3.1
ClimateId2	12345	22-04-1993	0.0	23.1	6.9	20.085	1.5	3.3
ClimateId2	12345	23-04-1993	0.0	23.8	6.4	20.955	1.5	3.5
ClimateId2	12345	24-04-1993	0.0	23.6	6.8	20.738	1.9	3.7
ClimateId2	12345	25-04-1993	0.0	23.5	7.9	19.998	2.3	3.8
ClimateId2	12345	26-04-1993	0.0	23.5	11.2	17.735	2.8	4.1
ClimateId2	12345	27-04-1993	0.0	17.8	11.2	12.793	1.7	2.8
ClimateId2	12345	28-04-1993	0.0	23.3	5.6	19.774	2.5	3.4
ClimateId2	12345	29-04-1993	0.0	23.0	6.9	21.025	2.3	3.7
ClimateId2	12345	30-04-1993	1.9	20.0	10.3	16.073	1.6	3.1
ClimateId2	12345	01-05-1993	0.4	21.9	6.0	21.14	1.5	3.4
ClimateId2	12345	02-05-1993	0.0	22.4	6.7	21.11	1.8	3.6
ClimateId2	12345	03-05-1993	0.0	22.5	7.9	20.419	1.9	3.5
ClimateId2	12345	04-05-1993	0.0	21.3	8.7	18.971	3.4	3.8
ClimateId2	12345	05-05-1993	3.4	12.8	9.1	9.314	1.5	1.7
ClimateId2	12345	06-05-1993	0.0	18.9	8.1	17.608	2.0	2.9
ClimateId2	12345	07-05-1993	4.1	19.5	10.1	16.557	2.1	3.0
ClimateId2	12345	08-05-1993	2.5	21.5	9.4	19.045	1.9	3.4
ClimateId2	12345	09-05-1993	0.4	20.7	10.2	17.685	1.5	3.1
ClimateId2	12345	10-05-1993	1.0	22.3	9.4	19.947	1.6	3.5
ClimateId2	12345	11-05-1993	0.0	22.2	7.4	21.558	1.8	3.8
ClimateId2	12345	12-05-1993	0.0	23.4	6.9	22.881	1.9	4.1
ClimateId2	12345	13-05-1993	0.0	23.8	7.8	22.642	1.6	4.0
ClimateId2	12345	14-05-1993	0.0	21.8	8.4	20.7	1.8	3.7
ClimateId2	12345	15-05-1993	0.0	21.3	9.4	19.792	1.9	3.6
ClimateId2	12345	16-05-1993	0.0	22.3	12.8	17.378	3.0	4.1
ClimateId2	12345	17-05-1993	0.0	23.1	9.7	21.031	1.5	3.9
ClimateId2	12345	18-05-1993	0.0	25.0	8.7	23.363	2.3	4.4
ClimateId2	12345	19-05-1993	0.0	26.0	11.2	22.274	2.3	4.5
ClimateId2	12345	20-05-1993	0.0	27.0	10.8	23.488	2.1	4.6
ClimateId2	12345	21-05-1993	0.0	28.6	11.6	24.209	2.9	5.3
ClimateId2	12345	22-05-1993	0.0	22.1	9.3	20.942	2.4	4.3
ClimateId2	12345	23-05-1993	0.0	19.4	9.2	18.499	1.7	3.4
ClimateId2	12345	24-05-1993	0.0	23.1	9.5	21.754	1.5	4.0
ClimateId2	12345	25-05-1993	0.0	26.0	10.2	23.574	1.5	4.4
ClimateId2	12345	26-05-1993	0.0	24.9	12.0	22.116	1.8	4.3
ClimateId2	12345	27-05-1993	0.0	26.6	16.2	19.004	4.8	5.5
ClimateId2	12345	28-05-1993	0.7	27.2	18.6	17.25	3.6	5.3
ClimateId2	12345	29-05-1993	6.0	23.2	9.4	22.23	1.9	4.1
ClimateId2	12345	30-05-1993	0.0	27.5	11.2	24.376	2.2	4.9
ClimateId2	12345	31-05-1993	0.4	23.3	12.3	18.451	2.0	3.8
ClimateId2	12345	01-06-1993	0.0	25.6	10.7	23.352	2.1	4.6
ClimateId2	12345	02-06-1993	0.0	28.7	11.6	25.126	2.2	5.2
ClimateId2	12345	03-06-1993	20.9	20.3	14.4	16.077	3.4	3.4
ClimateId2	12345	04-06-1993	6.7	22.5	13.7	17.776	2.4	3.7
ClimateId2	12345	05-06-1993	0.0	26.1	12.8	22.241	1.5	4.4
ClimateId2	12345	06-06-1993	0.0	28.2	13.4	23.464	1.7	4.8
ClimateId2	12345	07-06-1993	0.0	29.8	14.7	23.808	2.0	5.2
ClimateId2	12345	08-06-1993	1.3	24.2	15.0	18.318	1.9	4.0
ClimateId2	12345	09-06-1993	0.0	25.6	16.4	18.285	1.8	4.3
ClimateId2	12345	10-06-1993	0.0	28.8	14.0	23.672	2.8	5.3
ClimateId2	12345	11-06-1993	0.0	30.2	17.5	21.78	2.5	5.4
ClimateId2	12345	12-06-1993	4.1	21.7	16.4	13.632	2.8	3.6
ClimateId2	12345	13-06-1993	0.0	19.8	9.4	19.674	2.0	3.6
ClimateId2	12345	14-06-1993	0.0	20.6	13.0	16.602	2.0	3.7
ClimateId2	12345	15-06-1993	1.6	22.7	10.4	21.659	1.6	4.0
ClimateId2	12345	16-06-1993	0.8	22.1	10.6	20.826	2.0	4.1
ClimateId2	12345	17-06-1993	8.1	17.7	13.1	12.652	1.4	2.5
ClimateId2	12345	18-06-1993	0.0	22.6	10.1	21.895	2.2	4.2
ClimateId2	12345	19-06-1993	0.0	28.0	10.4	26.085	1.9	5.0
ClimateId2	12345	20-06-1993	0.0	29.8	13.2	25.347	2.1	5.3
ClimateId2	12345	21-06-1993	6.3	24.0	15.7	17.525	2.0	3.8
ClimateId2	12345	22-06-1993	0.0	23.4	13.0	19.675	1.4	3.7
ClimateId2	12345	23-06-1993	0.0	27.9	16.7	20.527	4.0	5.5
ClimateId2	12345	24-06-1993	5.9	18.6	14.4	12.047	1.8	2.7
ClimateId2	12345	25-06-1993	0.0	21.4	8.7	21.961	2.1	4.0
ClimateId2	12345	26-06-1993	1.5	17.4	10.9	15.258	2.0	3.1
ClimateId2	12345	27-06-1993	0.0	17.7	4.8	21.824	1.1	3.1
ClimateId2	12345	28-06-1993	0.8	21.0	12.4	17.747	2.6	4.1
ClimateId2	12345	29-06-1993	0.0	21.2	8.0	22.293	1.6	4.0
ClimateId2	12345	30-06-1993	0.0	24.0	8.7	24.091	1.6	4.3
ClimateId2	12345	01-07-1993	0.0	23.4	10.9	21.606	2.3	4.4
ClimateId2	12345	02-07-1993	0.0	26.6	10.6	24.674	2.1	4.8
ClimateId2	12345	03-07-1993	0.0	28.8	14.0	23.625	1.6	4.9
ClimateId2	12345	04-07-1993	0.0	31.2	15.9	23.939	1.5	5.3
ClimateId2	12345	05-07-1993	0.0	30.4	17.3	22.038	2.6	5.4
ClimateId2	12345	06-07-1993	1.9	22.2	14.6	17.553	3.3	4.1
ClimateId2	12345	07-07-1993	0.0	21.8	7.2	23.269	2.2	4.3
ClimateId2	12345	08-07-1993	0.0	23.0	12.2	19.785	2.3	4.3
ClimateId2	12345	09-07-1993	0.0	26.6	10.5	24.381	2.7	4.9
ClimateId2	12345	10-07-1993	0.0	29.1	12.7	24.573	3.7	5.7
ClimateId2	12345	11-07-1993	3.8	23.8	15.4	18.551	3.6	4.5
ClimateId2	12345	12-07-1993	1.6	19.3	9.8	18.307	1.8	3.3
ClimateId2	12345	13-07-1993	0.0	19.6	9.2	19.212	3.7	4.2
ClimateId2	12345	14-07-1993	0.0	22.0	6.4	23.688	1.4	4.0
ClimateId2	12345	15-07-1993	0.0	21.0	11.9	17.692	1.1	3.2
ClimateId2	12345	16-07-1993	0.0	29.2	15.7	21.874	1.6	4.7
ClimateId2	12345	17-07-1993	2.3	29.6	14.6	23.032	1.5	4.8
ClimateId2	12345	18-07-1993	0.0	28.0	16.6	19.786	2.2	4.5
ClimateId2	12345	19-07-1993	16.0	26.4	17.0	17.798	1.8	3.9
ClimateId2	12345	20-07-1993	0.6	20.9	15.4	15.033	3.0	3.6
ClimateId2	12345	21-07-1993	4.2	21.2	13.0	16.378	1.4	3.2
ClimateId2	12345	22-07-1993	1.3	22.7	13.9	17.03	4.0	4.8
ClimateId2	12345	23-07-1993	0.0	22.5	11.5	19.014	3.0	4.4
ClimateId2	12345	24-07-1993	0.0	26.9	10.7	23.357	2.1	4.6
ClimateId2	12345	25-07-1993	0.0	29.7	12.5	24.029	3.0	5.3
ClimateId2	12345	26-07-1993	10.2	14.5	13.1	13.574	1.6	2.8
ClimateId2	12345	27-07-1993	0.0	23.4	8.9	21.748	2.3	4.1
ClimateId2	12345	28-07-1993	0.0	23.0	14.8	16.023	1.3	3.3
ClimateId2	12345	29-07-1993	0.6	26.3	15.6	18.264	1.7	3.9
ClimateId2	12345	30-07-1993	0.0	30.5	15.2	22.093	2.3	4.9
ClimateId2	12345	31-07-1993	0.0	32.5	16.7	22.268	3.8	5.9
ClimateId2	12345	01-08-1993	0.2	25.0	16.5	15.906	2.1	4.1
ClimateId2	12345	02-08-1993	0.0	28.1	11.9	22.443	1.5	4.3
ClimateId2	12345	03-08-1993	0.0	31.6	14.8	22.726	1.6	4.9
ClimateId2	12345	04-08-1993	0.0	33.4	15.5	23.363	1.7	5.2
ClimateId2	12345	05-08-1993	0.9	32.9	16.6	22.136	2.5	5.3
ClimateId2	12345	06-08-1993	6.4	27.9	15.5	19.003	2.5	4.2
ClimateId2	12345	07-08-1993	0.0	26.9	14.9	18.358	1.8	4.0
ClimateId2	12345	08-08-1993	0.0	25.5	14.0	17.977	1.6	3.7
ClimateId2	12345	09-08-1993	10.9	18.4	15.7	7.889	1.5	1.8
ClimateId2	12345	10-08-1993	12.9	25.0	11.7	19.307	1.8	3.7
ClimateId2	12345	11-08-1993	3.7	24.4	12.4	18.167	2.2	3.7
ClimateId2	12345	12-08-1993	0.0	26.5	10.1	21.271	1.7	3.9
ClimateId2	12345	13-08-1993	0.0	29.7	12.4	21.75	1.5	4.2
ClimateId2	12345	14-08-1993	0.0	29.3	14.9	19.628	2.1	4.4
ClimateId2	12345	15-08-1993	0.0	29.9	13.2	21.059	1.4	4.2
ClimateId2	12345	16-08-1993	0.0	30.6	14.3	20.607	1.4	4.2
ClimateId2	12345	17-08-1993	16.0	30.9	14.8	20.377	2.1	4.5
ClimateId2	12345	18-08-1993	0.0	23.7	13.6	16.435	1.3	3.3
ClimateId2	12345	19-08-1993	0.0	25.7	13.1	17.492	1.5	3.6
ClimateId2	12345	20-08-1993	0.0	27.6	13.0	18.876	1.4	3.7
ClimateId2	12345	21-08-1993	0.0	30.7	14.9	19.565	1.3	4.1
ClimateId2	12345	22-08-1993	0.0	32.2	15.8	19.811	2.1	4.5
ClimateId2	12345	23-08-1993	0.0	30.9	19.6	16.06	2.1	4.3
ClimateId2	12345	24-08-1993	0.0	26.8	15.6	15.834	2.4	3.6
ClimateId2	12345	25-08-1993	8.4	13.5	12.1	10.129	2.1	2.1
ClimateId2	12345	26-08-1993	3.7	17.3	10.3	12.107	1.2	2.0
ClimateId2	12345	27-08-1993	0.0	17.1	10.4	14.318	1.6	2.5
ClimateId2	12345	28-08-1993	7.2	18.5	12.5	12.974	3.0	2.8
ClimateId2	12345	29-08-1993	0.2	18.3	11.8	11.318	4.0	3.4
ClimateId2	12345	30-08-1993	0.0	20.1	5.5	17.418	2.1	2.8
ClimateId2	12345	31-08-1993	0.3	21.2	11.5	13.808	2.0	2.8
ClimateId2	12345	01-09-1993	0.0	17.5	7.3	14.034	2.6	2.5
ClimateId2	12345	02-09-1993	0.0	20.0	6.9	16.023	1.6	2.5
ClimateId2	12345	03-09-1993	0.7	18.7	8.5	13.688	1.2	2.1
ClimateId2	12345	04-09-1993	1.9	15.7	8.0	11.79	1.4	1.7
ClimateId2	12345	05-09-1993	0.4	17.3	8.6	12.411	2.3	2.5
ClimateId2	12345	06-09-1993	0.0	18.2	7.6	14.964	2.1	2.5
ClimateId2	12345	07-09-1993	0.0	23.1	4.3	18.553	1.7	2.7
ClimateId2	12345	08-09-1993	0.0	25.2	8.6	17.164	2.8	3.0
ClimateId2	12345	09-09-1993	0.0	26.2	12.2	15.425	3.3	3.2
ClimateId2	12345	10-09-1993	1.4	24.4	16.7	11.057	2.7	2.8
ClimateId2	12345	11-09-1993	3.8	20.6	10.5	12.647	1.6	2.1
ClimateId2	12345	12-09-1993	0.0	21.5	10.2	13.365	1.7	2.3
ClimateId2	12345	13-09-1993	0.0	23.8	9.8	14.118	3.6	2.7
ClimateId2	12345	14-09-1993	1.7	23.9	14.4	11.805	4.3	3.5
ClimateId2	12345	15-09-1993	0.6	21.6	10.6	12.716	2.5	2.6
ClimateId2	12345	16-09-1993	0.0	23.0	9.3	13.699	2.4	2.3
ClimateId2	12345	17-09-1993	0.4	16.0	12.5	6.382	1.5	1.4
ClimateId2	12345	18-09-1993	1.9	16.7	12.3	7.319	1.3	1.5
ClimateId2	12345	19-09-1993	0.0	15.5	9.2	8.85	1.1	1.3
ClimateId2	12345	20-09-1993	0.0	17.2	12.6	7.25	1.2	1.5
ClimateId2	12345	21-09-1993	0.0	21.0	11.4	10.913	1.6	2.0
ClimateId2	12345	22-09-1993	0.0	21.2	10.2	11.697	1.6	1.9
ClimateId2	12345	23-09-1993	0.0	26.5	9.4	12.884	2.5	2.3
ClimateId2	12345	24-09-1993	0.0	25.9	9.7	12.52	2.3	2.1
ClimateId2	12345	25-09-1993	0.0	19.9	11.2	9.814	1.9	1.7
ClimateId2	12345	26-09-1993	1.9	16.6	12.7	5.973	1.7	1.5
ClimateId2	12345	27-09-1993	0.4	16.1	10.5	7.391	1.5	1.5
ClimateId2	12345	28-09-1993	0.0	18.5	5.7	11.839	1.6	1.6
ClimateId2	12345	29-09-1993	22.4	11.6	9.5	3.763	1.8	0.8
ClimateId2	12345	30-09-1993	0.2	10.3	4.2	7.488	1.3	0.8
ClimateId2	12345	01-10-1993	0.0	17.5	8.1	9.474	2.7	1.6
ClimateId2	12345	02-10-1993	0.0	20.2	11.7	8.817	5.1	2.1
ClimateId2	12345	03-10-1993	16.7	16.5	12.4	5.463	3.0	1.4
ClimateId2	12345	04-10-1993	10.1	14.7	8.8	6.756	1.8	1.2
ClimateId2	12345	05-10-1993	0.0	19.9	5.2	11.539	1.5	1.4
ClimateId2	12345	06-10-1993	0.0	19.7	9.1	9.496	4.4	2.0
ClimateId2	12345	07-10-1993	0.0	20.9	13.1	7.641	3.2	2.0
ClimateId2	12345	08-10-1993	0.0	19.6	12.5	8.998	2.5	1.5
ClimateId2	12345	09-10-1993	4.2	19.3	11.5	7.571	2.7	1.8
ClimateId2	12345	10-10-1993	0.0	19.0	6.5	9.248	1.9	1.4
ClimateId2	12345	11-10-1993	0.0	23.5	6.0	11.665	1.8	1.6
ClimateId2	12345	12-10-1993	0.0	23.9	9.9	10.1	3.5	2.2
ClimateId2	12345	13-10-1993	0.0	23.3	13.3	8.166	3.7	2.4
ClimateId2	12345	14-10-1993	0.0	20.3	14.0	8.802	4.6	1.6
ClimateId2	12345	15-10-1993	0.7	21.0	10.8	8.035	3.0	2.0
ClimateId2	12345	16-10-1993	0.0	18.2	5.7	8.996	2.0	1.2
ClimateId2	12345	17-10-1993	0.0	20.5	10.4	7.697	2.8	1.8
ClimateId2	12345	18-10-1993	1.0	7.5	5.0	7.493	2.5	0.9
ClimateId2	12345	19-10-1993	5.9	7.2	5.0	2.826	1.3	0.6
ClimateId2	12345	20-10-1993	0.0	9.2	6.2	3.378	1.0	0.6
ClimateId2	12345	21-10-1993	4.8	8.5	7.2	1.767	1.5	0.6
ClimateId2	12345	22-10-1993	11.4	8.9	5.2	3.738	2.1	0.5
ClimateId2	12345	23-10-1993	10.5	12.7	8.7	3.892	2.7	0.5
ClimateId2	12345	24-10-1993	13.3	13.1	7.7	6.559	2.6	0.8
ClimateId2	12345	25-10-1993	0.0	12.2	4.4	5.781	1.6	0.6
ClimateId2	12345	26-10-1993	0.0	9.8	4.9	4.293	2.1	1.1
ClimateId2	12345	27-10-1993	0.0	8.9	2.2	4.999	0.9	0.7
ClimateId2	12345	28-10-1993	0.0	11.0	0.6	6.759	1.0	0.6
ClimateId2	12345	29-10-1993	0.0	12.0	-1.0	5.863	1.1	0.7
ClimateId2	12345	30-10-1993	0.0	8.0	-1.3	5.824	1.0	0.4
ClimateId2	12345	31-10-1993	0.0	6.3	2.3	3.314	1.3	0.5
ClimateId2	12345	01-11-1993	0.0	5.9	3.8	2.017	1.4	0.5
ClimateId2	12345	02-11-1993	0.0	5.9	3.8	1.929	1.6	0.4
ClimateId2	12345	03-11-1993	0.0	8.1	3.1	4.243	1.1	0.5
ClimateId2	12345	04-11-1993	0.0	8.3	4.6	3.161	0.5	0.5
ClimateId2	12345	05-11-1993	0.0	9.7	4.8	3.206	1.2	0.5
ClimateId2	12345	06-11-1993	9.5	10.6	8.7	1.646	1.6	0.5
ClimateId2	12345	07-11-1993	0.0	15.8	5.3	4.79	2.0	0.8
ClimateId2	12345	08-11-1993	0.4	11.2	3.4	4.467	1.0	0.3
ClimateId2	12345	09-11-1993	2.6	10.4	6.2	2.864	1.0	0.5
ClimateId2	12345	10-11-1993	1.3	7.7	3.9	2.683	1.5	0.6
ClimateId2	12345	11-11-1993	0.3	7.8	5.4	1.75	1.8	0.7
ClimateId2	12345	12-11-1993	1.9	3.9	0.5	2.026	2.0	0.5
ClimateId2	12345	13-11-1993	6.1	0.3	-0.8	3.196	1.5	0.5
ClimateId2	12345	14-11-1993	0.0	0.2	-3.1	3.944	1.5	0.3
ClimateId2	12345	15-11-1993	1.3	1.5	-0.7	1.486	1.1	0.3
ClimateId2	12345	16-11-1993	0.0	5.3	0.0	2.939	4.5	1.0
ClimateId2	12345	17-11-1993	0.0	6.2	-0.2	3.49	2.5	0.5
ClimateId2	12345	18-11-1993	0.0	1.2	-3.7	2.726	1.5	0.6
ClimateId2	12345	19-11-1993	0.0	-1.9	-8.3	3.237	1.3	0.3
ClimateId2	12345	20-11-1993	0.4	-4.5	-8.0	2.015	1.7	0.2
ClimateId2	12345	21-11-1993	1.4	-2.5	-5.8	1.881	1.2	0.3
ClimateId2	12345	22-11-1993	7.3	-0.3	-5.1	2.524	1.1	0.2
ClimateId2	12345	23-11-1993	3.8	-3.5	-4.7	2.978	1.1	0.2
ClimateId2	12345	24-11-1993	0.0	-2.1	-5.4	1.763	0.8	0.2
ClimateId2	12345	25-11-1993	0.0	-1.1	-2.6	0.735	0.7	0.4
ClimateId2	12345	26-11-1993	0.0	-1.8	-1.3	3.088	1.3	0.3
ClimateId2	12345	27-11-1993	0.0	-3.9	-7.1	1.529	1.1	0.4
ClimateId2	12345	28-11-1993	0.0	-5.6	-4.6	1.658	1.0	0.3
ClimateId2	12345	29-11-1993	2.3	-0.5	-6.1	2.369	1.4	0.3
ClimateId2	12345	30-11-1993	7.1	-0.4	-3.6	1.517	1.1	0.2
ClimateId2	12345	01-12-1993	0.0	0.8	-1.7	2.708	1.4	0.3
ClimateId2	12345	02-12-1993	0.0	-1.3	-4.9	1.657	1.1	0.4
ClimateId2	12345	03-12-1993	0.0	3.2	-7.6	3.79	1.2	0.1
ClimateId2	12345	04-12-1993	0.0	5.1	-5.9	3.793	1.0	0.1
ClimateId2	12345	05-12-1993	0.0	3.9	-7.1	3.753	1.0	0.0
ClimateId2	12345	06-12-1993	0.0	3.5	-1.6	2.053	0.9	0.3
ClimateId2	12345	07-12-1993	0.0	2.0	-2.6	2.495	1.6	0.3
ClimateId2	12345	08-12-1993	0.0	3.8	-2.7	2.5	1.2	0.2
ClimateId2	12345	09-12-1993	0.0	7.9	-3.4	3.683	1.2	0.2
ClimateId2	12345	10-12-1993	0.0	6.0	-3.8	3.271	1.4	0.3
ClimateId2	12345	11-12-1993	3.0	3.2	-2.0	1.917	1.7	0.3
ClimateId2	12345	12-12-1993	0.0	7.0	-4.9	3.714	1.6	0.3
ClimateId2	12345	13-12-1993	0.0	4.9	-4.6	2.882	1.6	0.3
ClimateId2	12345	14-12-1993	0.5	9.6	1.0	2.808	3.5	0.7
ClimateId2	12345	15-12-1993	11.1	3.8	1.0	1.068	1.6	0.4
ClimateId2	12345	16-12-1993	0.0	6.0	1.0	1.932	2.4	0.5
ClimateId2	12345	17-12-1993	0.0	4.2	-2.4	2.362	1.2	0.2
ClimateId2	12345	18-12-1993	0.0	6.8	-1.4	2.789	0.9	0.3
ClimateId2	12345	19-12-1993	0.0	6.5	-3.0	3.008	1.8	0.3
ClimateId2	12345	20-12-1993	0.0	2.5	1.3	2.381	1.9	0.3
ClimateId2	12345	21-12-1993	0.0	11.7	3.7	2.737	2.2	0.6
ClimateId2	12345	22-12-1993	10.4	7.1	1.9	1.967	2.1	0.9
ClimateId2	12345	23-12-1993	0.0	9.0	-1.5	3.338	1.8	0.6
ClimateId2	12345	24-12-1993	0.0	5.4	-3.3	2.949	2.6	0.1
ClimateId2	12345	25-12-1993	6.0	1.6	-1.1	1.575	1.8	0.5
ClimateId2	12345	26-12-1993	4.2	0.2	-2.0	0.862	4.1	0.5
ClimateId2	12345	27-12-1993	0.0	1.7	-0.3	0.69	4.3	1.2
ClimateId2	12345	28-12-1993	0.0	1.4	-2.6	2.009	0.9	0.5
ClimateId2	12345	29-12-1993	0.0	0.2	-9.1	3.166	1.2	0.1
ClimateId2	12345	30-12-1993	0.0	-1.3	-10.3	3.112	1.1	0.0
ClimateId2	12345	31-12-1993	0.0	2.2	-7.2	3.222	1.3	0.1
ClimateId2	12345	01-01-1994	4.5	4.2	-2.7	2.632	3.0	0.3
ClimateId2	12345	02-01-1994	0.0	4.0	-3.0	2.3845	2.0	0.5
ClimateId2	12345	03-01-1994	0.0	5.2	-4.6	3.376	1.6	0.3
ClimateId2	12345	04-01-1994	0.3	7.2	-2.9	3.3417	2.0	0.2
ClimateId2	12345	05-01-1994	4.2	6.7	2.6	2.6361	2.1	0.5
ClimateId2	12345	06-01-1994	0.0	10.0	3.1	2.6436	4.9	1.3
ClimateId2	12345	07-01-1994	0.0	8.2	3.7	3.0296	2.9	0.8
ClimateId2	12345	08-01-1994	0.0	12.8	4.3	3.1875	2.0	0.6
ClimateId2	12345	09-01-1994	0.0	9.9	2.4	2.9867	1.1	0.3
ClimateId2	12345	10-01-1994	0.0	6.4	-0.5	2.5992	1.4	0.3
ClimateId2	12345	11-01-1994	0.0	8.2	0.5	3.2322	2.2	0.4
ClimateId2	12345	12-01-1994	0.0	6.8	0.8	2.6526	1.3	0.6
ClimateId2	12345	13-01-1994	0.0	9.3	-1.9	3.6169	1.3	0.3
ClimateId2	12345	14-01-1994	0.0	7.9	-0.4	3.0458	1.0	0.3
ClimateId2	12345	15-01-1994	1.1	7.5	-0.5	2.8613	1.3	0.4
ClimateId2	12345	16-01-1994	0.0	1.3	-0.7	1.006	1.4	0.4
ClimateId2	12345	17-01-1994	0.0	3.9	-0.3	2.1559	1.1	0.5
ClimateId2	12345	18-01-1994	0.6	2.5	-1.7	2.1924	1.4	0.7
ClimateId2	12345	19-01-1994	0.0	3.0	-7.3	4.1819	1.0	0.3
ClimateId2	12345	20-01-1994	0.0	-1.3	-6.7	2.8028	1.6	0.2
ClimateId2	12345	21-01-1994	0.0	3.3	-2.2	2.8982	2.0	0.6
ClimateId2	12345	22-01-1994	0.0	5.5	-7.3	5.2265	1.1	0.3
ClimateId2	12345	23-01-1994	0.0	7.2	-6.0	5.4177	1.4	0.4
ClimateId2	12345	24-01-1994	0.0	10.4	-2.8	5.4965	1.5	0.6
ClimateId2	12345	25-01-1994	0.0	9.4	-2.3	5.179	1.5	0.5
ClimateId2	12345	26-01-1994	0.0	8.7	0.4	3.7745	2.7	0.7
ClimateId2	12345	27-01-1994	0.0	9.4	-2.5	5.4217	2.0	0.7
ClimateId2	12345	28-01-1994	0.0	7.6	-1.8	4.727	2.9	1.0
ClimateId2	12345	29-01-1994	0.3	5.3	-2.6	4.3185	4.6	1.5
ClimateId2	12345	30-01-1994	0.0	8.0	-1.6	5.0205	1.7	0.9
ClimateId2	12345	31-01-1994	0.0	9.0	-1.3	5.2968	1.3	0.7
ClimateId2	12345	01-02-1994	0.0	8.8	-2.1	5.6171	1.3	0.5
ClimateId2	12345	02-02-1994	0.0	6.0	-2.5	5.5212	1.6	0.5
ClimateId2	12345	03-02-1994	0.0	12.5	2.7	5.3083	3.9	1.2
ClimateId2	12345	04-02-1994	0.0	10.0	1.9	4.8145	3.1	0.9
ClimateId2	12345	05-02-1994	0.0	12.9	-0.3	6.6825	2.0	0.7
ClimateId2	12345	06-02-1994	0.0	10.5	3.4	4.6844	1.3	0.7
ClimateId2	12345	07-02-1994	0.0	6.5	1.4	3.7249	1.7	0.5
ClimateId2	12345	08-02-1994	0.0	6.1	0.1	4.1585	1.5	0.4
ClimateId2	12345	09-02-1994	3.8	6.2	3.2	2.6817	1.6	0.7
ClimateId2	12345	10-02-1994	0.0	6.2	-2.8	5.7161	1.2	0.5
ClimateId2	12345	11-02-1994	0.0	6.6	-1.7	5.6332	2.4	0.9
ClimateId2	12345	12-02-1994	0.0	2.3	-3.0	5.0186	3.2	0.7
ClimateId2	12345	13-02-1994	0.4	0.7	-4.7	4.7908	3.4	0.6
ClimateId2	12345	14-02-1994	0.7	-6.0	-7.4	1.5963	3.1	0.6
ClimateId2	12345	15-02-1994	0.5	-3.6	-10.7	6.3734	1.4	0.4
ClimateId2	12345	16-02-1994	0.0	-3.1	-16.2	8.1278	1.3	0.3
ClimateId2	12345	17-02-1994	0.0	-4.8	-13.4	6.3955	1.3	0.3
ClimateId2	12345	18-02-1994	0.0	-2.0	-12.9	7.4205	1.1	0.3
ClimateId2	12345	19-02-1994	0.0	-0.4	-5.9	4.703	2.3	0.7
ClimateId2	12345	20-02-1994	0.0	1.3	-13.0	9.1633	1.3	0.4
ClimateId2	12345	21-02-1994	0.0	4.0	-6.5	7.7197	1.3	0.7
ClimateId2	12345	22-02-1994	0.0	6.1	-5.8	8.5075	1.6	0.7
ClimateId2	12345	23-02-1994	0.0	9.2	-4.2	8.9442	2.6	0.8
ClimateId2	12345	24-02-1994	0.7	6.9	-2.2	7.3799	1.6	0.9
ClimateId2	12345	25-02-1994	0.4	11.9	-0.9	9.2793	1.4	0.8
ClimateId2	12345	26-02-1994	0.0	13.3	-1.6	10.2804	2.0	1.1
ClimateId2	12345	27-02-1994	0.0	17.3	0.6	11.1002	4.1	1.9
ClimateId2	12345	28-02-1994	0.0	13.9	7.1	6.4583	3.9	2.0
ClimateId2	12345	01-03-1994	0.0	16.6	7.3	8.0509	3.5	1.9
ClimateId2	12345	02-03-1994	0.4	13.6	3.1	7.873	1.9	1.2
ClimateId2	12345	03-03-1994	0.0	14.9	1.2	9.5132	1.8	1.3
ClimateId2	12345	04-03-1994	0.0	10.2	1.4	8.1846	4.1	1.8
ClimateId2	12345	05-03-1994	0.0	11.3	-2.9	11.1049	1.7	1.3
ClimateId2	12345	06-03-1994	0.0	10.6	-1.8	10.4181	1.2	1.1
ClimateId2	12345	07-03-1994	0.0	13.2	2.5	9.7202	1.9	1.3
ClimateId2	12345	08-03-1994	0.0	13.7	4.2	9.1646	1.1	1.2
ClimateId2	12345	09-03-1994	0.0	14.0	7.2	7.6626	1.3	1.2
ClimateId2	12345	10-03-1994	0.0	19.4	4.1	12.4171	1.1	1.5
ClimateId2	12345	11-03-1994	0.0	14.6	7.0	8.4476	1.9	1.8
ClimateId2	12345	12-03-1994	0.0	17.7	0.5	13.6279	1.5	1.5
ClimateId2	12345	13-03-1994	0.0	17.1	5.9	10.8949	3.6	2.1
ClimateId2	12345	14-03-1994	0.0	18.0	5.4	11.7807	2.4	2.0
ClimateId2	12345	15-03-1994	0.0	19.3	2.5	14.0095	2.1	1.9
ClimateId2	12345	16-03-1994	0.0	13.9	3.5	10.8653	2.3	1.6
ClimateId2	12345	17-03-1994	5.6	12.5	5.2	9.0277	3.8	2.3
ClimateId2	12345	18-03-1994	0.0	11.0	-2.5	12.9407	2.6	1.7
ClimateId2	12345	19-03-1994	0.0	15.8	0.0	13.8568	4.7	2.2
ClimateId2	12345	20-03-1994	0.0	8.7	2.7	8.2683	2.3	1.2
ClimateId2	12345	21-03-1994	0.2	10.3	2.9	9.5681	1.6	1.3
ClimateId2	12345	22-03-1994	0.3	8.6	5.0	6.0494	2.2	1.2
ClimateId2	12345	23-03-1994	0.0	14.4	2.5	12.0728	1.4	1.6
ClimateId2	12345	24-03-1994	0.0	18.3	5.4	13.5397	2.0	2.0
ClimateId2	12345	25-03-1994	0.0	18.5	9.3	11.3304	2.1	2.1
ClimateId2	12345	26-03-1994	2.3	14.3	5.0	11.3112	2.6	1.9
ClimateId2	12345	27-03-1994	0.0	9.8	-0.7	12.2479	2.4	1.7
ClimateId2	12345	28-03-1994	0.0	9.2	-1.4	13.184	1.4	1.6
ClimateId2	12345	29-03-1994	0.0	15.1	0.5	15.3904	1.5	1.9
ClimateId2	12345	30-03-1994	0.0	20.2	4.7	16.0661	2.1	2.6
ClimateId2	12345	31-03-1994	0.0	21.8	5.5	16.6438	3.6	3.3
ClimateId2	12345	01-04-1994	0.0	19.8	5.3	15.7954	4.5	3.3
ClimateId2	12345	02-04-1994	5.2	11.5	4.1	11.8268	2.5	2.0
ClimateId2	12345	03-04-1994	0.0	12.0	1.5	13.6387	2.0	2.1
ClimateId2	12345	04-04-1994	0.0	13.3	1.6	14.3405	2.9	2.3
ClimateId2	12345	05-04-1994	1.9	8.4	4.4	7.961	2.9	1.8
ClimateId2	12345	06-04-1994	0.0	9.5	1.8	11.744	5.3	2.6
ClimateId2	12345	07-04-1994	0.0	12.3	1.1	14.5598	2.2	2.4
ClimateId2	12345	08-04-1994	0.0	13.1	-1.7	17.1683	2.4	2.2
ClimateId2	12345	09-04-1994	0.0	13.4	2.5	14.6622	3.2	2.4
ClimateId2	12345	10-04-1994	9.9	6.4	1.1	9.7568	2.4	1.2
ClimateId2	12345	11-04-1994	6.7	11.1	1.7	13.7821	3.1	2.0
ClimateId2	12345	12-04-1994	2.4	6.4	1.5	9.4847	2.9	1.3
ClimateId2	12345	13-04-1994	0.1	12.1	2.0	14.4753	3.5	2.2
ClimateId2	12345	14-04-1994	3.3	16.8	4.7	16.2224	2.2	2.6
ClimateId2	12345	15-04-1994	0.0	17.4	4.7	16.8244	2.4	2.7
ClimateId2	12345	16-04-1994	0.7	14.2	6.8	12.5933	1.9	2.0
ClimateId2	12345	17-04-1994	5.3	13.0	8.8	9.0832	1.8	1.5
ClimateId2	12345	18-04-1994	1.4	12.9	7.7	10.9406	2.7	2.4
ClimateId2	12345	19-04-1994	0.0	10.7	3.9	12.9819	1.5	2.2
ClimateId2	12345	20-04-1994	0.0	10.9	5.9	10.5606	1.5	1.9
ClimateId2	12345	21-04-1994	0.0	16.3	5.9	15.8065	1.7	2.6
ClimateId2	12345	22-04-1994	0.0	18.3	3.5	19.2842	1.4	2.7
ClimateId2	12345	23-04-1994	0.0	20.1	5.1	19.5817	1.5	3.0
ClimateId2	12345	24-04-1994	0.0	21.1	5.4	20.0372	1.6	3.2
ClimateId2	12345	25-04-1994	0.0	19.9	4.9	19.6989	2.6	3.3
ClimateId2	12345	26-04-1994	0.6	18.7	6.2	18.0694	2.9	3.1
ClimateId2	12345	27-04-1994	0.0	20.3	7.6	18.4515	2.3	3.5
ClimateId2	12345	28-04-1994	0.0	20.5	9.0	17.464	3.5	3.7
ClimateId2	12345	29-04-1994	0.0	21.2	9.0	18.1867	2.2	3.4
ClimateId2	12345	30-04-1994	0.0	24.0	7.0	21.9675	1.3	3.7
ClimateId2	12345	01-05-1994	0.0	22.3	8.8	19.5188	1.9	3.5
ClimateId2	12345	02-05-1994	0.0	16.0	5.5	16.4396	3.1	3.2
ClimateId2	12345	03-05-1994	0.0	16.4	2.4	20.1475	1.6	3.0
ClimateId2	12345	04-05-1994	0.0	20.3	1.7	22.186	2.1	3.4
ClimateId2	12345	05-05-1994	1.4	14.6	9.8	12.4196	1.5	2.4
ClimateId2	12345	06-05-1994	0.0	15.9	6.8	17.1621	3.6	3.1
ClimateId2	12345	07-05-1994	0.0	17.0	3.6	20.1702	2.3	3.2
ClimateId2	12345	08-05-1994	0.0	15.6	2.7	19.886	2.2	3.1
ClimateId2	12345	09-05-1994	0.0	18.3	2.1	22.6061	1.5	3.2
ClimateId2	12345	10-05-1994	0.6	16.7	5.4	18.7194	1.8	2.8
ClimateId2	12345	11-05-1994	0.0	17.5	8.2	16.8897	1.8	2.9
ClimateId2	12345	12-05-1994	0.6	20.1	5.2	21.9313	2.0	3.4
ClimateId2	12345	13-05-1994	0.2	20.5	7.0	21.0084	1.4	3.3
ClimateId2	12345	14-05-1994	0.0	20.6	6.8	21.3071	2.1	3.5
ClimateId2	12345	15-05-1994	0.0	24.4	9.7	21.925	2.3	4.3
ClimateId2	12345	16-05-1994	0.0	26.3	10.2	23.3149	2.8	4.8
ClimateId2	12345	17-05-1994	0.0	27.0	15.0	19.8562	2.7	4.9
ClimateId2	12345	18-05-1994	0.0	25.8	11.7	21.2388	1.8	4.2
ClimateId2	12345	19-05-1994	3.3	17.9	12.3	14.1693	3.0	2.8
ClimateId2	12345	20-05-1994	0.7	18.9	10.8	16.2274	3.4	3.3
ClimateId2	12345	21-05-1994	1.9	21.7	10.1	19.9694	3.1	3.9
ClimateId2	12345	22-05-1994	0.0	23.6	10.3	21.4445	2.5	4.2
ClimateId2	12345	23-05-1994	0.0	23.6	11.1	20.8967	2.4	4.1
ClimateId2	12345	24-05-1994	9.1	24.3	12.0	20.5085	1.9	4.0
ClimateId2	12345	25-05-1994	1.0	23.9	15.3	17.2846	1.4	3.7
ClimateId2	12345	26-05-1994	0.0	26.5	13.0	22.0054	3.2	5.0
ClimateId2	12345	27-05-1994	1.1	19.9	12.9	15.5855	1.9	3.4
ClimateId2	12345	28-05-1994	0.6	21.1	7.0	22.7	2.3	3.9
ClimateId2	12345	29-05-1994	1.1	20.3	12.0	16.9882	1.8	3.4
ClimateId2	12345	30-05-1994	0.0	17.5	10.1	16.0742	1.7	2.8
ClimateId2	12345	31-05-1994	0.0	19.3	8.4	20.5473	2.0	3.8
ClimateId2	12345	01-06-1994	0.0	25.7	7.8	25.9783	1.7	4.6
ClimateId2	12345	02-06-1994	0.0	28.3	11.2	23.9191	2.2	4.9
ClimateId2	12345	03-06-1994	0.0	27.4	17.2	18.6002	2.7	5.0
ClimateId2	12345	04-06-1994	3.8	19.8	13.4	15.2752	1.7	3.2
ClimateId2	12345	05-06-1994	8.1	18.7	8.7	20.2318	3.7	3.9
ClimateId2	12345	06-06-1994	0.0	16.7	8.3	17.4522	4.3	4.3
ClimateId2	12345	07-06-1994	0.0	20.8	4.6	24.8829	1.5	3.9
ClimateId2	12345	08-06-1994	0.0	24.6	11.4	22.314	1.8	4.4
ClimateId2	12345	09-06-1994	0.7	24.1	12.1	21.3728	2.9	4.5
ClimateId2	12345	10-06-1994	3.0	15.1	10.5	12.5599	2.4	2.9
ClimateId2	12345	11-06-1994	0.2	16.6	9.2	16.5089	2.3	3.2
ClimateId2	12345	12-06-1994	7.1	14.0	11.1	13.3936	1.9	2.5
ClimateId2	12345	13-06-1994	13.7	16.7	12.0	12.6047	2.4	2.6
ClimateId2	12345	14-06-1994	0.0	20.1	10.9	18.3474	2.7	3.8
ClimateId2	12345	15-06-1994	0.0	23.9	13.5	19.9783	1.5	4.2
ClimateId2	12345	16-06-1994	0.7	23.0	11.3	21.2318	1.9	4.1
ClimateId2	12345	17-06-1994	3.9	21.1	11.8	18.7748	2.5	3.7
ClimateId2	12345	18-06-1994	0.0	24.1	11.1	22.4208	2.2	4.3
ClimateId2	12345	19-06-1994	0.0	28.0	13.4	23.7857	2.8	5.2
ClimateId2	12345	20-06-1994	0.0	25.6	14.1	21.2144	1.9	4.4
ClimateId2	12345	21-06-1994	0.2	23.8	16.0	17.1519	2.3	4.2
ClimateId2	12345	22-06-1994	0.0	28.0	12.5	24.6612	1.4	4.9
ClimateId2	12345	23-06-1994	0.0	26.2	14.0	20.8174	1.7	4.3
ClimateId2	12345	24-06-1994	0.3	24.7	16.7	17.9229	1.4	4.1
ClimateId2	12345	25-06-1994	0.0	25.5	17.9	16.8353	1.5	4.0
ClimateId2	12345	26-06-1994	0.0	30.8	16.2	23.8459	2.1	5.3
ClimateId2	12345	27-06-1994	0.0	31.5	16.7	24.0646	1.9	5.5
ClimateId2	12345	28-06-1994	0.0	31.8	16.0	24.9101	2.0	5.6
ClimateId2	12345	29-06-1994	14.2	28.4	17.5	21.0837	2.0	4.8
ClimateId2	12345	30-06-1994	0.0	30.0	17.0	21.5054	1.7	4.9
ClimateId2	12345	01-07-1994	0.0	27.3	17.1	19.281	1.7	4.4
ClimateId2	12345	02-07-1994	0.0	27.5	14.5	22.2676	1.6	4.7
ClimateId2	12345	03-07-1994	0.0	26.9	14.5	21.9765	1.2	4.5
ClimateId2	12345	04-07-1994	0.0	31.0	16.8	23.3148	1.1	5.1
ClimateId2	12345	05-07-1994	0.0	28.9	18.5	19.607	1.6	4.6
ClimateId2	12345	06-07-1994	2.6	27.5	15.4	21.326	1.7	4.5
ClimateId2	12345	07-07-1994	4.2	24.8	17.0	16.7124	2.1	3.9
ClimateId2	12345	08-07-1994	1.7	19.6	15.2	12.11	1.2	2.7
ClimateId2	12345	09-07-1994	0.0	24.0	13.6	19.5028	1.9	4.1
ClimateId2	12345	10-07-1994	0.0	22.8	12.8	18.9218	3.1	4.2
ClimateId2	12345	11-07-1994	0.0	26.2	13.4	21.6564	3.5	5.1
ClimateId2	12345	12-07-1994	2.9	26.5	12.6	22.517	2.2	4.5
ClimateId2	12345	13-07-1994	2.6	26.5	15.8	19.5888	1.8	4.3
ClimateId2	12345	14-07-1994	0.0	27.5	15.8	20.5989	1.4	4.5
ClimateId2	12345	15-07-1994	0.0	26.1	13.7	20.9208	1.6	4.2
ClimateId2	12345	16-07-1994	0.2	28.5	15.5	21.5755	1.2	4.5
ClimateId2	12345	17-07-1994	0.0	29.0	15.5	21.881	1.7	4.7
ClimateId2	12345	18-07-1994	0.0	30.5	16.3	21.1775	2.1	4.8
ClimateId2	12345	19-07-1994	4.1	25.0	16.5	17.0566	1.4	3.6
ClimateId2	12345	20-07-1994	0.3	23.1	17.1	14.0543	1.9	3.1
ClimateId2	12345	21-07-1994	4.9	25.5	16.4	18.0531	1.6	4.0
ClimateId2	12345	22-07-1994	0.0	25.7	14.0	20.2003	1.8	4.2
ClimateId2	12345	23-07-1994	0.0	29.2	14.0	22.9612	1.3	4.7
ClimateId2	12345	24-07-1994	0.0	28.9	14.2	21.9151	1.4	4.6
ClimateId2	12345	25-07-1994	0.0	29.6	14.7	22.4436	1.5	4.7
ClimateId2	12345	26-07-1994	0.0	30.3	15.9	21.3409	1.3	4.6
ClimateId2	12345	27-07-1994	0.0	30.0	15.8	21.7477	1.4	4.7
ClimateId2	12345	28-07-1994	0.0	30.9	17.9	20.5599	1.4	4.8
ClimateId2	12345	29-07-1994	0.0	30.7	15.2	21.426	1.4	4.6
ClimateId2	12345	30-07-1994	0.0	30.7	14.8	22.7898	1.7	5.0
ClimateId2	12345	31-07-1994	0.0	31.4	14.7	23.1682	1.7	5.0
ClimateId2	12345	01-08-1994	0.0	32.2	15.6	23.0586	1.2	4.9
ClimateId2	12345	02-08-1994	0.0	31.6	17.3	21.1483	1.5	4.8
ClimateId2	12345	03-08-1994	0.0	31.0	17.3	20.9464	1.4	4.7
ClimateId2	12345	04-08-1994	0.0	30.9	16.4	19.8031	1.5	4.5
ClimateId2	12345	05-08-1994	0.0	31.6	17.4	20.746	1.2	4.6
ClimateId2	12345	06-08-1994	0.0	32.2	17.0	21.5049	1.5	4.9
ClimateId2	12345	07-08-1994	0.0	30.9	17.1	20.2319	1.6	4.6
ClimateId2	12345	08-08-1994	0.8	30.0	16.0	20.5085	2.3	4.6
ClimateId2	12345	09-08-1994	2.2	30.0	16.0	20.0807	1.3	4.3
ClimateId2	12345	10-08-1994	0.0	33.8	17.0	21.0931	2.6	5.1
ClimateId2	12345	11-08-1994	0.0	30.7	20.2	16.9841	2.7	4.8
ClimateId2	12345	12-08-1994	20.4	24.9	15.1	16.4584	1.4	3.5
ClimateId2	12345	13-08-1994	0.0	25.9	15.4	17.1448	2.3	3.8
ClimateId2	12345	14-08-1994	12.7	23.0	14.4	14.9755	1.9	3.3
ClimateId2	12345	15-08-1994	0.0	23.8	13.1	16.8198	1.7	3.4
ClimateId2	12345	16-08-1994	0.0	23.8	11.8	17.7339	1.2	3.3
ClimateId2	12345	17-08-1994	0.0	26.4	12.2	19.2732	1.9	3.7
ClimateId2	12345	18-08-1994	13.1	21.0	14.5	13.7385	2.2	3.1
ClimateId2	12345	19-08-1994	0.0	23.7	10.5	18.2578	1.9	3.3
ClimateId2	12345	20-08-1994	0.3	25.8	13.9	17.1202	1.4	3.3
ClimateId2	12345	21-08-1994	0.0	26.3	15.6	16.4427	1.2	3.4
ClimateId2	12345	22-08-1994	0.0	27.6	16.2	16.4549	1.7	3.5
ClimateId2	12345	23-08-1994	7.6	27.1	13.6	17.9315	1.9	3.5
ClimateId2	12345	24-08-1994	7.1	22.2	14.0	13.5693	1.0	2.4
ClimateId2	12345	25-08-1994	3.0	18.9	15.3	8.5262	1.5	1.8
ClimateId2	12345	26-08-1994	1.6	23.9	13.5	15.2974	2.9	3.5
ClimateId2	12345	27-08-1994	0.0	26.5	10.2	19.1555	1.3	3.4
ClimateId2	12345	28-08-1994	0.0	26.5	12.2	17.6391	1.7	3.3
ClimateId2	12345	29-08-1994	7.4	21.5	15.6	10.7821	1.6	2.2
ClimateId2	12345	30-08-1994	5.5	19.8	14.5	10.9096	1.0	2.3
ClimateId2	12345	31-08-1994	0.0	26.5	15.4	15.0858	1.5	3.0
ClimateId2	12345	01-09-1994	0.6	28.3	16.1	15.74	1.7	3.4
ClimateId2	12345	02-09-1994	3.2	26.4	15.6	14.5496	1.4	2.9
ClimateId2	12345	03-09-1994	12.1	18.0	16.3	4.723	2.1	1.4
ClimateId2	12345	04-09-1994	0.0	22.8	12.6	13.7664	1.8	2.7
ClimateId2	12345	05-09-1994	0.0	24.0	11.0	15.3919	1.3	2.7
ClimateId2	12345	06-09-1994	0.0	23.4	13.5	13.3061	1.7	2.6
ClimateId2	12345	07-09-1994	0.0	26.7	12.6	16.0117	1.8	3.0
ClimateId2	12345	08-09-1994	0.0	27.0	14.7	14.6494	3.3	3.5
ClimateId2	12345	09-09-1994	1.1	18.0	10.2	13.9695	2.8	2.4
ClimateId2	12345	10-09-1994	0.0	22.8	8.7	15.5541	1.5	2.5
ClimateId2	12345	11-09-1994	0.0	24.5	10.4	15.3999	1.4	2.6
ClimateId2	12345	12-09-1994	0.0	25.8	11.7	15.2425	1.8	2.7
ClimateId2	12345	13-09-1994	0.0	27.5	12.7	15.4857	1.7	2.9
ClimateId2	12345	14-09-1994	0.7	25.3	13.8	13.3145	3.1	2.8
ClimateId2	12345	15-09-1994	7.9	21.7	14.3	10.2248	3.8	3.1
ClimateId2	12345	16-09-1994	0.0	20.1	8.9	12.8886	2.1	2.1
ClimateId2	12345	17-09-1994	6.3	15.4	11.2	9.3725	1.8	1.7
ClimateId2	12345	18-09-1994	0.0	14.7	8.4	8.3103	1.3	1.6
ClimateId2	12345	19-09-1994	0.0	15.9	6.9	10.9392	1.7	1.8
ClimateId2	12345	20-09-1994	0.0	18.1	6.2	12.5888	2.0	2.0
ClimateId2	12345	21-09-1994	0.0	19.0	5.0	13.5896	1.3	1.7
ClimateId2	12345	22-09-1994	0.0	23.5	10.1	12.3217	2.0	2.1
ClimateId2	12345	23-09-1994	0.0	19.3	11.1	10.109	1.0	1.6
ClimateId2	12345	24-09-1994	0.0	23.9	13.2	10.9749	1.6	1.9
ClimateId2	12345	25-09-1994	0.0	25.5	13.2	12.0914	1.5	2.1
ClimateId2	12345	26-09-1994	0.0	24.1	13.6	10.9155	1.0	1.9
ClimateId2	12345	27-09-1994	0.5	25.4	16.2	9.9816	2.0	2.3
ClimateId2	12345	28-09-1994	1.3	20.2	14.9	7.1688	1.6	1.5
ClimateId2	12345	29-09-1994	2.6	22.2	12.7	9.9176	1.0	1.7
ClimateId2	12345	30-09-1994	0.0	21.7	10.0	11.0514	1.1	1.5
ClimateId2	12345	01-10-1994	0.0	24.3	12.2	11.0317	1.1	1.8
ClimateId2	12345	02-10-1994	0.3	21.6	15.4	7.3671	1.2	1.6
ClimateId2	12345	03-10-1994	5.1	22.4	14.0	8.7257	3.2	2.0
ClimateId2	12345	04-10-1994	4.6	17.5	7.9	9.4125	2.0	1.4
ClimateId2	12345	05-10-1994	15.4	12.7	5.2	7.9178	1.4	1.4
ClimateId2	12345	06-10-1994	0.3	9.4	2.6	8.3385	3.2	1.5
ClimateId2	12345	07-10-1994	0.0	6.4	0.8	6.1111	2.7	1.0
ClimateId2	12345	08-10-1994	0.0	5.3	1.8	4.779	1.2	0.7
ClimateId2	12345	09-10-1994	0.0	11.1	0.8	9.8044	1.1	1.0
ClimateId2	12345	10-10-1994	0.0	12.8	1.2	9.5059	1.3	1.0
ClimateId2	12345	11-10-1994	0.0	14.1	-0.5	10.7002	1.4	1.0
ClimateId2	12345	12-10-1994	0.0	15.3	0.0	10.8029	0.9	0.9
ClimateId2	12345	13-10-1994	0.0	17.2	1.1	10.9391	0.9	1.0
ClimateId2	12345	14-10-1994	0.0	16.5	2.7	9.8553	1.0	1.0
ClimateId2	12345	15-10-1994	0.0	14.9	3.6	8.4905	1.1	0.9
ClimateId2	12345	16-10-1994	0.0	16.4	3.9	9.0352	0.8	0.9
ClimateId2	12345	17-10-1994	0.0	9.7	4.5	6.0869	1.9	1.0
ClimateId2	12345	18-10-1994	0.0	7.0	3.4	4.6879	1.5	1.1
ClimateId2	12345	19-10-1994	0.0	8.6	0.2	6.646	1.6	0.9
ClimateId2	12345	20-10-1994	0.0	8.0	-1.6	7.2565	0.8	0.5
ClimateId2	12345	21-10-1994	0.0	6.6	2.1	4.4083	1.5	0.5
ClimateId2	12345	22-10-1994	0.3	5.1	4.5	0.5805	1.7	0.7
ClimateId2	12345	23-10-1994	0.0	8.0	4.3	3.685	1.4	0.6
ClimateId2	12345	24-10-1994	8.6	8.3	5.9	2.6501	1.2	0.5
ClimateId2	12345	25-10-1994	0.0	15.9	4.4	6.9867	1.2	0.8
ClimateId2	12345	26-10-1994	0.6	16.1	2.4	8.1193	2.0	0.8
ClimateId2	12345	27-10-1994	9.5	14.2	4.1	6.6608	1.9	0.9
ClimateId2	12345	28-10-1994	0.0	14.3	2.8	7.0338	1.9	0.6
ClimateId2	12345	29-10-1994	11.6	11.6	7.9	3.276	1.5	0.7
ClimateId2	12345	30-10-1994	0.0	12.1	2.7	6.1045	1.4	0.5
ClimateId2	12345	31-10-1994	0.0	14.7	4.1	6.4135	1.6	0.7
ClimateId2	12345	01-11-1994	0.0	17.6	4.3	7.1881	1.2	0.7
ClimateId2	12345	02-11-1994	0.0	12.4	7.1	3.4592	0.8	0.9
ClimateId2	12345	03-11-1994	0.0	11.4	6.3	3.6066	0.8	0.5
ClimateId2	12345	04-11-1994	0.0	12.8	7.4	3.7281	0.8	0.7
ClimateId2	12345	05-11-1994	0.0	10.5	8.1	1.8968	1.6	0.7
ClimateId2	12345	06-11-1994	0.0	9.0	3.9	3.4487	1.8	0.6
ClimateId2	12345	07-11-1994	1.4	6.4	4.1	2.1706	1.2	0.6
ClimateId2	12345	08-11-1994	0.0	10.2	5.1	3.3065	1.1	0.4
ClimateId2	12345	09-11-1994	0.0	8.4	4.7	2.4312	0.9	0.5
ClimateId2	12345	10-11-1994	0.2	12.1	6.4	3.5214	1.1	0.4
ClimateId2	12345	11-11-1994	23.9	9.3	3.0	3.5095	3.3	0.6
ClimateId2	12345	12-11-1994	3.4	6.0	2.4	2.7157	2.2	0.6
ClimateId2	12345	13-11-1994	0.0	4.6	1.6	1.9964	1.1	0.4
ClimateId2	12345	14-11-1994	0.0	8.6	3.8	2.8332	1.2	0.5
ClimateId2	12345	15-11-1994	0.0	12.8	4.9	4.3053	1.2	0.6
ClimateId2	12345	16-11-1994	0.4	14.8	4.1	4.8432	1.4	0.5
ClimateId2	12345	17-11-1994	0.0	10.8	3.4	3.7007	1.2	0.5
ClimateId2	12345	18-11-1994	0.0	8.9	2.8	3.1835	1.2	0.4
ClimateId2	12345	19-11-1994	0.0	8.0	0.8	3.3681	1.7	0.6
ClimateId2	12345	20-11-1994	0.2	7.9	2.4	2.9869	1.1	0.4
ClimateId2	12345	21-11-1994	0.0	11.0	1.9	4.0039	1.1	0.2
ClimateId2	12345	22-11-1994	0.0	9.5	4.1	2.3777	0.8	0.5
ClimateId2	12345	23-11-1994	0.0	12.6	4.4	3.5803	1.4	0.6
ClimateId2	12345	24-11-1994	0.0	11.4	2.8	3.6787	1.3	0.4
ClimateId2	12345	25-11-1994	0.0	11.2	1.6	3.9041	1.6	0.4
ClimateId2	12345	26-11-1994	0.0	6.7	3.0	1.7828	1.5	0.5
ClimateId2	12345	27-11-1994	0.2	5.9	1.3	2.0587	0.9	0.4
ClimateId2	12345	28-11-1994	0.0	10.0	0.8	3.0798	1.1	0.3
ClimateId2	12345	29-11-1994	0.0	8.3	-1.8	3.2927	0.9	0.3
ClimateId2	12345	30-11-1994	0.0	8.2	-1.5	3.6536	1.4	0.3
ClimateId2	12345	01-12-1994	0.0	5.5	-1.9	2.7307	1.4	0.5
ClimateId2	12345	02-12-1994	0.0	0.9	-5.4	2.5484	1.5	0.2
ClimateId2	12345	03-12-1994	0.0	-1.2	-4.9	1.5889	0.9	0.3
ClimateId2	12345	04-12-1994	0.0	2.3	-3.9	2.5624	0.9	0.2
ClimateId2	12345	05-12-1994	0.0	9.6	-1.7	3.4349	1.4	0.3
ClimateId2	12345	06-12-1994	0.0	8.6	-1.4	3.4233	1.1	0.1
ClimateId2	12345	07-12-1994	1.0	8.8	3.4	2.1687	2.1	0.7
ClimateId2	12345	08-12-1994	0.0	4.2	-2.9	2.0246	0.9	0.2
ClimateId2	12345	09-12-1994	0.0	4.1	-2.0	2.2237	1.1	0.2
ClimateId2	12345	10-12-1994	0.4	5.2	1.3	1.5436	1.3	0.3
ClimateId2	12345	11-12-1994	0.3	9.0	0.7	2.9345	1.1	0.2
ClimateId2	12345	12-12-1994	0.0	12.3	2.0	3.4042	0.9	0.3
ClimateId2	12345	13-12-1994	0.0	9.8	1.3	2.9126	1.1	0.4
ClimateId2	12345	14-12-1994	0.0	9.0	-0.1	3.0256	2.8	0.9
ClimateId2	12345	15-12-1994	0.0	3.8	-2.1	2.1517	2.0	0.7
ClimateId2	12345	16-12-1994	0.0	2.1	-7.1	3.0598	0.9	0.2
ClimateId2	12345	17-12-1994	0.0	5.8	-4.4	3.305	1.3	0.4
ClimateId2	12345	18-12-1994	0.0	3.0	-6.5	3.1322	1.0	0.2
ClimateId2	12345	19-12-1994	0.0	1.4	-5.1	2.2749	0.8	0.2
ClimateId2	12345	20-12-1994	0.0	0.2	-1.6	0.5409	0.9	0.4
ClimateId2	12345	21-12-1994	8.7	-0.5	-3.2	1.2579	2.3	0.4
ClimateId2	12345	22-12-1994	5.5	-0.8	-3.0	0.8281	2.2	0.5
ClimateId2	12345	23-12-1994	0.0	-1.1	-3.0	1.0104	2.0	0.5
ClimateId2	12345	24-12-1994	3.3	-0.2	-2.7	0.891	2.4	0.4
ClimateId2	12345	25-12-1994	0.6	0.4	-1.8	0.7654	0.8	0.4
ClimateId2	12345	26-12-1994	0.0	0.4	-1.2	0.4676	0.8	0.4
ClimateId2	12345	27-12-1994	0.0	0.0	-6.4	2.7082	1.2	0.2
ClimateId2	12345	28-12-1994	0.0	3.4	-3.8	2.5013	0.9	0.2
ClimateId2	12345	29-12-1994	0.0	7.9	-0.6	2.9439	1.7	0.4
ClimateId2	12345	30-12-1994	0.0	8.3	2.4	2.1777	3.7	0.9
ClimateId2	12345	31-12-1994	4.9	7.3	0.0	2.3293	2.2	0.5
ClimateId2	12345	01-01-1995	0.0	1.6	-3.0	2.6153	0.8	0.1
ClimateId2	12345	02-01-1995	0.0	3.7	-7.3	5.3345	0.8	0.0
ClimateId2	12345	03-01-1995	0.0	2.0	-8.6	5.3489	2.1	0.2
ClimateId2	12345	04-01-1995	0.1	-1.4	-6.0	3.5167	4.3	0.9
ClimateId2	12345	05-01-1995	0.6	-2.2	-5.6	1.1323	1.8	0.5
ClimateId2	12345	06-01-1995	0.2	-1.6	-4.8	1.9964	0.4	0.2
ClimateId2	12345	07-01-1995	0.0	-0.8	-5.0	3.6266	0.4	0.2
ClimateId2	12345	08-01-1995	0.0	-3.3	-11.6	3.5201	0.4	0.1
ClimateId2	12345	09-01-1995	0.0	-2.5	-10.2	5.0988	0.6	0.0
ClimateId2	12345	10-01-1995	0.0	0.7	-10.4	4.9382	1.2	0.0
ClimateId2	12345	11-01-1995	0.0	4.9	-7.0	5.4628	1.5	0.1
ClimateId2	12345	12-01-1995	0.0	4.0	-6.9	4.9696	1.4	0.2
ClimateId2	12345	13-01-1995	0.0	2.4	-3.4	4.5607	4.4	0.9
ClimateId2	12345	14-01-1995	0.0	0.1	-8.1	6.0907	1.4	0.2
ClimateId2	12345	15-01-1995	0.0	-0.1	-13.4	6.0971	0.6	0.0
ClimateId2	12345	16-01-1995	0.0	3.3	-6.3	4.675	0.6	0.2
ClimateId2	12345	17-01-1995	0.0	1.1	-9.3	6.1443	0.9	0.0
ClimateId2	12345	18-01-1995	0.2	-3.9	-10.2	1.9686	1.4	0.2
ClimateId2	12345	19-01-1995	6.0	-2.1	-5.2	1.2763	0.7	0.3
ClimateId2	12345	20-01-1995	0.0	-2.6	-4.8	1.0932	1.0	0.3
ClimateId2	12345	21-01-1995	3.0	-1.5	-3.4	1.0049	0.6	0.3
ClimateId2	12345	22-01-1995	0.0	0.3	-2.7	1.4934	0.8	0.3
ClimateId2	12345	23-01-1995	0.0	9.8	-1.6	4.8643	2.0	0.4
ClimateId2	12345	24-01-1995	0.3	5.0	2.0	3.7349	1.2	0.4
ClimateId2	12345	25-01-1995	0.0	8.3	-4.7	5.4649	1.6	0.3
ClimateId2	12345	26-01-1995	4.0	11.8	-2.1	6.0916	2.7	0.5
ClimateId2	12345	27-01-1995	0.0	5.9	2.9	3.9362	4.2	1.5
ClimateId2	12345	28-01-1995	0.0	4.1	-4.3	4.1317	2.0	0.6
ClimateId2	12345	29-01-1995	0.0	8.6	-2.0	6.0102	0.9	0.4
ClimateId2	12345	30-01-1995	0.0	9.7	-0.4	4.9317	1.1	0.5
ClimateId2	12345	31-01-1995	0.0	5.8	0.9	6.8873	4.4	1.3
ClimateId2	12345	01-02-1995	0.0	5.9	-6.7	7.8428	1.0	0.3
ClimateId2	12345	02-02-1995	0.0	8.1	-5.5	8.0475	0.7	0.2
ClimateId2	12345	03-02-1995	0.0	6.1	-3.2	6.8491	1.8	0.5
ClimateId2	12345	04-02-1995	0.0	4.9	-4.1	6.199	0.7	0.3
ClimateId2	12345	05-02-1995	2.0	8.2	-2.9	6.4577	2.0	0.5
ClimateId2	12345	06-02-1995	0.0	10.9	-2.1	7.1766	0.6	0.4
ClimateId2	12345	07-02-1995	0.0	16.0	-0.3	8.3081	1.0	0.6
ClimateId2	12345	08-02-1995	0.0	12.4	0.8	7.119	1.0	0.6
ClimateId2	12345	09-02-1995	0.0	9.8	-0.7	5.8862	1.5	0.6
ClimateId2	12345	10-02-1995	0.0	3.0	0.4	4.0376	1.9	0.9
ClimateId2	12345	11-02-1995	0.0	6.2	-3.7	5.9562	0.7	0.4
ClimateId2	12345	12-02-1995	0.0	11.0	-2.4	7.7925	0.8	0.5
ClimateId2	12345	13-02-1995	3.0	12.8	-1.5	10.097	1.9	0.5
ClimateId2	12345	14-02-1995	7.0	8.2	2.8	3.3204	1.4	0.5
ClimateId2	12345	15-02-1995	0.4	11.4	0.0	7.7241	1.4	0.6
ClimateId2	12345	16-02-1995	7.0	7.2	1.6	4.6592	0.9	0.5
ClimateId2	12345	17-02-1995	1.0	12.1	-1.6	9.1646	2.4	0.8
ClimateId2	12345	18-02-1995	15.4	5.2	3.0	1.9403	1.8	0.6
ClimateId2	12345	19-02-1995	0.0	10.0	-1.4	9.9685	1.0	0.7
ClimateId2	12345	20-02-1995	0.0	12.5	-0.9	8.3643	1.0	0.7
ClimateId2	12345	21-02-1995	0.0	13.3	0.4	10.0272	1.1	0.8
ClimateId2	12345	22-02-1995	0.8	7.6	-0.2	4.9285	1.1	0.6
ClimateId2	12345	23-02-1995	9.0	8.0	0.7	4.7949	1.4	0.8
ClimateId2	12345	24-02-1995	0.3	5.3	0.8	4.5493	1.4	0.6
ClimateId2	12345	25-02-1995	0.0	12.2	-0.4	8.7451	2.3	1.1
ClimateId2	12345	26-02-1995	29.0	7.2	-0.7	5.8445	1.3	0.7
ClimateId2	12345	27-02-1995	0.4	8.2	0.5	7.0037	1.7	1.0
ClimateId2	12345	28-02-1995	0.0	10.5	-3.5	12.4337	1.0	0.8
ClimateId2	12345	01-03-1995	0.0	13.1	-2.4	13.2622	1.9	1.1
ClimateId2	12345	02-03-1995	28.0	5.4	0.6	4.2939	1.7	0.6
ClimateId2	12345	03-03-1995	0.0	8.3	1.4	7.3547	1.0	0.8
ClimateId2	12345	04-03-1995	23.0	4.8	-0.1	3.4691	1.2	0.5
ClimateId2	12345	05-03-1995	0.0	7.6	0.7	9.9105	1.5	1.0
ClimateId2	12345	06-03-1995	2.0	5.6	-2.2	8.0674	0.8	0.6
ClimateId2	12345	07-03-1995	0.0	7.7	0.8	6.8102	3.3	1.6
ClimateId2	12345	08-03-1995	0.0	10.1	-3.8	13.5474	1.1	1.1
ClimateId2	12345	09-03-1995	0.0	9.5	-0.7	8.1549	1.3	1.2
ClimateId2	12345	10-03-1995	0.0	11.5	-1.2	13.3471	0.9	1.2
ClimateId2	12345	11-03-1995	0.0	11.5	-2.2	13.9632	1.3	1.2
ClimateId2	12345	12-03-1995	0.0	12.4	-1.2	14.6175	1.2	1.3
ClimateId2	12345	13-03-1995	0.7	8.4	1.8	7.279	2.7	1.3
ClimateId2	12345	14-03-1995	0.1	2.9	1.0	4.2569	2.6	1.1
ClimateId2	12345	15-03-1995	0.4	3.8	-2.8	8.3845	1.3	0.9
ClimateId2	12345	16-03-1995	3.0	3.5	-1.0	5.3412	1.0	0.7
ClimateId2	12345	17-03-1995	0.0	10.3	-1.7	12.4803	2.6	1.5
ClimateId2	12345	18-03-1995	0.0	15.3	1.5	11.9277	1.7	1.7
ClimateId2	12345	19-03-1995	10.0	16.2	3.9	11.2966	2.7	2.0
ClimateId2	12345	20-03-1995	9.0	5.3	1.0	6.4854	2.9	1.1
ClimateId2	12345	21-03-1995	0.0	7.9	-2.1	10.715	2.8	1.5
ClimateId2	12345	22-03-1995	0.0	7.2	-1.2	12.8464	4.4	2.0
ClimateId2	12345	23-03-1995	0.4	8.3	0.0	7.3542	1.6	1.3
ClimateId2	12345	24-03-1995	0.0	16.0	0.7	15.7662	1.2	1.8
ClimateId2	12345	25-03-1995	0.0	19.7	1.1	15.5879	1.3	2.1
ClimateId2	12345	26-03-1995	0.0	13.5	5.1	10.7222	2.6	1.9
ClimateId2	12345	27-03-1995	12.0	16.2	4.1	11.2711	4.2	2.5
ClimateId2	12345	28-03-1995	0.0	6.1	-0.9	12.6629	5.3	2.6
ClimateId2	12345	29-03-1995	0.1	10.0	-3.0	12.7624	5.6	2.7
ClimateId2	12345	30-03-1995	0.0	6.0	0.8	13.4129	7.7	3.2
ClimateId2	12345	31-03-1995	0.0	7.3	-1.5	14.7147	3.5	2.2
ClimateId2	12345	01-04-1995	0.4	10.7	-0.9	10.6078	1.4	1.5
ClimateId2	12345	02-04-1995	0.0	17.7	4.8	13.7354	1.9	2.3
ClimateId2	12345	03-04-1995	0.0	23.9	7.6	17.9832	2.5	3.5
ClimateId2	12345	04-04-1995	0.0	24.3	3.5	17.6937	1.9	3.0
ClimateId2	12345	05-04-1995	0.4	13.5	7.7	10.5883	1.4	1.9
ClimateId2	12345	06-04-1995	0.0	18.7	5.8	13.2744	1.7	2.3
ClimateId2	12345	07-04-1995	0.1	20.3	5.6	14.8267	1.8	2.7
ClimateId2	12345	08-04-1995	0.3	13.2	9.6	14.2503	5.9	4.0
ClimateId2	12345	09-04-1995	0.0	8.6	-0.2	16.4132	4.3	2.6
ClimateId2	12345	10-04-1995	0.1	11.2	-0.7	13.0257	2.0	2.0
ClimateId2	12345	11-04-1995	2.0	10.1	2.7	8.7852	2.2	1.5
ClimateId2	12345	12-04-1995	0.0	11.3	1.6	14.2909	3.3	2.3
ClimateId2	12345	13-04-1995	0.4	9.6	3.5	11.7487	3.8	2.4
ClimateId2	12345	14-04-1995	0.3	9.1	0.0	12.6277	2.9	1.9
ClimateId2	12345	15-04-1995	0.1	8.6	-0.3	14.4562	1.9	1.8
ClimateId2	12345	16-04-1995	0.0	10.5	-0.3	12.5798	1.0	1.6
ClimateId2	12345	17-04-1995	0.0	13.9	1.7	17.2013	2.1	2.6
ClimateId2	12345	18-04-1995	0.0	18.3	4.3	15.7305	2.0	2.9
ClimateId2	12345	19-04-1995	0.0	20.3	4.2	20.8706	3.9	3.7
ClimateId2	12345	20-04-1995	0.0	20.2	8.4	18.8525	3.8	3.8
ClimateId2	12345	21-04-1995	0.0	21.9	6.2	18.0044	1.9	3.2
ClimateId2	12345	22-04-1995	0.0	25.6	6.0	23.9016	1.8	3.9
ClimateId2	12345	23-04-1995	0.0	26.6	8.2	21.7846	1.8	4.0
ClimateId2	12345	24-04-1995	5.0	22.5	9.4	18.0657	2.8	3.6
ClimateId2	12345	25-04-1995	7.0	13.9	11.4	11.1404	2.9	2.5
ClimateId2	12345	26-04-1995	0.2	15.0	5.6	12.644	1.1	2.0
ClimateId2	12345	27-04-1995	0.0	16.6	6.2	14.4757	0.7	2.3
ClimateId2	12345	28-04-1995	0.7	19.6	5.0	18.8502	1.9	3.0
ClimateId2	12345	29-04-1995	0.0	20.5	7.1	20.528	1.9	3.3
ClimateId2	12345	30-04-1995	1.1	21.8	8.0	19.4165	2.0	3.3
ClimateId2	12345	01-05-1995	0.2	19.7	10.3	14.2785	2.6	3.1
ClimateId2	12345	02-05-1995	0.0	16.2	9.4	20.6251	4.5	4.6
ClimateId2	12345	03-05-1995	0.0	15.6	3.8	23.1472	3.3	3.9
ClimateId2	12345	04-05-1995	1.0	19.8	1.2	22.9238	1.4	3.2
ClimateId2	12345	05-05-1995	0.0	22.2	7.3	22.8076	2.7	4.2
ClimateId2	12345	06-05-1995	2.0	24.9	6.6	21.8088	1.3	3.7
ClimateId2	12345	07-05-1995	0.0	26.4	7.6	22.0665	1.9	4.1
ClimateId2	12345	08-05-1995	5.0	23.6	8.4	21.6564	2.4	3.9
ClimateId2	12345	09-05-1995	8.0	18.9	11.4	13.8556	1.4	2.7
ClimateId2	12345	10-05-1995	1.0	15.2	8.4	12.2488	1.9	2.2
ClimateId2	12345	11-05-1995	1.0	15.6	6.5	14.224	2.4	2.4
ClimateId2	12345	12-05-1995	19.0	14.9	10.9	7.7302	1.8	1.6
ClimateId2	12345	13-05-1995	2.7	15.9	11.9	10.5164	3.9	2.7
ClimateId2	12345	14-05-1995	0.0	14.8	8.9	13.3855	3.9	3.6
ClimateId2	12345	15-05-1995	0.0	14.2	5.2	18.8369	3.0	3.5
ClimateId2	12345	16-05-1995	0.1	19.9	2.0	25.1116	3.0	3.9
ClimateId2	12345	17-05-1995	0.0	14.0	9.8	8.8036	3.0	1.9
ClimateId2	12345	18-05-1995	3.0	19.1	7.9	16.3593	2.1	2.9
ClimateId2	12345	19-05-1995	7.0	15.0	11.6	9.7431	2.8	2.7
ClimateId2	12345	20-05-1995	7.2	13.9	8.9	11.1966	4.6	3.6
ClimateId2	12345	21-05-1995	2.0	14.4	8.2	10.9818	3.8	3.0
ClimateId2	12345	22-05-1995	0.0	17.0	9.6	15.2841	3.8	3.9
ClimateId2	12345	23-05-1995	0.0	21.3	5.0	26.6257	1.3	4.0
ClimateId2	12345	24-05-1995	0.0	24.5	7.3	27.3051	1.7	4.5
ClimateId2	12345	25-05-1995	0.0	25.7	10.1	24.7794	1.7	4.6
ClimateId2	12345	26-05-1995	0.0	26.2	11.4	26.8549	1.7	4.9
ClimateId2	12345	27-05-1995	0.0	27.8	12.8	26.0516	2.1	5.3
ClimateId2	12345	28-05-1995	0.0	26.5	13.7	23.479	2.2	4.9
ClimateId2	12345	29-05-1995	0.0	27.8	13.4	25.5091	1.5	4.9
ClimateId2	12345	30-05-1995	2.0	27.4	13.9	21.5696	1.9	4.5
ClimateId2	12345	31-05-1995	17.0	25.2	14.6	19.7275	1.7	4.1
ClimateId2	12345	01-06-1995	9.0	17.8	13.7	13.4448	0.8	2.5
ClimateId2	12345	02-06-1995	0.0	19.2	9.5	18.8135	2.3	3.4
ClimateId2	12345	03-06-1995	4.0	20.8	8.3	21.8524	1.5	3.7
ClimateId2	12345	04-06-1995	12.0	22.5	8.6	21.7629	2.2	3.9
ClimateId2	12345	05-06-1995	12.4	20.0	11.5	14.5601	1.1	2.8
ClimateId2	12345	06-06-1995	24.0	19.2	12.0	14.4753	1.6	2.8
ClimateId2	12345	07-06-1995	3.0	20.4	12.5	14.6088	1.1	3.0
ClimateId2	12345	08-06-1995	0.0	24.0	9.1	24.2279	1.1	4.1
ClimateId2	12345	09-06-1995	8.0	25.0	13.2	23.3338	1.8	4.6
ClimateId2	12345	10-06-1995	4.0	21.6	12.5	20.624	1.0	3.7
ClimateId2	12345	11-06-1995	8.0	20.4	14.6	13.643	1.4	2.8
ClimateId2	12345	12-06-1995	2.0	19.0	14.2	14.3171	2.1	3.1
ClimateId2	12345	13-06-1995	15.0	21.4	9.4	21.185	1.4	3.7
ClimateId2	12345	14-06-1995	4.0	20.5	10.1	17.3384	1.2	3.2
ClimateId2	12345	15-06-1995	0.5	18.6	12.3	16.4522	1.2	3.1
ClimateId2	12345	16-06-1995	7.0	21.3	11.4	20.8877	1.5	3.8
ClimateId2	12345	17-06-1995	0.0	23.0	12.3	22.3511	1.2	4.2
ClimateId2	12345	18-06-1995	0.0	21.6	11.0	15.3428	1.0	3.0
ClimateId2	12345	19-06-1995	0.0	25.7	12.1	23.5513	1.5	4.6
ClimateId2	12345	20-06-1995	0.0	26.9	15.2	24.8371	1.4	4.9
ClimateId2	12345	21-06-1995	8.0	29.0	14.5	24.4355	1.4	4.9
ClimateId2	12345	22-06-1995	18.0	20.4	17.2	8.2184	1.2	2.3
ClimateId2	12345	23-06-1995	0.0	15.6	9.6	12.4535	1.5	2.6
ClimateId2	12345	24-06-1995	1.0	14.1	10.4	7.691	2.8	2.1
ClimateId2	12345	25-06-1995	10.0	18.1	11.6	12.3585	1.1	2.4
ClimateId2	12345	26-06-1995	3.0	23.0	12.4	17.3699	2.1	3.7
ClimateId2	12345	27-06-1995	0.0	24.1	14.2	17.4683	2.7	4.0
ClimateId2	12345	28-06-1995	0.0	26.0	15.3	26.3575	2.7	5.7
ClimateId2	12345	29-06-1995	0.0	25.4	12.5	25.3921	2.1	5.1
ClimateId2	12345	30-06-1995	0.0	28.5	12.0	27.8398	1.9	5.4
ClimateId2	12345	01-07-1995	0.0	29.6	14.0	28.1426	1.4	5.5
ClimateId2	12345	02-07-1995	10.0	27.9	17.3	16.8297	1.0	3.8
ClimateId2	12345	03-07-1995	0.0	29.3	15.9	22.0725	2.4	5.1
ClimateId2	12345	04-07-1995	1.0	26.4	13.4	21.1873	2.5	4.3
ClimateId2	12345	05-07-1995	13.0	22.6	16.3	13.7398	1.9	3.1
ClimateId2	12345	06-07-1995	6.0	20.9	16.2	11.2464	0.9	2.5
ClimateId2	12345	07-07-1995	0.0	25.2	11.3	26.7178	1.0	4.6
ClimateId2	12345	08-07-1995	0.0	28.2	12.8	27.4697	1.0	5.1
ClimateId2	12345	09-07-1995	0.0	29.1	14.2	27.8153	1.0	5.3
ClimateId2	12345	10-07-1995	0.0	29.2	15.1	26.2869	1.1	5.2
ClimateId2	12345	11-07-1995	0.0	29.0	14.8	27.0705	2.0	5.5
ClimateId2	12345	12-07-1995	0.0	29.6	15.1	23.4928	1.1	4.8
ClimateId2	12345	13-07-1995	0.0	30.0	15.8	23.741	1.3	5.0
ClimateId2	12345	14-07-1995	0.4	30.4	17.8	20.4859	1.1	4.6
ClimateId2	12345	15-07-1995	16.0	27.1	16.4	17.2607	0.9	3.7
ClimateId2	12345	16-07-1995	19.0	29.0	16.3	25.0246	1.3	5.1
ClimateId2	12345	17-07-1995	0.5	23.2	17.0	15.7113	1.0	3.3
ClimateId2	12345	18-07-1995	2.5	26.6	13.5	20.7787	1.3	4.1
ClimateId2	12345	19-07-1995	0.0	27.8	16.6	21.1712	1.5	4.6
ClimateId2	12345	20-07-1995	0.0	29.0	16.7	24.7514	1.3	5.1
ClimateId2	12345	21-07-1995	0.0	29.4	15.9	23.5598	1.3	4.8
ClimateId2	12345	22-07-1995	0.0	30.4	16.6	24.7326	1.4	5.1
ClimateId2	12345	23-07-1995	0.3	28.4	18.2	18.5888	2.9	4.6
ClimateId2	12345	24-07-1995	0.0	26.8	16.1	23.6824	2.1	5.1
ClimateId2	12345	25-07-1995	0.0	27.9	12.8	26.551	1.3	4.9
ClimateId2	12345	26-07-1995	0.0	28.6	12.8	26.5377	0.9	4.8
ClimateId2	12345	27-07-1995	3.0	29.9	15.2	22.6506	1.6	4.7
ClimateId2	12345	28-07-1995	10.0	24.5	18.3	11.3754	1.0	2.7
ClimateId2	12345	29-07-1995	5.0	20.0	17.0	6.6999	0.6	1.6
ClimateId2	12345	30-07-1995	0.0	26.9	14.8	22.7636	2.2	4.7
ClimateId2	12345	31-07-1995	0.0	28.6	13.6	25.0319	1.4	4.8
ClimateId2	12345	01-08-1995	1.0	29.7	13.9	24.6531	1.5	4.9
ClimateId2	12345	02-08-1995	2.0	25.6	15.9	16.2615	2.2	3.8
ClimateId2	12345	03-08-1995	0.0	26.8	11.8	23.4004	1.5	4.3
ClimateId2	12345	04-08-1995	0.0	27.5	11.7	22.2794	1.5	4.2
ClimateId2	12345	05-08-1995	0.0	26.3	13.2	19.6795	0.6	4.0
ClimateId2	12345	06-08-1995	0.0	27.5	14.2	23.2691	1.4	4.4
ClimateId2	12345	07-08-1995	1.0	28.7	17.1	18.5244	1.2	3.9
ClimateId2	12345	08-08-1995	8.0	27.3	15.1	18.7377	1.9	3.9
ClimateId2	12345	09-08-1995	18.0	17.5	16.8	3.1977	2.4	1.3
ClimateId2	12345	10-08-1995	0.0	24.5	14.8	20.8963	1.3	4.0
ClimateId2	12345	11-08-1995	0.0	27.3	10.4	24.0258	1.3	4.2
ClimateId2	12345	12-08-1995	0.0	26.2	12.2	23.6603	1.0	4.1
ClimateId2	12345	13-08-1995	0.0	26.4	11.0	23.8394	1.6	4.2
ClimateId2	12345	14-08-1995	0.0	27.5	10.9	23.7226	1.2	4.1
ClimateId2	12345	15-08-1995	0.2	22.7	14.5	12.4857	2.2	3.0
ClimateId2	12345	16-08-1995	0.0	20.4	12.4	13.1431	1.8	2.7
ClimateId2	12345	17-08-1995	0.0	21.5	10.8	14.5961	1.4	2.7
ClimateId2	12345	18-08-1995	0.4	25.6	12.6	18.2079	1.9	3.5
ClimateId2	12345	19-08-1995	15.0	22.7	16.3	10.0481	1.7	2.4
ClimateId2	12345	20-08-1995	2.0	20.8	15.5	11.5707	1.4	2.3
ClimateId2	12345	21-08-1995	0.6	21.3	13.2	10.9258	0.5	2.0
ClimateId2	12345	22-08-1995	0.0	26.4	13.4	19.2026	0.7	3.3
ClimateId2	12345	23-08-1995	0.0	27.0	14.4	19.2395	1.2	3.6
ClimateId2	12345	24-08-1995	19.0	27.1	14.9	16.6353	1.0	3.2
ClimateId2	12345	25-08-1995	0.0	25.9	15.2	15.8699	1.5	3.2
ClimateId2	12345	26-08-1995	0.0	25.6	16.8	14.6395	2.8	3.9
ClimateId2	12345	27-08-1995	4.0	23.3	10.6	15.6722	1.3	2.8
ClimateId2	12345	28-08-1995	48.0	14.3	13.8	3.6804	1.1	1.4
ClimateId2	12345	29-08-1995	0.0	17.1	5.6	14.4807	1.5	2.3
ClimateId2	12345	30-08-1995	0.0	16.2	7.7	14.8252	2.4	2.7
ClimateId2	12345	31-08-1995	0.0	17.3	5.0	15.2586	1.3	2.3
ClimateId2	12345	01-09-1995	2.5	13.7	7.1	7.731	1.6	1.4
ClimateId2	12345	02-09-1995	0.5	16.2	9.3	9.4469	0.6	1.6
ClimateId2	12345	03-09-1995	11.0	21.3	9.4	16.3258	1.9	2.6
ClimateId2	12345	04-09-1995	5.0	18.2	11.6	12.1682	1.3	2.3
ClimateId2	12345	05-09-1995	0.0	20.2	4.4	18.0912	1.8	2.5
ClimateId2	12345	06-09-1995	0.0	21.4	8.7	16.3807	1.1	2.5
ClimateId2	12345	07-09-1995	1.0	23.0	7.2	18.9769	2.9	3.0
ClimateId2	12345	08-09-1995	9.0	20.3	12.8	10.4815	1.3	1.9
ClimateId2	12345	09-09-1995	0.0	23.0	14.1	12.4994	1.7	2.7
ClimateId2	12345	10-09-1995	0.0	21.9	8.3	17.9424	1.4	2.6
ClimateId2	12345	11-09-1995	0.0	23.8	8.6	17.3302	1.1	2.5
ClimateId2	12345	12-09-1995	0.0	24.9	10.4	17.365	1.2	2.6
ClimateId2	12345	13-09-1995	6.0	22.2	11.7	11.9484	0.8	1.9
ClimateId2	12345	14-09-1995	23.0	18.2	14.2	5.6914	1.9	1.3
ClimateId2	12345	15-09-1995	6.8	16.1	12.9	6.4022	1.5	1.6
ClimateId2	12345	16-09-1995	0.3	20.7	9.0	14.4081	1.3	2.1
ClimateId2	12345	17-09-1995	0.0	19.0	11.9	10.2405	1.5	1.8
ClimateId2	12345	18-09-1995	0.0	20.8	9.3	13.8135	1.2	2.0
ClimateId2	12345	19-09-1995	17.4	17.0	10.2	5.8298	1.4	1.0
ClimateId2	12345	20-09-1995	0.0	22.5	13.8	11.8741	2.6	2.6
ClimateId2	12345	21-09-1995	0.0	20.2	9.3	12.2375	1.7	2.1
ClimateId2	12345	22-09-1995	0.6	18.0	10.0	9.9316	1.8	2.0
ClimateId2	12345	23-09-1995	0.0	17.5	10.1	10.1999	0.8	1.6
ClimateId2	12345	24-09-1995	0.0	18.7	6.7	14.212	1.1	1.8
ClimateId2	12345	25-09-1995	0.0	19.1	5.4	14.5242	1.2	1.7
ClimateId2	12345	26-09-1995	0.0	19.8	7.2	12.6434	1.0	1.6
ClimateId2	12345	27-09-1995	0.0	21.3	8.0	13.5073	1.6	1.9
ClimateId2	12345	28-09-1995	17.0	13.9	11.3	3.9137	1.9	1.3
ClimateId2	12345	29-09-1995	0.1	13.6	5.7	11.9328	2.2	1.8
ClimateId2	12345	30-09-1995	0.0	14.1	-0.1	12.1524	0.9	1.2
ClimateId2	12345	01-10-1995	0.5	10.9	1.3	8.8163	0.7	0.9
ClimateId2	12345	02-10-1995	0.0	20.6	4.5	13.9567	0.8	1.4
ClimateId2	12345	03-10-1995	0.0	17.0	6.9	10.4424	0.9	1.2
ClimateId2	12345	04-10-1995	0.0	20.0	7.0	10.9493	0.8	1.3
ClimateId2	12345	05-10-1995	0.0	23.1	8.3	12.8401	1.2	1.6
ClimateId2	12345	06-10-1995	0.0	16.9	9.1	8.1043	1.1	1.0
ClimateId2	12345	07-10-1995	0.0	18.4	12.5	6.1276	0.4	1.1
ClimateId2	12345	08-10-1995	0.0	21.9	11.0	9.7916	1.2	1.5
ClimateId2	12345	09-10-1995	0.0	22.2	11.9	9.6323	0.7	1.4
ClimateId2	12345	10-10-1995	0.0	20.8	11.5	9.9285	0.5	1.3
ClimateId2	12345	11-10-1995	0.0	22.2	8.3	12.2891	0.7	1.3
ClimateId2	12345	12-10-1995	0.0	22.3	7.8	11.8847	1.1	1.4
ClimateId2	12345	13-10-1995	0.0	21.4	6.3	12.9596	0.9	1.2
ClimateId2	12345	14-10-1995	0.0	18.7	6.7	6.0306	0.6	0.9
ClimateId2	12345	15-10-1995	0.0	14.1	10.4	3.3416	0.7	0.8
ClimateId2	12345	16-10-1995	0.0	17.5	9.5	9.3934	1.0	1.1
ClimateId2	12345	17-10-1995	0.0	15.6	8.0	4.5238	0.3	0.8
ClimateId2	12345	18-10-1995	0.0	18.6	5.1	11.1387	0.9	0.9
ClimateId2	12345	19-10-1995	0.0	20.0	6.1	10.5867	1.0	1.0
ClimateId2	12345	20-10-1995	0.0	19.8	5.5	10.3144	0.7	0.9
ClimateId2	12345	21-10-1995	0.0	13.0	6.0	6.2883	1.9	1.0
ClimateId2	12345	22-10-1995	0.0	11.3	4.3	8.4178	1.0	0.9
ClimateId2	12345	23-10-1995	0.0	12.1	-1.6	10.7055	1.2	0.7
ClimateId2	12345	24-10-1995	0.0	11.8	-2.0	10.5711	1.1	0.6
ClimateId2	12345	25-10-1995	0.0	11.5	-3.2	10.849	0.9	0.4
ClimateId2	12345	26-10-1995	0.0	15.8	-1.9	10.9791	1.0	0.5
ClimateId2	12345	27-10-1995	0.0	12.4	-1.0	9.4891	0.9	0.4
ClimateId2	12345	28-10-1995	1.0	13.1	2.1	6.6746	0.4	0.4
ClimateId2	12345	29-10-1995	0.0	13.2	4.6	5.2159	0.5	0.5
ClimateId2	12345	30-10-1995	0.0	12.4	4.7	4.3946	0.5	0.5
ClimateId2	12345	31-10-1995	2.0	12.9	7.0	4.5553	0.5	0.5
ClimateId2	12345	01-11-1995	7.0	14.0	5.8	4.8667	0.9	0.6
ClimateId2	12345	02-11-1995	1.0	10.3	7.5	4.2253	2.2	1.1
ClimateId2	12345	03-11-1995	0.0	11.6	0.0	7.2491	2.0	0.7
ClimateId2	12345	04-11-1995	0.0	7.1	0.9	7.3173	5.6	1.9
ClimateId2	12345	05-11-1995	0.0	4.7	-0.7	5.2675	6.8	1.8
ClimateId2	12345	06-11-1995	0.2	4.9	0.3	4.6717	5.9	2.0
ClimateId2	12345	07-11-1995	0.0	10.2	2.6	6.1413	4.1	1.7
ClimateId2	12345	08-11-1995	0.9	3.8	2.3	2.6172	1.4	0.7
ClimateId2	12345	09-11-1995	0.0	4.8	-1.9	4.2351	0.6	0.3
ClimateId2	12345	10-11-1995	0.0	4.9	-2.7	3.5683	0.5	0.2
ClimateId2	12345	11-11-1995	0.0	5.8	2.3	1.8865	0.9	0.4
ClimateId2	12345	12-11-1995	0.4	4.4	2.7	1.0502	0.8	0.5
ClimateId2	12345	13-11-1995	0.5	4.8	3.2	1.0835	0.6	0.4
ClimateId2	12345	14-11-1995	0.0	7.1	4.2	1.6671	0.5	0.4
ClimateId2	12345	15-11-1995	0.0	10.2	4.8	3.785	0.9	0.4
ClimateId2	12345	16-11-1995	0.6	14.3	5.0	3.6483	2.8	0.7
ClimateId2	12345	17-11-1995	16.0	11.2	8.4	1.7885	1.5	0.6
ClimateId2	12345	18-11-1995	0.0	4.4	2.9	2.4101	4.3	1.4
ClimateId2	12345	19-11-1995	0.0	2.4	-4.6	3.8163	1.3	0.4
ClimateId2	12345	20-11-1995	0.0	3.9	-1.9	5.6641	4.6	0.9
ClimateId2	12345	21-11-1995	0.0	3.0	-5.2	6.4907	0.8	0.1
ClimateId2	12345	22-11-1995	0.0	1.6	-8.9	6.5337	0.8	0.0
ClimateId2	12345	23-11-1995	0.0	0.4	-8.5	4.3104	0.4	0.0
ClimateId2	12345	24-11-1995	0.0	4.6	-2.9	5.3522	0.7	0.1
ClimateId2	12345	25-11-1995	0.1	-2.0	-3.2	0.7286	1.3	0.3
ClimateId2	12345	26-11-1995	0.0	-0.2	-2.5	0.9359	0.8	0.3
ClimateId2	12345	27-11-1995	0.0	3.3	-1.3	1.6599	0.5	0.3
ClimateId2	12345	28-11-1995	25.0	4.8	-1.3	1.6829	0.6	0.2
ClimateId2	12345	29-11-1995	1.4	4.9	2.9	0.882	0.5	0.4
ClimateId2	12345	30-11-1995	1.3	3.5	2.9	0.3433	0.9	0.5
ClimateId2	12345	01-12-1995	0.2	2.4	1.1	0.6314	0.7	0.4
ClimateId2	12345	02-12-1995	0.0	3.1	1.0	0.88	0.7	0.5
ClimateId2	12345	03-12-1995	0.3	2.6	1.4	0.8995	1.0	0.6
ClimateId2	12345	04-12-1995	3.0	1.9	-0.1	1.0541	3.6	0.8
ClimateId2	12345	05-12-1995	5.7	-0.4	-2.0	0.6783	2.7	0.5
ClimateId2	12345	06-12-1995	11.0	-0.9	-2.1	0.5474	1.1	0.4
ClimateId2	12345	07-12-1995	7.0	0.3	-2.1	0.8762	0.7	0.4
ClimateId2	12345	08-12-1995	0.0	-1.0	-2.4	0.632	1.0	0.4
ClimateId2	12345	09-12-1995	0.0	-0.7	-2.5	0.6988	0.6	0.3
ClimateId2	12345	10-12-1995	0.1	-2.0	-3.3	0.5763	0.9	0.3
ClimateId2	12345	11-12-1995	0.0	-1.6	-3.2	0.7931	0.9	0.3
ClimateId2	12345	12-12-1995	1.8	1.2	-2.6	1.1881	1.3	0.3
ClimateId2	12345	13-12-1995	18.0	-1.2	-2.6	0.5612	2.8	0.5
ClimateId2	12345	14-12-1995	4.0	0.6	-2.7	1.0176	1.1	0.3
ClimateId2	12345	15-12-1995	0.0	0.2	-1.1	1.1111	0.8	0.3
ClimateId2	12345	16-12-1995	0.1	-0.2	-1.1	0.4733	0.8	0.4
ClimateId2	12345	17-12-1995	0.3	0.3	-1.1	0.5803	0.8	0.3
ClimateId2	12345	18-12-1995	0.0	0.9	-0.5	0.609	0.4	0.4
ClimateId2	12345	19-12-1995	0.1	1.5	0.2	0.545	0.4	0.4
ClimateId2	12345	20-12-1995	0.0	1.1	-1.1	1.0209	0.8	0.3
ClimateId2	12345	21-12-1995	0.8	-0.3	-2.4	1.3152	1.7	0.5
ClimateId2	12345	22-12-1995	0.0	0.9	-3.2	1.9284	1.4	0.3
ClimateId2	12345	23-12-1995	0.0	9.1	0.3	3.3865	3.7	0.3
ClimateId2	12345	24-12-1995	0.0	7.0	-1.0	3.3441	0.9	0.1
ClimateId2	12345	25-12-1995	0.1	4.0	-0.5	1.645	1.1	0.2
ClimateId2	12345	26-12-1995	24.0	2.5	1.6	0.6152	2.2	0.5
ClimateId2	12345	27-12-1995	3.3	0.0	-1.3	0.7852	1.8	0.6
ClimateId2	12345	28-12-1995	0.0	-2.8	-12.6	4.7649	0.7	0.0
ClimateId2	12345	29-12-1995	0.2	-7.0	-17.9	4.176	0.4	0.0
ClimateId2	12345	30-12-1995	0.0	-6.5	-8.4	1.2485	0.9	0.3
ClimateId2	12345	31-12-1995	13.0	-4.8	-8.1	1.0323	0.9	0.2
ClimateId2	12345	01-01-1996	5.1	0.6	-4.9	1.6239	0.7	0.2
ClimateId2	12345	02-01-1996	2.2	-0.5	-1.7	0.5822	0.7	0.4
ClimateId2	12345	03-01-1996	0.1	-2.0	-3.2	0.6772	1.0	0.4
ClimateId2	12345	04-01-1996	0.0	-1.4	-7.7	3.0335	0.9	0.2
ClimateId2	12345	05-01-1996	0.0	-3.1	-5.1	1.0192	1.1	0.4
ClimateId2	12345	06-01-1996	0.2	-3.7	-7.1	1.4388	1.2	0.3
ClimateId2	12345	07-01-1996	4.0	-2.9	-5.5	0.8819	1.1	0.3
ClimateId2	12345	08-01-1996	21.0	0.9	-3.9	1.46	0.5	0.2
ClimateId2	12345	09-01-1996	0.0	1.2	0.2	0.8672	0.6	0.4
ClimateId2	12345	10-01-1996	0.4	3.0	0.3	1.4056	0.9	0.3
ClimateId2	12345	11-01-1996	0.0	7.5	-0.7	4.0809	1.7	0.1
ClimateId2	12345	12-01-1996	0.0	8.4	-0.9	5.5061	0.8	0.0
ClimateId2	12345	13-01-1996	0.1	3.6	-1.5	2.2552	0.5	0.2
ClimateId2	12345	14-01-1996	0.0	2.0	-2.0	2.2375	1.0	0.2
ClimateId2	12345	15-01-1996	0.0	2.5	-0.4	2.5401	0.5	0.3
ClimateId2	12345	16-01-1996	0.0	-1.2	-4.7	2.2477	0.7	0.2
ClimateId2	12345	17-01-1996	0.0	-1.7	-7.8	3.9227	0.7	0.1
ClimateId2	12345	18-01-1996	0.0	-3.7	-7.5	1.7803	0.9	0.2
ClimateId2	12345	19-01-1996	0.8	-2.4	-4.7	1.2873	0.5	0.3
ClimateId2	12345	20-01-1996	0.8	-2.3	-3.3	0.7163	0.7	0.5
ClimateId2	12345	21-01-1996	0.2	-1.5	-4.5	1.2945	0.4	0.3
ClimateId2	12345	22-01-1996	0.2	-1.5	-3.4	1.0033	0.9	0.4
ClimateId2	12345	23-01-1996	1.5	-4.3	-5.0	0.4451	2.1	0.5
ClimateId2	12345	24-01-1996	5.0	-4.0	-5.2	0.8354	1.3	0.4
ClimateId2	12345	25-01-1996	0.6	-5.4	-7.2	1.8604	1.0	0.4
ClimateId2	12345	26-01-1996	0.6	-5.1	-7.6	1.277	0.7	0.3
ClimateId2	12345	27-01-1996	2.4	-1.4	-5.4	1.7541	0.4	0.3
ClimateId2	12345	28-01-1996	0.7	-0.7	-2.4	1.0596	0.7	0.4
ClimateId2	12345	29-01-1996	0.3	-0.5	-3.6	1.5157	0.6	0.4
ClimateId2	12345	30-01-1996	0.1	-0.1	-1.9	4.7704	2.1	0.5
ClimateId2	12345	31-01-1996	0.0	-0.5	-9.7	7.0288	0.8	0.2
ClimateId2	12345	01-02-1996	0.0	-2.6	-15.2	8.0787	0.6	0.0
ClimateId2	12345	02-02-1996	0.0	-0.6	-14.5	6.8211	0.5	0.1
ClimateId2	12345	03-02-1996	13.0	0.7	-6.0	3.7853	1.1	0.3
ClimateId2	12345	04-02-1996	5.0	1.0	-1.9	1.8342	0.8	0.4
ClimateId2	12345	05-02-1996	0.1	-1.7	-3.9	3.622	2.0	0.6
ClimateId2	12345	06-02-1996	0.1	-3.9	-15.5	6.7393	0.6	0.1
ClimateId2	12345	07-02-1996	0.2	-3.4	-10.1	4.667	0.7	0.3
ClimateId2	12345	08-02-1996	1.0	-2.6	-7.0	2.4985	1.6	0.5
ClimateId2	12345	09-02-1996	0.0	0.0	-7.8	8.0574	1.9	0.5
ClimateId2	12345	10-02-1996	0.0	-5.2	-16.9	6.285	0.6	0.1
ClimateId2	12345	11-02-1996	0.0	-0.9	-9.3	6.6154	0.7	0.3
ClimateId2	12345	12-02-1996	0.0	-0.8	-10.4	7.2278	0.7	0.2
ClimateId2	12345	13-02-1996	6.0	0.5	-4.7	2.7285	0.7	0.3
ClimateId2	12345	14-02-1996	0.0	4.2	-2.1	5.4359	0.7	0.4
ClimateId2	12345	15-02-1996	0.0	2.1	-4.4	8.4642	2.2	0.6
ClimateId2	12345	16-02-1996	0.0	2.8	-11.9	7.5624	1.0	0.3
ClimateId2	12345	17-02-1996	0.0	7.5	-4.4	8.6374	1.3	0.6
ClimateId2	12345	18-02-1996	0.0	6.3	-5.6	7.9164	2.8	0.8
ClimateId2	12345	19-02-1996	11.0	4.6	0.5	3.2497	2.7	1.0
ClimateId2	12345	20-02-1996	0.0	3.7	-0.8	6.6753	0.7	0.5
ClimateId2	12345	21-02-1996	0.0	1.2	-4.7	6.1832	2.2	0.7
ClimateId2	12345	22-02-1996	0.0	0.5	-5.0	6.4575	0.7	0.6
ClimateId2	12345	23-02-1996	0.0	-0.6	-11.4	10.4187	0.9	0.4
ClimateId2	12345	24-02-1996	0.0	0.6	-13.9	11.9442	1.0	0.5
ClimateId2	12345	25-02-1996	0.0	2.6	-13.1	12.5369	1.1	0.5
ClimateId2	12345	26-02-1996	0.0	6.0	-9.9	12.7894	0.7	0.5
ClimateId2	12345	27-02-1996	0.0	4.9	-8.7	11.7719	0.5	0.5
ClimateId2	12345	28-02-1996	0.0	5.2	-5.5	10.3659	0.5	0.6
ClimateId2	12345	29-02-1996	0.0	6.1	-9.1	11.8843	0.6	0.6
ClimateId2	12345	01-03-1996	0.0	4.0	-4.0	7.6662	2.5	0.7
ClimateId2	12345	02-03-1996	0.1	2.4	-4.5	9.4994	3.1	1.1
ClimateId2	12345	03-03-1996	0.3	1.8	-7.5	8.9304	2.0	0.8
ClimateId2	12345	04-03-1996	0.3	0.4	-9.9	9.5154	1.1	0.7
ClimateId2	12345	05-03-1996	0.0	3.5	-12.9	14.0183	1.0	0.7
ClimateId2	12345	06-03-1996	0.0	4.9	-4.7	8.3645	1.0	0.8
ClimateId2	12345	07-03-1996	0.6	3.3	0.2	5.433	1.6	0.8
ClimateId2	12345	08-03-1996	0.0	3.5	-3.8	10.8626	1.5	1.0
ClimateId2	12345	09-03-1996	0.3	2.3	-5.7	8.7239	1.2	0.8
ClimateId2	12345	10-03-1996	0.0	3.7	-8.5	14.136	1.5	0.9
ClimateId2	12345	11-03-1996	0.4	-0.1	-5.7	6.4741	1.8	0.8
ClimateId2	12345	12-03-1996	7.0	-2.0	-3.8	2.4267	2.9	0.6
ClimateId2	12345	13-03-1996	2.0	1.1	-3.4	7.0764	1.1	0.7
ClimateId2	12345	14-03-1996	0.0	5.2	-4.3	8.5632	0.7	0.8
ClimateId2	12345	15-03-1996	0.0	3.6	-3.0	5.1648	0.7	0.6
ClimateId2	12345	16-03-1996	0.1	3.0	1.4	2.4092	1.5	0.7
ClimateId2	12345	17-03-1996	1.0	6.6	0.7	5.0998	0.6	0.9
ClimateId2	12345	18-03-1996	0.0	7.0	1.3	6.5728	0.9	0.9
ClimateId2	12345	19-03-1996	0.0	7.3	1.3	10.4566	0.9	1.2
ClimateId2	12345	20-03-1996	0.0	9.4	-5.0	16.9385	1.1	1.4
ClimateId2	12345	21-03-1996	0.0	10.5	-3.4	14.3339	1.1	1.4
ClimateId2	12345	22-03-1996	1.0	7.0	-0.1	8.6944	1.0	1.1
ClimateId2	12345	23-03-1996	0.0	9.2	0.5	9.0081	0.9	1.1
ClimateId2	12345	24-03-1996	0.8	10.7	1.9	9.5934	1.0	1.2
ClimateId2	12345	25-03-1996	0.0	10.3	5.1	8.7141	1.5	1.5
ClimateId2	12345	26-03-1996	0.0	11.7	3.5	9.3043	1.2	1.5
ClimateId2	12345	27-03-1996	0.8	7.3	1.0	8.0591	3.6	1.6
ClimateId2	12345	28-03-1996	0.0	8.3	-0.8	16.5927	3.1	2.5
ClimateId2	12345	29-03-1996	2.2	10.1	-3.4	14.7921	1.2	1.6
ClimateId2	12345	30-03-1996	1.4	7.9	0.4	11.0711	1.4	1.4
ClimateId2	12345	31-03-1996	3.1	8.6	-1.3	14.3156	1.9	1.8
ClimateId2	12345	01-04-1996	5.0	5.7	-0.6	7.1864	1.6	1.1
ClimateId2	12345	02-04-1996	34.0	2.5	1.6	2.4912	2.7	0.8
ClimateId2	12345	03-04-1996	14.0	4.9	0.4	5.0244	2.4	1.1
ClimateId2	12345	04-04-1996	19.0	4.0	1.0	4.1345	1.7	0.8
ClimateId2	12345	05-04-1996	2.0	9.2	2.8	8.7219	0.7	1.2
ClimateId2	12345	06-04-1996	0.0	17.2	0.0	20.3672	1.2	2.2
ClimateId2	12345	07-04-1996	0.0	17.5	2.4	19.0258	1.7	2.5
ClimateId2	12345	08-04-1996	0.0	17.7	3.1	19.382	1.8	2.7
ClimateId2	12345	09-04-1996	0.0	15.9	4.9	14.1504	1.8	2.3
ClimateId2	12345	10-04-1996	0.0	14.1	4.8	13.927	1.5	2.2
ClimateId2	12345	11-04-1996	0.0	15.4	2.0	15.7413	1.6	2.2
ClimateId2	12345	12-04-1996	7.0	15.4	4.3	14.7083	2.8	2.5
ClimateId2	12345	13-04-1996	2.0	3.4	-0.4	7.4425	2.0	1.1
ClimateId2	12345	14-04-1996	0.5	10.4	-0.7	14.8624	3.2	2.2
ClimateId2	12345	15-04-1996	0.0	11.0	2.0	14.562	6.6	3.6
ClimateId2	12345	16-04-1996	0.0	12.1	5.7	11.7996	6.7	4.3
ClimateId2	12345	17-04-1996	0.0	16.8	1.7	22.2666	2.0	3.0
ClimateId2	12345	18-04-1996	0.0	19.6	1.9	23.0381	1.5	3.2
ClimateId2	12345	19-04-1996	0.0	21.1	3.5	23.4449	1.7	3.5
ClimateId2	12345	20-04-1996	0.0	23.5	3.5	24.2599	1.8	3.7
ClimateId2	12345	21-04-1996	0.0	24.3	5.3	24.4391	2.5	4.1
ClimateId2	12345	22-04-1996	0.0	25.8	5.8	24.327	2.8	4.4
ClimateId2	12345	23-04-1996	0.0	22.8	9.6	17.8328	4.0	4.5
ClimateId2	12345	24-04-1996	5.0	21.3	7.8	14.9851	1.2	2.6
ClimateId2	12345	25-04-1996	2.5	16.7	11.6	9.6181	1.0	1.9
ClimateId2	12345	26-04-1996	0.6	14.6	11.4	6.0375	0.8	1.4
ClimateId2	12345	27-04-1996	0.6	15.8	8.8	9.6398	0.6	1.7
ClimateId2	12345	28-04-1996	0.0	21.3	10.2	18.4114	1.9	3.4
ClimateId2	12345	29-04-1996	0.0	22.0	7.2	21.0272	2.5	3.7
ClimateId2	12345	30-04-1996	0.4	19.8	9.0	15.177	3.7	3.1
ClimateId2	12345	01-05-1996	4.0	16.6	10.3	12.7503	0.8	2.1
ClimateId2	12345	02-05-1996	0.0	21.3	8.9	21.2936	4.0	4.4
ClimateId2	12345	03-05-1996	1.0	18.9	8.8	17.9372	3.9	3.8
ClimateId2	12345	04-05-1996	0.0	20.1	4.3	23.5065	2.2	3.6
ClimateId2	12345	05-05-1996	0.0	18.6	6.9	17.3988	1.6	3.0
ClimateId2	12345	06-05-1996	0.0	20.5	10.6	16.585	1.5	3.1
ClimateId2	12345	07-05-1996	0.0	24.0	7.8	24.969	1.8	4.1
ClimateId2	12345	08-05-1996	4.0	21.3	11.9	16.0309	1.4	2.9
ClimateId2	12345	09-05-1996	0.2	19.7	12.8	14.4163	1.8	2.9
ClimateId2	12345	10-05-1996	0.0	17.7	11.0	14.1085	1.3	2.7
ClimateId2	12345	11-05-1996	0.4	20.7	9.4	19.2961	3.0	3.7
ClimateId2	12345	12-05-1996	27.0	16.7	13.5	5.9456	3.4	2.0
ClimateId2	12345	13-05-1996	15.0	17.3	13.5	7.0244	1.2	1.7
ClimateId2	12345	14-05-1996	4.2	18.8	12.2	10.7629	2.0	2.4
ClimateId2	12345	15-05-1996	18.0	23.0	13.6	20.4515	1.8	3.9
ClimateId2	12345	16-05-1996	7.0	22.8	12.8	19.9994	1.1	3.5
ClimateId2	12345	17-05-1996	0.0	26.2	12.2	23.2906	3.2	4.9
ClimateId2	12345	18-05-1996	0.0	26.6	15.3	20.1226	4.6	5.6
ClimateId2	12345	19-05-1996	0.0	27.2	13.4	24.505	4.1	5.8
ClimateId2	12345	20-05-1996	29.0	19.0	16.0	8.0841	2.4	2.6
ClimateId2	12345	21-05-1996	0.0	19.5	8.6	20.8529	2.5	3.7
ClimateId2	12345	22-05-1996	5.7	17.7	9.8	14.572	3.2	2.9
ClimateId2	12345	23-05-1996	0.0	19.4	7.5	18.9478	1.8	3.3
ClimateId2	12345	24-05-1996	0.0	23.7	10.7	23.6905	2.2	4.4
ClimateId2	12345	25-05-1996	0.9	25.8	10.4	24.7384	2.7	4.8
ClimateId2	12345	26-05-1996	36.0	19.9	13.7	14.3297	2.0	3.0
ClimateId2	12345	27-05-1996	13.0	19.4	12.6	12.4937	1.8	2.6
ClimateId2	12345	28-05-1996	1.0	17.6	10.7	20.1685	4.6	4.6
ClimateId2	12345	29-05-1996	0.0	18.8	7.5	26.2088	4.5	5.4
ClimateId2	12345	30-05-1996	0.0	22.8	5.4	28.0516	1.3	4.4
ClimateId2	12345	31-05-1996	0.0	25.5	8.2	27.9796	1.8	4.8
ClimateId2	12345	01-06-1996	0.0	26.7	12.0	25.0288	2.1	4.8
ClimateId2	12345	02-06-1996	0.0	27.7	14.6	24.5054	2.1	5.1
ClimateId2	12345	03-06-1996	0.0	28.5	12.7	27.9931	1.6	5.4
ClimateId2	12345	04-06-1996	0.0	26.1	15.0	22.5351	2.9	4.9
ClimateId2	12345	05-06-1996	0.0	24.4	12.9	25.9803	2.3	5.1
ClimateId2	12345	06-06-1996	0.0	26.8	11.6	27.7142	2.1	5.2
ClimateId2	12345	07-06-1996	0.0	29.1	13.7	28.3564	1.8	5.6
ClimateId2	12345	08-06-1996	0.0	30.2	14.8	28.4818	2.3	5.9
ClimateId2	12345	09-06-1996	0.0	31.2	15.6	28.3138	2.1	6.1
ClimateId2	12345	10-06-1996	0.0	31.2	16.7	26.5654	1.5	5.8
ClimateId2	12345	11-06-1996	0.0	31.6	16.5	25.9739	1.6	5.7
ClimateId2	12345	12-06-1996	1.0	31.1	15.5	24.171	1.6	5.2
ClimateId2	12345	13-06-1996	0.8	24.3	17.4	19.5875	4.0	5.1
ClimateId2	12345	14-06-1996	0.0	22.1	10.7	25.9154	3.8	5.7
ClimateId2	12345	15-06-1996	0.0	20.6	8.7	24.4077	2.0	4.4
ClimateId2	12345	16-06-1996	0.0	22.5	7.5	24.5138	2.0	4.4
ClimateId2	12345	17-06-1996	0.0	24.0	8.6	27.2299	1.8	4.8
ClimateId2	12345	18-06-1996	0.0	27.3	9.1	27.037	1.7	4.9
ClimateId2	12345	19-06-1996	6.0	27.3	15.9	18.8927	2.0	4.6
ClimateId2	12345	20-06-1996	2.0	27.4	12.3	22.4429	2.1	4.6
ClimateId2	12345	21-06-1996	12.0	19.8	14.9	11.69	1.4	2.4
ClimateId2	12345	22-06-1996	21.0	24.4	15.4	16.4113	2.9	4.1
ClimateId2	12345	23-06-1996	9.0	15.0	10.4	12.3139	1.0	2.4
ClimateId2	12345	24-06-1996	0.0	19.2	5.8	21.8296	1.5	3.5
ClimateId2	12345	25-06-1996	16.0	19.2	9.6	16.7699	2.2	3.2
ClimateId2	12345	26-06-1996	4.0	16.3	12.2	8.3797	1.7	2.1
ClimateId2	12345	27-06-1996	2.0	22.4	11.4	20.583	3.4	4.6
ClimateId2	12345	28-06-1996	2.0	23.8	12.7	21.2159	0.8	4.0
ClimateId2	12345	29-06-1996	29.0	26.6	12.3	26.7059	3.0	5.3
ClimateId2	12345	30-06-1996	11.0	19.8	13.1	16.1237	2.6	3.5
ClimateId2	12345	01-07-1996	22.0	15.3	10.8	8.0886	0.7	1.5
ClimateId2	12345	02-07-1996	36.0	17.9	13.1	9.5923	0.9	2.0
ClimateId2	12345	03-07-1996	0.0	21.1	12.7	18.49	1.2	3.5
ClimateId2	12345	04-07-1996	0.0	25.4	9.2	28.7341	1.7	4.8
ClimateId2	12345	05-07-1996	0.0	26.4	13.3	24.8412	2.6	5.0
ClimateId2	12345	06-07-1996	0.6	26.6	15.8	21.5572	3.9	5.3
ClimateId2	12345	07-07-1996	0.8	23.0	14.5	16.5087	1.0	3.4
ClimateId2	12345	08-07-1996	6.0	27.0	14.6	20.7905	3.2	5.0
ClimateId2	12345	09-07-1996	0.0	20.5	10.5	22.4778	3.1	4.7
ClimateId2	12345	10-07-1996	0.5	17.4	6.9	15.239	0.7	2.5
ClimateId2	12345	11-07-1996	4.0	20.7	10.8	17.1783	1.8	3.4
ClimateId2	12345	12-07-1996	0.9	22.8	12.9	18.0745	0.8	3.4
ClimateId2	12345	13-07-1996	0.0	27.0	11.0	26.776	1.0	4.7
ClimateId2	12345	14-07-1996	0.0	28.3	13.7	26.5149	0.8	4.9
ClimateId2	12345	15-07-1996	0.3	29.4	14.6	24.1535	1.2	4.8
ClimateId2	12345	16-07-1996	0.3	23.2	17.4	17.6359	2.8	4.2
ClimateId2	12345	17-07-1996	0.0	21.9	9.6	22.5927	1.1	3.9
ClimateId2	12345	18-07-1996	0.0	24.5	9.9	24.8638	1.2	4.3
ClimateId2	12345	19-07-1996	0.0	21.7	9.2	23.4328	2.0	4.2
ClimateId2	12345	20-07-1996	0.0	21.2	8.5	22.9813	2.2	4.2
ClimateId2	12345	21-07-1996	0.0	21.6	6.9	24.1073	1.7	4.0
ClimateId2	12345	22-07-1996	0.0	22.8	9.2	24.421	1.6	4.3
ClimateId2	12345	23-07-1996	0.0	25.4	8.4	27.2939	1.9	4.7
ClimateId2	12345	24-07-1996	15.6	26.4	13.9	19.4683	1.2	3.8
ClimateId2	12345	25-07-1996	6.0	23.9	16.0	17.8692	2.0	3.8
ClimateId2	12345	26-07-1996	0.0	25.2	14.0	22.1057	1.7	4.4
ClimateId2	12345	27-07-1996	0.5	26.2	11.4	22.3057	2.0	4.2
ClimateId2	12345	28-07-1996	0.3	28.4	16.6	20.0166	1.3	4.2
ClimateId2	12345	29-07-1996	0.6	28.0	15.1	21.4548	1.3	4.2
ClimateId2	12345	30-07-1996	3.0	26.0	17.4	14.1128	1.4	3.3
ClimateId2	12345	31-07-1996	0.0	27.3	13.2	23.7781	1.1	4.4
ClimateId2	12345	01-08-1996	0.0	28.6	12.9	25.5552	1.2	4.7
ClimateId2	12345	02-08-1996	0.0	29.6	13.8	24.4425	1.4	4.7
ClimateId2	12345	03-08-1996	12.0	24.3	16.1	12.4267	1.4	2.9
ClimateId2	12345	04-08-1996	0.4	22.0	14.3	15.6779	3.7	4.0
ClimateId2	12345	05-08-1996	0.0	22.2	8.9	21.5572	1.7	3.7
ClimateId2	12345	06-08-1996	0.0	23.6	10.4	18.7214	1.3	3.3
ClimateId2	12345	07-08-1996	6.0	23.4	15.2	13.2181	0.9	2.8
ClimateId2	12345	08-08-1996	3.0	20.5	15.5	10.169	0.7	2.2
ClimateId2	12345	09-08-1996	0.0	25.3	11.5	21.76	0.9	3.7
ClimateId2	12345	10-08-1996	0.0	25.2	13.1	18.9807	1.9	3.7
ClimateId2	12345	11-08-1996	3.0	25.4	13.1	18.1832	1.8	3.6
ClimateId2	12345	12-08-1996	59.0	22.4	16.7	11.3954	1.7	2.5
ClimateId2	12345	13-08-1996	3.1	22.8	14.3	16.283	1.4	3.1
ClimateId2	12345	14-08-1996	0.5	25.0	14.9	18.7708	1.2	3.5
ClimateId2	12345	15-08-1996	1.9	22.3	16.3	10.8994	0.8	2.4
ClimateId2	12345	16-08-1996	0.0	24.7	13.8	17.3232	1.4	3.4
ClimateId2	12345	17-08-1996	0.0	23.7	14.4	15.2435	1.5	3.2
ClimateId2	12345	18-08-1996	0.1	23.8	13.5	12.6025	1.6	2.8
ClimateId2	12345	19-08-1996	0.0	24.3	15.1	18.3279	2.3	3.8
ClimateId2	12345	20-08-1996	0.0	26.0	13.4	21.7423	1.2	3.8
ClimateId2	12345	21-08-1996	0.0	26.8	11.7	21.6208	1.5	3.8
ClimateId2	12345	22-08-1996	0.3	27.0	14.0	18.2913	1.0	3.4
ClimateId2	12345	23-08-1996	5.0	26.7	13.4	19.8266	1.5	3.7
ClimateId2	12345	24-08-1996	0.0	27.3	12.8	21.558	1.1	3.7
ClimateId2	12345	25-08-1996	3.0	19.5	15.5	9.9611	1.0	2.0
ClimateId2	12345	26-08-1996	0.0	24.3	11.8	17.5486	1.3	3.0
ClimateId2	12345	27-08-1996	0.0	25.5	14.4	14.6994	1.1	2.8
ClimateId2	12345	28-08-1996	7.0	23.5	13.8	13.5531	1.3	2.4
ClimateId2	12345	29-08-1996	0.0	21.4	14.1	12.2135	0.9	2.3
ClimateId2	12345	30-08-1996	6.3	24.0	14.0	13.9487	1.2	2.7
ClimateId2	12345	31-08-1996	0.0	21.7	14.7	12.2442	2.4	2.9
ClimateId2	12345	01-09-1996	2.0	19.1	13.5	8.5657	3.8	2.7
ClimateId2	12345	02-09-1996	25.0	14.3	13.0	3.0329	1.8	1.1
ClimateId2	12345	03-09-1996	23.0	17.1	13.0	4.9436	1.3	1.2
ClimateId2	12345	04-09-1996	3.0	21.6	13.8	12.2488	2.3	2.5
ClimateId2	12345	05-09-1996	13.0	17.6	11.1	11.6365	1.8	2.1
ClimateId2	12345	06-09-1996	0.0	16.5	6.9	14.3833	2.9	2.5
ClimateId2	12345	07-09-1996	0.0	15.3	6.6	13.7845	3.6	2.7
ClimateId2	12345	08-09-1996	0.0	17.3	10.9	13.2032	5.5	3.9
ClimateId2	12345	09-09-1996	0.2	17.8	4.4	15.479	1.1	2.0
ClimateId2	12345	10-09-1996	0.0	17.5	7.5	12.7917	1.0	1.9
ClimateId2	12345	11-09-1996	0.0	20.7	6.2	15.0463	1.6	2.3
ClimateId2	12345	12-09-1996	2.0	19.6	9.1	12.6651	2.2	2.1
ClimateId2	12345	13-09-1996	1.0	13.9	11.4	6.2468	1.4	1.6
ClimateId2	12345	14-09-1996	29.0	12.9	4.4	9.33	1.2	1.3
ClimateId2	12345	15-09-1996	2.0	17.2	6.8	11.8598	1.2	1.8
ClimateId2	12345	16-09-1996	0.0	15.8	7.2	12.968	1.8	2.0
ClimateId2	12345	17-09-1996	0.1	15.2	3.4	11.5026	1.7	1.6
ClimateId2	12345	18-09-1996	2.0	11.2	6.2	5.435	1.0	1.0
ClimateId2	12345	19-09-1996	2.0	15.0	7.2	9.5703	1.5	1.5
ClimateId2	12345	20-09-1996	1.0	12.5	10.0	3.202	0.7	0.8
ClimateId2	12345	21-09-1996	4.0	15.0	10.4	4.7966	0.9	1.0
ClimateId2	12345	22-09-1996	10.2	16.8	12.8	3.9468	1.4	1.1
ClimateId2	12345	23-09-1996	30.0	12.8	12.1	2.1195	3.0	0.9
ClimateId2	12345	24-09-1996	0.4	14.5	9.9	6.9731	0.6	1.1
ClimateId2	12345	25-09-1996	3.0	12.6	9.0	6.5624	0.9	1.1
ClimateId2	12345	26-09-1996	0.0	15.8	4.0	10.7967	1.3	1.3
ClimateId2	12345	27-09-1996	0.0	17.7	6.4	12.9848	1.0	1.5
ClimateId2	12345	28-09-1996	1.0	18.9	7.4	11.9124	1.6	1.7
ClimateId2	12345	29-09-1996	0.0	18.5	5.6	11.7932	0.9	1.4
ClimateId2	12345	30-09-1996	0.0	22.0	11.3	13.0811	1.1	1.9
ClimateId2	12345	01-10-1996	0.0	22.7	9.3	13.8465	3.3	2.4
ClimateId2	12345	02-10-1996	19.0	16.0	11.0	6.0332	2.6	1.6
ClimateId2	12345	03-10-1996	0.0	15.3	8.8	8.5711	2.5	1.7
ClimateId2	12345	04-10-1996	1.0	15.6	2.0	12.1223	1.0	1.1
ClimateId2	12345	05-10-1996	12.0	11.9	9.8	2.6049	0.4	0.7
ClimateId2	12345	06-10-1996	4.0	11.4	10.4	1.553	0.5	0.6
ClimateId2	12345	07-10-1996	0.0	15.7	10.1	5.8117	0.4	0.9
ClimateId2	12345	08-10-1996	0.0	17.7	11.3	7.331	1.1	1.2
ClimateId2	12345	09-10-1996	0.8	16.1	11.6	5.4862	0.6	1.0
ClimateId2	12345	10-10-1996	0.0	18.0	10.8	7.0444	1.1	1.2
ClimateId2	12345	11-10-1996	0.0	14.6	7.5	6.959	0.7	0.9
ClimateId2	12345	12-10-1996	0.0	16.9	7.7	10.0384	0.9	1.1
ClimateId2	12345	13-10-1996	0.0	17.1	4.3	11.265	1.0	0.9
ClimateId2	12345	14-10-1996	0.0	17.2	5.3	8.3613	1.2	0.9
ClimateId2	12345	15-10-1996	0.8	20.8	8.5	8.7678	0.6	1.0
ClimateId2	12345	16-10-1996	25.0	17.6	11.9	5.7345	1.2	0.8
ClimateId2	12345	17-10-1996	4.8	16.0	12.4	5.2473	1.3	0.9
ClimateId2	12345	18-10-1996	1.0	13.3	9.1	4.3286	1.3	0.7
ClimateId2	12345	19-10-1996	0.0	15.6	3.2	8.677	0.5	0.7
ClimateId2	12345	20-10-1996	2.0	16.2	6.4	8.5181	1.2	1.0
ClimateId2	12345	21-10-1996	9.0	11.8	8.2	3.679	0.5	0.6
ClimateId2	12345	22-10-1996	0.0	15.3	8.0	7.5899	1.6	1.0
ClimateId2	12345	23-10-1996	0.0	13.6	4.7	7.3908	2.7	1.2
ClimateId2	12345	24-10-1996	0.0	10.1	2.5	6.0087	2.7	1.2
ClimateId2	12345	25-10-1996	0.0	11.5	2.1	9.2565	1.0	0.7
ClimateId2	12345	26-10-1996	0.0	11.5	-0.7	9.4772	0.8	0.5
ClimateId2	12345	27-10-1996	1.0	14.7	1.5	9.1212	0.7	0.5
ClimateId2	12345	28-10-1996	2.0	11.7	4.3	4.1356	0.6	0.5
ClimateId2	12345	29-10-1996	0.0	17.2	4.1	7.0679	1.4	0.7
ClimateId2	12345	30-10-1996	0.0	14.5	5.2	7.2332	2.3	1.0
ClimateId2	12345	31-10-1996	0.0	12.4	0.8	7.9047	0.7	0.5
ClimateId2	12345	01-11-1996	0.4	11.3	-0.3	5.4944	0.4	0.3
ClimateId2	12345	02-11-1996	0.0	17.8	4.0	8.662	0.6	0.5
ClimateId2	12345	03-11-1996	0.0	17.9	3.1	8.3144	0.7	0.4
ClimateId2	12345	04-11-1996	0.0	18.3	2.6	9.0943	0.4	0.3
ClimateId2	12345	05-11-1996	0.2	18.7	2.1	8.1601	2.0	0.7
ClimateId2	12345	06-11-1996	0.0	14.8	8.3	4.9217	1.4	0.8
ClimateId2	12345	07-11-1996	0.0	17.1	2.9	8.162	1.3	0.4
ClimateId2	12345	08-11-1996	0.0	15.4	6.0	6.8592	1.2	0.6
ClimateId2	12345	09-11-1996	0.0	12.5	2.7	7.2054	1.1	0.3
ClimateId2	12345	10-11-1996	0.0	9.8	-0.9	5.5187	1.5	0.2
ClimateId2	12345	11-11-1996	0.2	15.5	6.0	4.4156	4.4	1.1
ClimateId2	12345	12-11-1996	0.0	19.0	13.1	4.8046	6.8	2.8
ClimateId2	12345	13-11-1996	0.0	19.9	11.8	5.2422	5.2	2.2
ClimateId2	12345	14-11-1996	0.0	12.6	10.7	2.0058	3.2	1.3
ClimateId2	12345	15-11-1996	0.0	11.9	5.1	4.9498	0.7	0.3
ClimateId2	12345	16-11-1996	2.0	12.2	4.3	3.6097	0.6	0.3
ClimateId2	12345	17-11-1996	1.4	13.5	8.5	3.0849	0.9	0.4
ClimateId2	12345	18-11-1996	5.0	13.3	8.7	3.5761	2.4	0.5
ClimateId2	12345	19-11-1996	0.0	11.4	5.9	4.2701	1.8	0.4
ClimateId2	12345	20-11-1996	10.0	9.6	4.7	2.718	2.6	0.7
ClimateId2	12345	21-11-1996	8.0	9.2	1.2	4.5372	1.1	0.3
ClimateId2	12345	22-11-1996	6.0	2.1	0.1	1.0131	2.5	0.4
ClimateId2	12345	23-11-1996	14.0	3.3	-2.5	4.2711	1.0	0.1
ClimateId2	12345	24-11-1996	0.0	3.4	-1.9	3.5895	1.0	0.3
ClimateId2	12345	25-11-1996	6.0	2.7	-5.2	5.2138	0.9	0.0
ClimateId2	12345	26-11-1996	5.0	1.5	-2.4	1.3897	0.7	0.3
ClimateId2	12345	27-11-1996	0.1	2.3	-0.3	2.1108	0.7	0.2
ClimateId2	12345	28-11-1996	5.2	1.6	-1.0	1.0319	1.5	0.3
ClimateId2	12345	29-11-1996	0.0	1.7	-1.9	3.9785	1.3	0.1
ClimateId2	12345	30-11-1996	5.0	0.7	-4.2	2.1917	0.6	0.2
ClimateId2	12345	01-12-1996	0.0	6.3	-2.8	5.2294	1.7	0.2
ClimateId2	12345	02-12-1996	0.0	0.7	-4.1	2.6043	0.8	0.2
ClimateId2	12345	03-12-1996	0.0	7.2	-5.6	6.031	0.6	0.0
ClimateId2	12345	04-12-1996	0.0	4.8	-4.7	5.2986	0.7	0.0
ClimateId2	12345	05-12-1996	0.1	-1.0	-4.8	1.7251	1.0	0.2
ClimateId2	12345	06-12-1996	0.4	-1.6	-2.8	0.5912	0.7	0.3
ClimateId2	12345	07-12-1996	0.5	-1.4	-3.1	0.7277	0.7	0.3
ClimateId2	12345	08-12-1996	0.5	-1.4	-2.5	0.5588	0.9	0.3
ClimateId2	12345	09-12-1996	0.1	-1.3	-2.6	0.5416	1.4	0.4
ClimateId2	12345	10-12-1996	0.2	0.4	-2.4	0.9603	0.6	0.3
ClimateId2	12345	11-12-1996	0.5	1.8	-0.3	1.2321	0.7	0.3
ClimateId2	12345	12-12-1996	0.6	1.4	0.0	0.6132	1.1	0.4
ClimateId2	12345	13-12-1996	2.0	1.2	-0.4	0.825	0.6	0.3
ClimateId2	12345	14-12-1996	2.7	4.4	-0.1	1.6467	0.4	0.2
ClimateId2	12345	15-12-1996	0.4	3.6	-0.1	1.0578	0.8	0.3
ClimateId2	12345	16-12-1996	0.0	3.3	-0.2	2.5724	0.8	0.1
ClimateId2	12345	17-12-1996	0.0	0.6	-1.7	0.7622	0.7	0.3
ClimateId2	12345	18-12-1996	0.0	2.9	-1.7	2.3663	0.6	0.1
ClimateId2	12345	19-12-1996	0.3	6.6	-1.7	3.2092	0.5	0.1
ClimateId2	12345	20-12-1996	11.0	3.8	0.4	1.2563	0.6	0.3
ClimateId2	12345	21-12-1996	0.6	0.7	-0.1	0.4728	1.1	0.4
ClimateId2	12345	22-12-1996	5.0	-2.8	-3.3	0.2578	0.9	0.4
ClimateId2	12345	23-12-1996	2.0	-2.0	-3.4	0.5632	1.0	0.3
ClimateId2	12345	24-12-1996	7.0	-2.3	-4.2	1.1801	1.4	0.4
ClimateId2	12345	25-12-1996	1.0	-3.6	-6.2	1.2439	3.0	0.5
ClimateId2	12345	26-12-1996	0.0	-6.2	-9.5	4.4159	6.1	0.9
ClimateId2	12345	27-12-1996	0.0	-7.5	-15.8	5.256	1.1	0.1
ClimateId2	12345	28-12-1996	1.1	-9.8	-18.2	2.4247	1.1	0.1
ClimateId2	12345	29-12-1996	0.4	-8.3	-12.7	3.422	0.7	0.1
ClimateId2	12345	30-12-1996	0.0	-8.7	-14.7	3.845	0.7	0.0
ClimateId2	12345	31-12-1996	1.0	-10.0	-17.4	2.9568	0.6	0.1
ClimateId2	12345	01-01-1997	2.0	-8.1	-12.8	2.0721	0.5	0.1
ClimateId2	12345	02-01-1997	2.0	-6.7	-13.2	1.8571	0.5	0.1
ClimateId2	12345	03-01-1997	2.0	-3.7	-7.4	1.1506	0.6	0.2
ClimateId2	12345	04-01-1997	5.0	-1.5	-4.7	1.0784	0.7	0.3
ClimateId2	12345	05-01-1997	0.0	-1.8	-5.2	1.4065	0.5	0.2
ClimateId2	12345	06-01-1997	0.5	-0.9	-2.4	0.739	0.6	0.4
ClimateId2	12345	07-01-1997	0.0	-1.0	-5.2	1.3148	0.6	0.2
ClimateId2	12345	08-01-1997	0.0	-0.3	-3.7	1.1486	0.9	0.3
ClimateId2	12345	09-01-1997	3.0	-1.0	-2.7	0.7874	1.2	0.3
ClimateId2	12345	10-01-1997	7.0	-0.5	-2.2	0.8208	0.4	0.3
ClimateId2	12345	11-01-1997	3.3	1.1	-1.5	1.0224	0.6	0.3
ClimateId2	12345	12-01-1997	0.0	0.2	-2.1	1.4031	1.1	0.3
ClimateId2	12345	13-01-1997	0.0	0.7	-4.1	2.162	0.7	0.2
ClimateId2	12345	14-01-1997	0.0	-0.1	-4.3	3.4309	0.4	0.1
ClimateId2	12345	15-01-1997	0.0	-1.3	-4.7	2.1034	0.5	0.2
ClimateId2	12345	16-01-1997	0.0	-2.6	-3.5	0.5957	0.6	0.3
ClimateId2	12345	17-01-1997	0.0	-3.0	-4.5	0.8263	1.1	0.3
ClimateId2	12345	18-01-1997	0.0	-3.4	-4.4	0.6168	0.7	0.3
ClimateId2	12345	19-01-1997	0.0	-3.5	-5.6	1.0533	0.5	0.3
ClimateId2	12345	20-01-1997	3.0	-1.1	-5.0	2.05	0.4	0.2
ClimateId2	12345	21-01-1997	3.0	2.4	-1.8	1.8213	0.5	0.3
ClimateId2	12345	22-01-1997	0.0	0.8	-0.5	0.8297	1.2	0.4
ClimateId2	12345	23-01-1997	0.0	0.9	-0.3	0.7172	0.6	0.4
ClimateId2	12345	24-01-1997	0.0	0.7	-0.5	0.8724	0.5	0.4
ClimateId2	12345	25-01-1997	2.3	1.0	-1.0	1.1258	0.5	0.3
ClimateId2	12345	26-01-1997	0.0	-0.2	-2.7	3.706	0.7	0.3
ClimateId2	12345	27-01-1997	0.0	-2.5	-9.6	3.7631	0.7	0.2
ClimateId2	12345	28-01-1997	0.0	-1.8	-5.1	3.7423	0.9	0.3
ClimateId2	12345	29-01-1997	0.0	4.5	-9.9	7.4019	0.6	0.1
ClimateId2	12345	30-01-1997	0.0	1.5	-9.2	6.976	0.4	0.0
ClimateId2	12345	31-01-1997	0.0	0.1	-2.6	3.1396	0.9	0.4
ClimateId2	12345	01-02-1997	0.0	1.9	-7.3	6.3919	0.9	0.1
ClimateId2	12345	02-02-1997	0.0	0.6	-9.3	8.099	0.9	0.1
ClimateId2	12345	03-02-1997	0.0	0.3	-11.9	8.1578	0.6	0.1
ClimateId2	12345	04-02-1997	0.0	0.9	-11.1	8.2947	0.7	0.1
ClimateId2	12345	05-02-1997	0.0	4.6	-5.4	4.3303	0.5	0.4
ClimateId2	12345	06-02-1997	0.2	7.6	-2.2	8.1087	1.6	0.5
ClimateId2	12345	07-02-1997	0.0	4.8	-7.0	8.9802	0.7	0.2
ClimateId2	12345	08-02-1997	0.0	8.3	-5.3	9.0798	0.4	0.3
ClimateId2	12345	09-02-1997	0.0	10.0	-4.0	8.7947	0.8	0.5
ClimateId2	12345	10-02-1997	0.0	10.4	-5.3	9.9983	0.4	0.3
ClimateId2	12345	11-02-1997	0.0	10.3	-4.2	7.5691	0.7	0.5
ClimateId2	12345	12-02-1997	0.0	10.3	-0.7	6.1615	0.8	0.6
ClimateId2	12345	13-02-1997	0.8	11.7	0.1	7.6281	1.5	0.6
ClimateId2	12345	14-02-1997	0.0	10.4	-0.5	9.4686	1.6	0.8
ClimateId2	12345	15-02-1997	0.9	7.7	-1.0	6.1352	2.3	0.8
ClimateId2	12345	16-02-1997	0.0	6.8	1.4	6.4484	3.1	1.3
ClimateId2	12345	17-02-1997	0.0	3.6	-2.5	6.3419	1.1	0.6
ClimateId2	12345	18-02-1997	0.0	4.6	-4.6	7.9067	1.2	0.5
ClimateId2	12345	19-02-1997	0.0	9.3	-0.7	8.8002	2.5	1.1
ClimateId2	12345	20-02-1997	0.0	12.5	-2.4	11.0932	2.5	1.1
ClimateId2	12345	21-02-1997	0.0	13.8	1.5	10.0912	1.0	0.9
ClimateId2	12345	22-02-1997	0.0	16.2	0.8	10.8186	1.2	1.0
ClimateId2	12345	23-02-1997	0.0	15.8	-0.9	12.5042	0.7	0.8
ClimateId2	12345	24-02-1997	0.0	13.5	-1.3	9.5475	1.8	0.9
ClimateId2	12345	25-02-1997	0.0	15.7	1.0	9.2944	3.1	1.3
ClimateId2	12345	26-02-1997	2.2	16.9	6.8	7.2673	1.9	1.4
ClimateId2	12345	27-02-1997	0.0	11.3	1.8	9.2911	3.4	1.4
ClimateId2	12345	28-02-1997	0.0	10.8	0.2	12.0207	1.8	1.2
ClimateId2	12345	01-03-1997	0.0	14.3	-3.0	11.5674	0.9	0.9
ClimateId2	12345	02-03-1997	0.0	18.3	-1.1	13.4932	1.1	1.2
ClimateId2	12345	03-03-1997	0.0	20.5	0.9	11.643	2.0	1.6
ClimateId2	12345	04-03-1997	0.0	7.9	5.7	5.2814	1.5	1.1
ClimateId2	12345	05-03-1997	0.0	11.7	-1.0	11.8936	0.7	0.9
ClimateId2	12345	06-03-1997	0.0	13.4	-1.4	11.5596	0.8	0.9
ClimateId2	12345	07-03-1997	0.0	12.4	-0.3	11.1819	1.6	1.2
ClimateId2	12345	08-03-1997	0.0	12.1	-1.3	14.3717	1.1	1.3
ClimateId2	12345	09-03-1997	0.0	14.5	-3.2	15.2707	0.8	1.2
ClimateId2	12345	10-03-1997	0.0	14.5	1.3	14.3118	1.8	1.6
ClimateId2	12345	11-03-1997	0.0	12.7	-1.1	15.0013	1.1	1.3
ClimateId2	12345	12-03-1997	0.0	14.1	-3.5	15.979	1.2	1.3
ClimateId2	12345	13-03-1997	0.0	18.1	-1.6	14.348	1.8	1.7
ClimateId2	12345	14-03-1997	0.0	16.8	0.5	14.6822	1.2	1.6
ClimateId2	12345	15-03-1997	0.0	16.3	2.7	13.1403	1.2	1.7
ClimateId2	12345	16-03-1997	0.0	15.2	4.8	10.6713	2.7	1.9
ClimateId2	12345	17-03-1997	1.2	12.4	2.4	9.2198	2.6	1.6
ClimateId2	12345	18-03-1997	1.1	2.9	-0.3	5.7529	1.3	0.9
ClimateId2	12345	19-03-1997	4.0	6.7	-0.4	6.7593	0.8	0.8
ClimateId2	12345	20-03-1997	1.0	9.8	1.3	10.3124	3.0	1.6
ClimateId2	12345	21-03-1997	1.7	4.7	-1.4	5.4727	1.2	0.9
ClimateId2	12345	22-03-1997	1.8	7.1	-1.1	10.895	1.4	1.2
ClimateId2	12345	23-03-1997	4.0	4.1	-0.5	5.9738	1.7	0.9
ClimateId2	12345	24-03-1997	3.0	3.4	0.0	4.1567	0.8	0.7
ClimateId2	12345	25-03-1997	1.0	7.9	-1.4	9.2048	0.7	1.0
ClimateId2	12345	26-03-1997	0.3	7.8	2.1	9.5658	0.7	1.2
ClimateId2	12345	27-03-1997	0.0	15.4	-0.9	14.6431	0.7	1.6
ClimateId2	12345	28-03-1997	0.8	14.2	2.4	11.217	2.1	1.9
ClimateId2	12345	29-03-1997	0.0	9.9	-0.6	16.5671	4.3	2.2
ClimateId2	12345	30-03-1997	0.0	8.7	-0.2	14.7391	4.6	2.4
ClimateId2	12345	31-03-1997	4.0	10.6	-1.6	11.3535	2.2	1.4
ClimateId2	12345	01-04-1997	0.8	13.7	5.8	11.583	3.0	2.2
ClimateId2	12345	02-04-1997	0.0	19.1	1.8	18.3481	2.0	2.4
ClimateId2	12345	03-04-1997	0.0	19.1	5.7	17.217	1.4	2.5
ClimateId2	12345	04-04-1997	0.0	11.5	6.3	13.0483	5.2	3.3
ClimateId2	12345	05-04-1997	0.0	9.6	-1.1	11.6104	1.8	1.6
ClimateId2	12345	06-04-1997	0.0	12.5	0.8	17.2571	5.2	3.0
ClimateId2	12345	07-04-1997	0.0	6.1	-0.3	14.919	6.4	3.2
ClimateId2	12345	08-04-1997	0.0	10.1	-3.7	19.2691	2.3	2.3
ClimateId2	12345	09-04-1997	0.0	12.2	-4.2	19.9992	1.1	2.1
ClimateId2	12345	10-04-1997	0.0	20.3	-1.1	19.804	1.3	2.7
ClimateId2	12345	11-04-1997	0.7	22.6	5.1	16.6372	3.7	3.9
ClimateId2	12345	12-04-1997	3.0	10.5	0.7	14.4394	4.7	3.0
ClimateId2	12345	13-04-1997	0.1	6.8	-1.0	16.1159	3.0	2.2
ClimateId2	12345	14-04-1997	0.2	13.5	-4.1	17.4995	1.0	2.0
ClimateId2	12345	15-04-1997	2.0	10.7	4.6	14.636	4.1	2.8
ClimateId2	12345	16-04-1997	2.0	6.1	-1.9	14.0212	3.6	2.0
ClimateId2	12345	17-04-1997	0.0	10.4	-3.1	17.6716	3.8	2.5
ClimateId2	12345	18-04-1997	0.0	17.1	1.7	20.8267	2.6	3.2
ClimateId2	12345	19-04-1997	0.3	17.5	0.5	18.1789	2.2	2.7
ClimateId2	12345	20-04-1997	2.4	3.5	3.1	1.7867	3.6	1.0
ClimateId2	12345	21-04-1997	0.0	7.7	0.4	13.51	3.9	2.6
ClimateId2	12345	22-04-1997	0.0	8.5	2.9	8.8974	5.1	3.1
ClimateId2	12345	23-04-1997	0.0	11.8	4.1	17.1719	4.6	3.6
ClimateId2	12345	24-04-1997	0.0	15.3	-2.6	24.4761	1.8	2.9
ClimateId2	12345	25-04-1997	0.0	19.6	-0.7	21.2143	1.9	3.1
ClimateId2	12345	26-04-1997	0.0	15.2	5.4	13.03	1.3	2.2
ClimateId2	12345	27-04-1997	2.8	16.3	3.7	14.0207	2.1	2.2
ClimateId2	12345	28-04-1997	0.5	14.6	7.9	12.6567	0.8	2.0
ClimateId2	12345	29-04-1997	10.0	15.5	5.5	12.949	0.8	1.9
ClimateId2	12345	30-04-1997	0.7	18.0	7.9	16.3398	2.6	3.1
ClimateId2	12345	01-05-1997	0.0	18.3	7.5	19.6601	5.1	4.3
ClimateId2	12345	02-05-1997	0.0	21.1	3.7	23.669	1.7	3.5
ClimateId2	12345	03-05-1997	0.0	27.8	5.4	25.4126	1.6	4.3
ClimateId2	12345	04-05-1997	0.0	26.1	9.7	19.0255	1.4	3.8
ClimateId2	12345	05-05-1997	0.0	23.8	6.2	23.5913	4.9	4.7
ClimateId2	12345	06-05-1997	2.0	21.8	10.9	20.161	5.5	4.8
ClimateId2	12345	07-05-1997	1.8	17.0	8.3	14.2095	2.6	2.7
ClimateId2	12345	08-05-1997	10.0	14.1	6.4	11.5255	1.1	1.9
ClimateId2	12345	09-05-1997	0.7	18.0	3.3	22.068	3.2	3.6
ClimateId2	12345	10-05-1997	0.0	19.8	7.7	20.606	2.3	3.7
ClimateId2	12345	11-05-1997	0.0	23.4	4.8	26.0876	2.9	4.4
ClimateId2	12345	12-05-1997	0.0	27.4	9.2	22.4484	1.7	4.4
ClimateId2	12345	13-05-1997	0.0	29.3	12.6	22.6491	1.5	4.7
ClimateId2	12345	14-05-1997	0.0	28.5	13.0	24.0051	1.3	4.7
ClimateId2	12345	15-05-1997	0.0	27.7	11.3	25.3815	2.4	5.2
ClimateId2	12345	16-05-1997	0.0	28.1	10.4	26.8328	1.4	4.8
ClimateId2	12345	17-05-1997	0.0	27.6	12.0	24.9141	1.5	4.7
ClimateId2	12345	18-05-1997	0.0	28.8	11.9	24.9589	2.0	4.9
ClimateId2	12345	19-05-1997	0.0	26.5	12.3	25.2052	2.1	4.9
ClimateId2	12345	20-05-1997	0.6	28.2	11.7	23.9927	2.3	5.0
ClimateId2	12345	21-05-1997	15.0	24.8	14.3	19.8096	3.1	4.8
ClimateId2	12345	22-05-1997	6.0	19.2	11.1	15.3855	3.6	3.6
ClimateId2	12345	23-05-1997	1.9	22.0	7.7	21.522	2.4	3.8
ClimateId2	12345	24-05-1997	8.0	16.7	11.9	9.1088	2.1	2.1
ClimateId2	12345	25-05-1997	0.0	16.9	8.9	22.7598	3.7	4.2
ClimateId2	12345	26-05-1997	2.4	17.0	5.5	19.3711	2.0	3.1
ClimateId2	12345	27-05-1997	2.0	19.5	9.9	17.9543	1.8	3.4
ClimateId2	12345	28-05-1997	0.0	16.0	9.3	17.6167	3.8	3.9
ClimateId2	12345	29-05-1997	0.1	18.5	4.1	24.0388	3.2	4.2
ClimateId2	12345	30-05-1997	0.0	18.4	8.8	18.9695	5.4	4.8
ClimateId2	12345	31-05-1997	0.0	16.2	7.4	22.7435	4.8	4.8
ClimateId2	12345	01-06-1997	0.5	18.1	2.7	22.2941	1.7	3.4
ClimateId2	12345	02-06-1997	0.9	15.9	10.4	10.6572	1.3	2.2
ClimateId2	12345	03-06-1997	2.0	22.4	10.5	20.394	1.2	3.7
ClimateId2	12345	04-06-1997	0.4	20.4	13.3	16.8099	1.0	3.3
ClimateId2	12345	05-06-1997	1.0	22.1	9.1	18.3097	1.8	3.4
ClimateId2	12345	06-06-1997	1.0	23.3	14.5	17.5653	1.4	3.6
ClimateId2	12345	07-06-1997	0.0	23.0	13.3	22.4713	2.2	4.5
ClimateId2	12345	08-06-1997	0.0	24.0	9.4	22.0151	1.7	3.9
ClimateId2	12345	09-06-1997	0.2	26.5	12.7	23.6359	1.1	4.5
ClimateId2	12345	10-06-1997	0.0	26.1	13.5	19.7593	1.6	4.2
ClimateId2	12345	11-06-1997	0.0	27.1	11.7	23.346	1.7	4.6
ClimateId2	12345	12-06-1997	2.7	26.9	15.2	19.8997	1.1	4.1
ClimateId2	12345	13-06-1997	0.0	25.5	16.6	18.2871	1.2	3.9
ClimateId2	12345	14-06-1997	11.0	28.9	15.7	22.0293	1.4	4.7
ClimateId2	12345	15-06-1997	3.0	26.2	14.8	25.2612	2.2	5.3
ClimateId2	12345	16-06-1997	1.0	25.0	15.1	19.857	2.1	4.3
ClimateId2	12345	17-06-1997	31.0	25.0	15.5	17.4405	1.2	3.7
ClimateId2	12345	18-06-1997	2.0	19.5	13.7	11.973	0.9	2.5
ClimateId2	12345	19-06-1997	19.0	20.5	9.7	18.0987	1.3	3.1
ClimateId2	12345	20-06-1997	8.0	23.8	14.4	18.4841	1.5	4.0
ClimateId2	12345	21-06-1997	0.0	26.0	12.3	25.9524	3.0	5.3
ClimateId2	12345	22-06-1997	25.0	27.3	15.1	22.1654	4.3	5.7
ClimateId2	12345	23-06-1997	5.0	21.7	11.0	21.2456	1.6	3.9
ClimateId2	12345	24-06-1997	3.0	22.4	9.5	20.7824	1.3	3.7
ClimateId2	12345	25-06-1997	0.0	21.3	9.0	24.204	1.3	4.1
ClimateId2	12345	26-06-1997	0.0	22.4	9.4	20.5813	2.6	3.9
ClimateId2	12345	27-06-1997	0.0	25.9	14.2	22.1864	2.9	4.9
ClimateId2	12345	28-06-1997	0.3	28.4	15.1	24.6734	2.1	5.2
ClimateId2	12345	29-06-1997	0.0	29.9	15.1	27.3792	1.5	5.4
ClimateId2	12345	30-06-1997	39.0	26.3	17.9	19.0168	2.8	4.8
ClimateId2	12345	01-07-1997	8.0	22.2	13.4	19.4698	1.2	3.7
ClimateId2	12345	02-07-1997	0.0	25.4	10.4	26.0868	1.8	4.7
ClimateId2	12345	03-07-1997	0.0	26.7	13.2	24.0179	2.7	5.1
ClimateId2	12345	04-07-1997	0.0	28.3	13.6	27.3853	2.1	5.5
ClimateId2	12345	05-07-1997	9.8	22.7	16.3	15.2415	1.3	3.3
ClimateId2	12345	06-07-1997	13.2	18.0	12.5	10.7061	1.5	2.4
ClimateId2	12345	07-07-1997	1.9	18.8	12.0	12.4483	4.0	3.8
ClimateId2	12345	08-07-1997	0.0	21.4	14.2	13.8048	4.3	4.3
ClimateId2	12345	09-07-1997	0.0	26.3	11.0	25.944	2.1	5.0
ClimateId2	12345	10-07-1997	7.1	26.0	12.6	23.2874	1.9	4.6
ClimateId2	12345	11-07-1997	17.0	21.9	13.7	15.2441	0.9	2.9
ClimateId2	12345	12-07-1997	0.2	24.4	14.6	19.8853	1.0	3.9
ClimateId2	12345	13-07-1997	0.2	25.0	12.6	21.0219	1.5	4.0
ClimateId2	12345	14-07-1997	0.7	24.4	13.3	20.9953	1.2	3.9
ClimateId2	12345	15-07-1997	2.0	22.5	15.2	14.1974	1.4	3.1
ClimateId2	12345	16-07-1997	12.0	24.2	14.5	18.4057	0.9	3.6
ClimateId2	12345	17-07-1997	6.0	25.9	12.8	19.8854	1.1	3.7
ClimateId2	12345	18-07-1997	10.0	20.0	15.9	9.9889	0.8	2.2
ClimateId2	12345	19-07-1997	0.7	21.9	14.3	12.7868	2.3	3.3
ClimateId2	12345	20-07-1997	0.0	24.1	12.7	21.6978	2.0	4.4
ClimateId2	12345	21-07-1997	1.0	24.0	9.9	20.1444	1.2	3.7
ClimateId2	12345	22-07-1997	0.0	25.9	13.6	22.0246	1.1	4.2
ClimateId2	12345	23-07-1997	8.6	27.5	13.2	22.8997	1.3	4.3
ClimateId2	12345	24-07-1997	9.0	26.9	15.2	17.9993	1.0	3.7
ClimateId2	12345	25-07-1997	0.5	25.6	15.6	16.4523	0.9	3.4
ClimateId2	12345	26-07-1997	0.0	23.4	12.6	21.9994	3.7	5.0
ClimateId2	12345	27-07-1997	0.0	27.0	12.1	25.261	1.9	4.9
ClimateId2	12345	28-07-1997	9.0	27.5	13.9	19.5561	1.4	4.0
ClimateId2	12345	29-07-1997	8.0	19.8	16.6	9.9724	1.2	2.2
ClimateId2	12345	30-07-1997	0.0	26.5	11.7	24.868	0.8	4.3
ClimateId2	12345	31-07-1997	33.0	27.8	13.1	23.9404	2.7	4.9
ClimateId2	12345	01-08-1997	3.0	19.5	12.3	15.4407	2.3	2.9
ClimateId2	12345	02-08-1997	0.0	22.7	9.7	22.3968	2.8	4.2
ClimateId2	12345	03-08-1997	0.0	25.2	12.0	21.3272	1.4	3.9
ClimateId2	12345	04-08-1997	0.0	27.2	12.5	23.6497	0.9	4.2
ClimateId2	12345	05-08-1997	3.2	27.7	16.0	19.0877	0.9	3.8
ClimateId2	12345	06-08-1997	2.0	20.7	17.0	10.7309	0.7	2.3
ClimateId2	12345	07-08-1997	0.0	25.9	12.3	23.2324	1.5	4.2
ClimateId2	12345	08-08-1997	1.0	25.9	14.4	17.015	1.1	3.4
ClimateId2	12345	09-08-1997	0.8	24.6	15.4	17.2198	1.8	3.6
ClimateId2	12345	10-08-1997	3.0	24.0	13.5	17.4502	1.7	3.3
ClimateId2	12345	11-08-1997	0.0	26.1	11.9	23.477	1.0	4.0
ClimateId2	12345	12-08-1997	0.0	26.7	12.4	23.3233	1.0	4.1
ClimateId2	12345	13-08-1997	0.0	28.0	12.8	23.808	0.7	4.1
ClimateId2	12345	14-08-1997	0.0	28.8	13.8	20.7057	0.9	3.9
ClimateId2	12345	15-08-1997	0.8	29.2	14.1	19.2275	1.5	3.9
ClimateId2	12345	16-08-1997	0.0	26.1	13.3	20.5261	1.0	3.6
ClimateId2	12345	17-08-1997	0.0	25.9	13.5	17.7562	1.0	3.3
ClimateId2	12345	18-08-1997	6.7	21.8	15.9	9.4212	0.8	2.0
ClimateId2	12345	19-08-1997	1.0	24.0	16.0	14.4704	0.8	2.9
ClimateId2	12345	20-08-1997	0.4	22.4	13.9	12.8632	0.8	2.4
ClimateId2	12345	21-08-1997	0.0	26.2	13.7	18.3984	0.8	3.3
ClimateId2	12345	22-08-1997	0.0	26.8	12.5	21.7227	0.7	3.6
ClimateId2	12345	23-08-1997	0.0	26.9	12.0	20.7274	1.4	3.6
ClimateId2	12345	24-08-1997	0.0	27.0	13.1	21.2656	1.0	3.7
ClimateId2	12345	25-08-1997	0.0	26.9	12.8	20.8145	1.2	3.6
ClimateId2	12345	26-08-1997	0.0	27.6	13.5	20.6395	1.2	3.7
ClimateId2	12345	27-08-1997	0.3	27.2	14.8	16.8926	0.9	3.1
ClimateId2	12345	28-08-1997	13.0	28.4	15.1	18.2309	2.6	3.9
ClimateId2	12345	29-08-1997	17.0	17.5	14.5	7.1811	2.4	1.8
ClimateId2	12345	30-08-1997	0.0	22.0	10.4	16.5647	1.7	3.0
ClimateId2	12345	31-08-1997	0.0	25.8	9.9	20.2316	1.7	3.4
ClimateId2	12345	01-09-1997	0.0	26.2	10.9	20.7157	0.9	3.3
ClimateId2	12345	02-09-1997	0.0	27.0	12.3	20.3747	1.2	3.4
ClimateId2	12345	03-09-1997	0.0	27.2	14.0	18.127	1.1	3.2
ClimateId2	12345	04-09-1997	0.0	27.5	14.0	17.1836	1.4	3.2
ClimateId2	12345	05-09-1997	0.0	27.0	16.2	15.8817	1.0	3.0
ClimateId2	12345	06-09-1997	3.0	28.1	14.7	18.0148	2.3	3.5
ClimateId2	12345	07-09-1997	29.0	24.7	16.6	12.6919	0.9	2.5
ClimateId2	12345	08-09-1997	0.0	22.5	11.6	16.6588	1.4	2.6
ClimateId2	12345	09-09-1997	0.0	25.9	11.0	18.9316	1.7	3.1
ClimateId2	12345	10-09-1997	0.0	20.6	12.2	15.6213	2.8	3.1
ClimateId2	12345	11-09-1997	0.0	20.7	8.1	18.3223	1.6	2.6
ClimateId2	12345	12-09-1997	0.0	25.1	7.9	19.0743	0.8	2.5
ClimateId2	12345	13-09-1997	35.0	27.0	13.5	15.0535	2.1	3.0
ClimateId2	12345	14-09-1997	3.0	15.8	11.3	7.5837	0.9	1.5
ClimateId2	12345	15-09-1997	0.0	18.5	6.1	17.1662	1.5	2.2
ClimateId2	12345	16-09-1997	0.0	19.5	4.4	17.8028	1.2	2.1
ClimateId2	12345	17-09-1997	0.0	20.6	4.5	18.1449	1.1	2.1
ClimateId2	12345	18-09-1997	0.0	21.9	6.7	16.3935	1.1	2.1
ClimateId2	12345	19-09-1997	2.0	24.5	8.0	17.0855	1.4	2.4
ClimateId2	12345	20-09-1997	0.0	16.9	10.8	12.652	2.9	2.5
ClimateId2	12345	21-09-1997	0.0	17.4	4.9	14.7552	1.1	1.8
ClimateId2	12345	22-09-1997	0.0	18.7	4.2	15.6736	0.7	1.7
ClimateId2	12345	23-09-1997	0.0	19.8	4.6	16.3931	0.9	1.8
ClimateId2	12345	24-09-1997	0.0	18.7	5.1	14.1676	2.3	2.0
ClimateId2	12345	25-09-1997	0.0	18.6	5.3	14.4966	1.8	1.9
ClimateId2	12345	26-09-1997	0.0	20.2	7.4	13.9693	1.4	1.9
ClimateId2	12345	27-09-1997	0.0	21.6	5.8	15.4295	1.4	1.9
ClimateId2	12345	28-09-1997	0.0	18.8	9.4	10.7015	0.8	1.6
ClimateId2	12345	29-09-1997	0.0	19.7	9.2	12.9394	0.8	1.7
ClimateId2	12345	30-09-1997	4.0	18.7	7.1	9.3156	0.5	1.2
ClimateId2	12345	01-10-1997	1.8	14.4	12.5	2.9429	0.8	0.8
ClimateId2	12345	02-10-1997	1.0	22.5	11.7	8.5141	1.5	1.8
ClimateId2	12345	03-10-1997	0.0	16.6	8.7	11.8204	2.8	2.2
ClimateId2	12345	04-10-1997	0.0	17.7	3.2	13.0932	1.3	1.4
ClimateId2	12345	05-10-1997	0.0	21.7	4.2	14.8582	1.1	1.5
ClimateId2	12345	06-10-1997	0.0	21.9	5.3	14.7965	0.8	1.4
ClimateId2	12345	07-10-1997	0.0	24.2	7.8	12.9857	2.0	1.8
ClimateId2	12345	08-10-1997	0.0	20.9	9.9	9.4211	0.8	1.2
ClimateId2	12345	09-10-1997	0.0	25.2	11.0	10.7632	0.9	1.6
ClimateId2	12345	10-10-1997	6.4	22.2	10.5	8.8688	2.2	1.5
ClimateId2	12345	11-10-1997	0.2	18.4	8.8	11.5256	2.6	1.5
ClimateId2	12345	12-10-1997	4.0	12.7	8.9	4.8255	1.0	0.8
ClimateId2	12345	13-10-1997	0.0	14.3	3.6	10.4869	1.8	1.3
ClimateId2	12345	14-10-1997	0.0	13.0	-0.2	10.1758	1.9	1.1
ClimateId2	12345	15-10-1997	0.0	12.6	-0.7	10.2316	1.1	0.9
ClimateId2	12345	16-10-1997	0.0	10.3	4.5	5.2719	1.3	0.9
ClimateId2	12345	17-10-1997	0.0	9.6	5.1	5.0711	1.1	1.1
ClimateId2	12345	18-10-1997	0.0	9.8	1.9	4.497	0.6	0.6
ClimateId2	12345	19-10-1997	0.0	12.2	4.2	8.1874	1.2	0.8
ClimateId2	12345	20-10-1997	0.0	11.7	0.7	9.0769	0.7	0.5
ClimateId2	12345	21-10-1997	2.0	8.0	1.8	4.4531	2.1	0.6
ClimateId2	12345	22-10-1997	0.0	8.4	2.6	6.6525	1.1	0.8
ClimateId2	12345	23-10-1997	0.0	10.0	-2.4	8.8451	0.9	0.4
ClimateId2	12345	24-10-1997	0.0	10.4	0.3	7.7536	1.4	0.7
ClimateId2	12345	25-10-1997	0.0	10.2	-3.3	9.4623	1.5	0.7
ClimateId2	12345	26-10-1997	0.8	3.6	-0.8	4.0962	1.9	0.5
ClimateId2	12345	27-10-1997	2.0	2.3	1.6	3.4268	2.1	0.7
ClimateId2	12345	28-10-1997	0.0	3.8	-6.0	8.7464	2.5	0.6
ClimateId2	12345	29-10-1997	0.0	4.8	-6.7	9.5347	1.1	0.4
ClimateId2	12345	30-10-1997	0.0	4.8	-7.4	7.8724	0.9	0.4
ClimateId2	12345	31-10-1997	0.0	5.9	-4.6	6.401	0.7	0.5
ClimateId2	12345	01-11-1997	0.0	8.2	1.4	7.0541	0.9	0.6
ClimateId2	12345	02-11-1997	0.0	10.1	-3.1	9.3152	0.7	0.3
ClimateId2	12345	03-11-1997	0.0	11.4	-2.9	9.0654	1.2	0.3
ClimateId2	12345	04-11-1997	0.0	4.1	0.6	3.2665	1.3	0.8
ClimateId2	12345	05-11-1997	0.0	10.6	-4.0	7.6653	2.3	0.4
ClimateId2	12345	06-11-1997	0.0	18.1	5.3	6.0607	5.8	1.1
ClimateId2	12345	07-11-1997	2.0	20.8	15.4	4.6728	6.5	2.7
ClimateId2	12345	08-11-1997	5.7	17.7	12.7	4.7018	2.3	0.9
ClimateId2	12345	09-11-1997	6.0	12.6	7.9	4.0793	1.9	0.5
ClimateId2	12345	10-11-1997	3.0	13.2	6.7	5.5349	0.8	0.4
ClimateId2	12345	11-11-1997	0.8	14.4	2.7	6.607	1.8	0.4
ClimateId2	12345	12-11-1997	2.0	16.0	5.6	5.9142	3.4	0.8
ClimateId2	12345	13-11-1997	22.0	10.9	9.7	1.2041	3.5	1.1
ClimateId2	12345	14-11-1997	0.0	10.7	5.1	3.3541	1.7	0.8
ClimateId2	12345	15-11-1997	0.6	11.6	0.0	7.1272	1.0	0.2
ClimateId2	12345	16-11-1997	14.0	4.3	0.1	1.7634	0.7	0.3
ClimateId2	12345	17-11-1997	0.3	5.3	1.0	2.7255	2.2	0.3
ClimateId2	12345	18-11-1997	0.2	4.8	1.8	3.0393	4.2	1.1
ClimateId2	12345	19-11-1997	0.0	2.1	-3.4	5.8236	1.9	0.4
ClimateId2	12345	20-11-1997	0.0	1.7	-6.9	6.399	0.8	0.0
ClimateId2	12345	21-11-1997	0.0	4.1	-6.2	5.1043	0.8	0.1
ClimateId2	12345	22-11-1997	0.0	5.3	-3.5	5.2116	0.7	0.1
ClimateId2	12345	23-11-1997	19.0	1.5	-2.1	1.3775	0.9	0.3
ClimateId2	12345	24-11-1997	5.0	2.6	0.2	1.376	0.5	0.3
ClimateId2	12345	25-11-1997	0.0	1.9	0.6	0.6777	1.0	0.4
ClimateId2	12345	26-11-1997	0.3	3.4	0.9	1.0308	0.6	0.4
ClimateId2	12345	27-11-1997	0.4	3.7	1.7	0.8712	0.6	0.4
ClimateId2	12345	28-11-1997	0.0	4.1	2.5	0.7972	0.7	0.5
ClimateId2	12345	29-11-1997	4.8	4.0	1.4	1.3272	0.5	0.3
ClimateId2	12345	30-11-1997	12.0	6.3	3.2	1.1039	1.1	0.4
ClimateId2	12345	01-12-1997	9.4	6.5	5.1	0.7118	1.6	0.6
ClimateId2	12345	02-12-1997	2.0	6.6	4.2	0.9261	0.8	0.5
ClimateId2	12345	03-12-1997	22.0	5.9	4.9	0.5697	4.2	0.9
ClimateId2	12345	04-12-1997	0.0	7.4	2.4	4.1551	3.9	0.9
ClimateId2	12345	05-12-1997	0.0	3.9	-2.4	3.7181	0.8	0.2
ClimateId2	12345	06-12-1997	0.0	3.3	-4.3	4.3234	0.7	0.0
ClimateId2	12345	07-12-1997	0.0	1.7	-5.5	3.4657	0.5	0.0
ClimateId2	12345	08-12-1997	0.0	5.1	-0.7	3.0185	0.7	0.3
ClimateId2	12345	09-12-1997	7.0	2.8	-0.5	2.0353	0.6	0.2
ClimateId2	12345	10-12-1997	0.0	3.3	1.1	0.7771	0.8	0.4
ClimateId2	12345	11-12-1997	2.0	5.7	1.2	1.689	0.7	0.3
ClimateId2	12345	12-12-1997	5.0	7.5	3.4	2.0164	0.7	0.3
ClimateId2	12345	13-12-1997	0.0	8.8	0.0	3.7991	1.4	0.2
ClimateId2	12345	14-12-1997	0.0	7.2	-1.6	4.6154	1.2	0.1
ClimateId2	12345	15-12-1997	2.0	2.4	-1.1	1.9868	3.3	0.8
ClimateId2	12345	16-12-1997	5.0	-2.5	-4.3	0.6962	1.9	0.5
ClimateId2	12345	17-12-1997	0.1	-6.4	-8.5	0.942	2.0	0.4
ClimateId2	12345	18-12-1997	0.1	-5.1	-7.6	0.8589	1.2	0.3
ClimateId2	12345	19-12-1997	0.0	0.5	-5.4	1.6653	0.8	0.2
ClimateId2	12345	20-12-1997	12.0	1.9	-1.8	1.0722	0.9	0.3
ClimateId2	12345	21-12-1997	0.0	2.5	0.4	0.7238	0.6	0.3
ClimateId2	12345	22-12-1997	0.8	4.2	1.3	0.9261	0.9	0.4
ClimateId2	12345	23-12-1997	0.0	4.7	-0.3	2.1953	0.5	0.2
ClimateId2	12345	24-12-1997	0.0	2.9	-0.7	1.2585	0.8	0.3
ClimateId2	12345	25-12-1997	0.5	8.7	-0.9	3.9031	0.6	0.1
ClimateId2	12345	26-12-1997	9.6	6.4	-0.5	2.1301	0.9	0.1
ClimateId2	12345	27-12-1997	0.3	5.7	3.2	1.1198	0.6	0.5
ClimateId2	12345	28-12-1997	0.0	6.0	-0.9	3.2454	0.9	0.1
ClimateId2	12345	29-12-1997	0.0	7.4	-2.3	5.0837	0.7	0.0
ClimateId2	12345	30-12-1997	0.0	5.0	-3.8	4.6752	0.7	0.0
ClimateId2	12345	31-12-1997	0.0	8.3	-2.8	5.3465	0.8	0.0
ClimateId2	12345	01-01-1998	0.0	3.1	-2.6	2.8408	0.9	0.2
ClimateId2	12345	02-01-1998	0.6	8.6	-1.7	4.0861	2.9	0.1
ClimateId2	12345	03-01-1998	0.5	7.2	3.2	2.3088	1.4	0.3
ClimateId2	12345	04-01-1998	0.0	11.9	2.9	4.8289	2.5	0.5
ClimateId2	12345	05-01-1998	0.6	8.8	0.5	4.2586	1.9	0.3
ClimateId2	12345	06-01-1998	0.0	11.7	-0.6	5.6967	2.7	0.4
ClimateId2	12345	07-01-1998	0.0	11.4	0.8	5.0775	1.1	0.2
ClimateId2	12345	08-01-1998	0.0	12.8	-1.5	6.2826	0.9	0.0
ClimateId2	12345	09-01-1998	0.0	3.9	-0.5	2.6982	0.9	0.3
ClimateId2	12345	10-01-1998	0.0	11.6	-2.0	6.5949	0.7	0.0
ClimateId2	12345	11-01-1998	0.0	9.0	-3.2	6.5809	0.8	0.0
ClimateId2	12345	12-01-1998	0.0	2.6	-4.1	4.2709	0.5	0.1
ClimateId2	12345	13-01-1998	0.0	3.2	-3.0	3.2309	0.8	0.2
ClimateId2	12345	14-01-1998	0.0	1.2	-2.8	1.9026	1.1	0.3
ClimateId2	12345	15-01-1998	0.0	4.5	-0.8	3.3105	0.8	0.2
ClimateId2	12345	16-01-1998	0.2	7.7	-2.2	4.5706	1.2	0.1
ClimateId2	12345	17-01-1998	0.0	7.8	-0.3	3.9218	1.0	0.3
ClimateId2	12345	18-01-1998	0.0	7.2	-5.1	7.0168	2.2	0.2
ClimateId2	12345	19-01-1998	0.4	5.3	-1.4	3.4229	2.4	0.5
ClimateId2	12345	20-01-1998	0.0	6.4	-1.2	2.5777	5.1	1.0
ClimateId2	12345	21-01-1998	0.1	5.2	3.7	1.4657	7.8	2.8
ClimateId2	12345	22-01-1998	3.4	3.5	1.2	1.8603	4.4	1.1
ClimateId2	12345	23-01-1998	0.3	3.3	0.7	2.1362	2.6	0.8
ClimateId2	12345	24-01-1998	0.0	-0.9	-4.0	2.0802	0.9	0.3
ClimateId2	12345	25-01-1998	0.0	0.5	-2.1	3.2801	1.4	0.5
ClimateId2	12345	26-01-1998	0.0	0.8	-5.6	6.3587	1.2	0.2
ClimateId2	12345	27-01-1998	0.0	-0.9	-8.2	5.8002	0.8	0.1
ClimateId2	12345	28-01-1998	0.0	0.5	-9.6	6.5753	0.8	0.1
ClimateId2	12345	29-01-1998	0.0	2.1	-5.9	4.7869	0.7	0.3
ClimateId2	12345	30-01-1998	0.0	3.9	-4.4	7.2885	1.7	0.3
ClimateId2	12345	31-01-1998	0.2	6.2	-8.1	7.6624	2.3	0.4
ClimateId2	12345	01-02-1998	0.0	-2.9	-7.3	5.6179	1.7	0.6
ClimateId2	12345	02-02-1998	0.0	-1.5	-8.9	5.6902	1.4	0.4
ClimateId2	12345	03-02-1998	0.0	3.8	-10.8	8.5722	1.0	0.2
ClimateId2	12345	04-02-1998	0.0	2.8	-8.6	8.4389	0.9	0.2
ClimateId2	12345	05-02-1998	0.0	4.6	-10.3	9.119	0.7	0.3
ClimateId2	12345	06-02-1998	0.0	7.5	-9.2	9.6814	1.1	0.3
ClimateId2	12345	07-02-1998	0.0	8.6	-7.1	9.9673	1.3	0.3
ClimateId2	12345	08-02-1998	0.0	7.8	-5.2	7.6619	1.7	0.7
ClimateId2	12345	09-02-1998	0.0	7.4	-6.8	7.0815	0.9	0.6
ClimateId2	12345	10-02-1998	0.0	15.1	-1.8	8.8932	1.1	0.8
ClimateId2	12345	11-02-1998	0.0	16.2	-2.8	10.9117	0.8	0.5
ClimateId2	12345	12-02-1998	0.0	20.5	-1.3	9.4379	1.4	1.1
ClimateId2	12345	13-02-1998	0.0	20.9	4.7	8.7654	2.5	1.7
ClimateId2	12345	14-02-1998	0.0	18.2	3.0	10.2934	1.6	1.0
ClimateId2	12345	15-02-1998	0.0	19.2	1.7	10.3372	1.5	1.1
ClimateId2	12345	16-02-1998	0.0	16.5	4.2	8.6554	1.4	1.1
ClimateId2	12345	17-02-1998	0.0	15.2	7.2	8.6262	4.2	2.2
ClimateId2	12345	18-02-1998	0.0	10.1	-2.8	11.1782	1.6	0.8
ClimateId2	12345	19-02-1998	0.0	16.7	-3.1	12.1019	1.2	0.8
ClimateId2	12345	20-02-1998	0.0	13.3	-0.3	11.7015	1.7	0.9
ClimateId2	12345	21-02-1998	0.0	16.3	-2.0	11.5568	2.2	1.1
ClimateId2	12345	22-02-1998	0.0	14.8	3.5	8.5511	3.2	1.6
ClimateId2	12345	23-02-1998	0.0	14.6	2.1	9.6328	1.2	1.0
ClimateId2	12345	24-02-1998	0.6	15.7	1.0	11.072	1.1	0.9
ClimateId2	12345	25-02-1998	0.0	12.8	3.5	7.4207	2.6	1.1
ClimateId2	12345	26-02-1998	0.0	13.9	4.2	8.6711	1.0	1.1
ClimateId2	12345	27-02-1998	0.0	15.7	-1.0	12.9136	1.2	1.1
ClimateId2	12345	28-02-1998	4.5	16.0	-0.6	13.3438	2.2	1.2
ClimateId2	12345	01-03-1998	15.6	2.6	1.6	3.1509	1.6	0.6
ClimateId2	12345	02-03-1998	0.0	9.1	-1.7	10.0932	2.6	1.1
ClimateId2	12345	03-03-1998	0.0	13.0	-1.3	11.4117	1.8	1.0
ClimateId2	12345	04-03-1998	0.0	14.6	4.6	7.4425	2.8	1.6
ClimateId2	12345	05-03-1998	4.9	16.1	7.8	7.4147	4.2	2.6
ClimateId2	12345	06-03-1998	0.0	12.8	-0.9	12.0501	3.0	1.7
ClimateId2	12345	07-03-1998	0.6	16.3	1.9	10.133	1.4	1.5
ClimateId2	12345	08-03-1998	0.3	14.3	5.6	9.2356	1.0	1.3
ClimateId2	12345	09-03-1998	0.0	7.9	0.3	11.1304	5.3	2.1
ClimateId2	12345	10-03-1998	1.3	4.6	-2.5	11.6628	4.5	1.8
ClimateId2	12345	11-03-1998	0.0	3.7	-5.8	12.3534	1.6	1.1
ClimateId2	12345	12-03-1998	0.0	6.8	-6.5	14.4395	1.3	1.2
ClimateId2	12345	13-03-1998	0.0	9.8	-2.4	12.3214	1.6	1.5
ClimateId2	12345	14-03-1998	1.4	13.7	-2.5	12.0518	2.8	1.8
ClimateId2	12345	15-03-1998	2.3	6.5	1.0	5.7527	2.7	1.4
ClimateId2	12345	16-03-1998	4.8	8.2	-0.5	8.3572	1.8	1.3
ClimateId2	12345	17-03-1998	4.0	6.3	0.4	6.5664	0.7	0.8
ClimateId2	12345	18-03-1998	0.0	11.7	3.6	9.6272	1.4	1.4
ClimateId2	12345	19-03-1998	0.7	11.2	2.0	12.1538	2.9	1.9
ClimateId2	12345	20-03-1998	2.4	10.8	0.3	12.0138	3.6	2.2
ClimateId2	12345	21-03-1998	0.0	5.6	-3.2	13.5517	4.1	1.8
ClimateId2	12345	22-03-1998	0.0	4.6	-2.8	12.4183	3.6	1.8
ClimateId2	12345	23-03-1998	0.0	5.6	-6.3	14.6951	1.4	1.3
ClimateId2	12345	24-03-1998	0.0	7.2	-5.9	15.876	2.4	1.7
ClimateId2	12345	25-03-1998	0.0	5.6	-1.3	11.6467	4.0	2.2
ClimateId2	12345	26-03-1998	0.0	7.6	-2.8	15.9444	1.8	1.8
ClimateId2	12345	27-03-1998	0.0	11.2	-5.3	17.5999	1.3	1.7
ClimateId2	12345	28-03-1998	0.0	16.9	1.2	15.5082	1.5	2.2
ClimateId2	12345	29-03-1998	0.0	14.9	5.9	12.4981	1.1	2.0
ClimateId2	12345	30-03-1998	0.0	14.2	5.8	11.0996	1.7	2.2
ClimateId2	12345	31-03-1998	0.0	18.3	-0.9	18.0312	1.6	2.3
ClimateId2	12345	01-04-1998	0.0	21.6	1.8	18.969	1.3	2.5
ClimateId2	12345	02-04-1998	0.0	18.8	5.8	13.1581	1.9	2.3
ClimateId2	12345	03-04-1998	0.0	20.6	3.5	17.8309	3.5	3.1
ClimateId2	12345	04-04-1998	0.4	18.2	10.2	10.803	6.0	3.6
ClimateId2	12345	05-04-1998	8.1	20.2	11.8	12.7418	4.2	3.5
ClimateId2	12345	06-04-1998	4.5	16.3	10.2	10.5572	1.7	2.1
ClimateId2	12345	07-04-1998	0.7	17.0	4.1	12.3139	3.0	2.5
ClimateId2	12345	08-04-1998	1.4	18.2	7.2	14.584	2.5	2.8
ClimateId2	12345	09-04-1998	5.6	9.3	7.2	7.7549	1.6	1.4
ClimateId2	12345	10-04-1998	0.9	16.8	1.6	16.6894	2.9	2.6
ClimateId2	12345	11-04-1998	0.6	17.4	6.0	19.448	3.6	3.6
ClimateId2	12345	12-04-1998	0.1	13.6	4.7	14.2964	5.2	3.2
ClimateId2	12345	13-04-1998	0.6	11.8	0.7	14.6281	2.5	2.1
ClimateId2	12345	14-04-1998	1.1	9.8	-0.5	14.2333	1.9	1.7
ClimateId2	12345	15-04-1998	0.5	12.9	-2.2	18.0518	3.5	2.5
ClimateId2	12345	16-04-1998	7.5	8.2	5.3	5.5741	1.3	1.0
ClimateId2	12345	17-04-1998	0.3	12.9	4.5	13.5674	2.7	2.2
ClimateId2	12345	18-04-1998	9.0	11.3	2.0	11.1774	1.8	1.5
ClimateId2	12345	19-04-1998	0.0	15.2	4.4	16.348	2.4	3.0
ClimateId2	12345	20-04-1998	0.0	16.9	0.7	22.4665	1.8	3.0
ClimateId2	12345	21-04-1998	1.4	19.5	1.1	20.9127	1.2	2.8
ClimateId2	12345	22-04-1998	3.8	12.3	6.2	10.0962	1.3	1.6
ClimateId2	12345	23-04-1998	0.0	17.0	5.3	16.7479	0.8	2.4
ClimateId2	12345	24-04-1998	3.3	20.3	3.5	21.2502	1.5	3.0
ClimateId2	12345	25-04-1998	0.0	19.9	8.8	18.7306	1.1	3.1
ClimateId2	12345	26-04-1998	0.0	21.9	5.4	21.7486	2.4	3.6
ClimateId2	12345	27-04-1998	0.1	23.0	9.3	19.0224	3.4	4.2
ClimateId2	12345	28-04-1998	1.5	19.4	12.2	13.3887	2.0	3.2
ClimateId2	12345	29-04-1998	1.0	18.6	10.0	13.0768	2.4	2.9
ClimateId2	12345	30-04-1998	0.0	20.1	6.0	22.0094	2.9	3.8
ClimateId2	12345	01-05-1998	0.3	18.9	5.9	19.0151	2.8	3.2
ClimateId2	12345	02-05-1998	0.0	20.5	8.9	19.1532	3.4	4.0
ClimateId2	12345	03-05-1998	3.4	20.1	6.4	20.2265	1.6	3.3
ClimateId2	12345	04-05-1998	6.1	15.0	11.4	8.0861	3.1	2.2
ClimateId2	12345	05-05-1998	0.0	16.1	6.0	17.4979	2.0	3.2
ClimateId2	12345	06-05-1998	0.0	19.0	3.5	22.4462	2.0	3.5
ClimateId2	12345	07-05-1998	0.0	20.4	9.2	18.2708	1.1	3.3
ClimateId2	12345	08-05-1998	0.0	23.8	6.4	26.4983	2.1	4.4
ClimateId2	12345	09-05-1998	0.0	24.3	8.0	25.4293	2.0	4.4
ClimateId2	12345	10-05-1998	0.0	25.7	8.5	26.6702	1.6	4.5
ClimateId2	12345	11-05-1998	0.0	26.4	9.3	26.8676	1.8	4.8
ClimateId2	12345	12-05-1998	0.0	26.8	7.2	26.6795	1.1	4.4
ClimateId2	12345	13-05-1998	1.4	27.9	11.4	23.2227	1.8	4.6
ClimateId2	12345	14-05-1998	0.1	21.4	11.5	22.7583	2.6	4.6
ClimateId2	12345	15-05-1998	0.1	20.0	6.1	21.0494	3.4	4.2
ClimateId2	12345	16-05-1998	1.1	17.9	6.6	19.3595	3.3	3.8
ClimateId2	12345	17-05-1998	8.9	13.0	4.6	13.9332	2.4	2.2
ClimateId2	12345	18-05-1998	8.4	13.9	7.3	12.4426	2.6	2.1
ClimateId2	12345	19-05-1998	9.9	15.3	9.8	9.9386	3.0	2.2
ClimateId2	12345	20-05-1998	0.0	22.8	12.2	22.0097	2.7	4.7
ClimateId2	12345	21-05-1998	10.0	22.2	9.8	21.9668	0.9	3.7
ClimateId2	12345	22-05-1998	0.1	17.1	10.1	15.7672	2.2	3.2
ClimateId2	12345	23-05-1998	0.0	17.3	5.6	18.9269	2.0	3.4
ClimateId2	12345	24-05-1998	5.9	13.0	8.4	8.9373	1.1	2.0
ClimateId2	12345	25-05-1998	0.0	15.2	9.1	11.1229	0.9	2.1
ClimateId2	12345	26-05-1998	0.0	21.8	7.0	24.5343	1.6	4.1
ClimateId2	12345	27-05-1998	0.0	24.4	8.5	27.0836	2.8	5.0
ClimateId2	12345	28-05-1998	0.0	25.2	10.0	25.9414	3.4	5.3
ClimateId2	12345	29-05-1998	0.0	23.7	11.8	16.1575	1.2	3.3
ClimateId2	12345	30-05-1998	0.0	24.9	12.3	23.3813	1.5	4.5
ClimateId2	12345	31-05-1998	0.0	26.0	10.2	25.2003	2.3	4.9
ClimateId2	12345	01-06-1998	7.0	22.1	14.0	18.9511	1.8	4.0
ClimateId2	12345	02-06-1998	0.0	26.4	10.6	26.5953	1.6	4.9
ClimateId2	12345	03-06-1998	4.5	27.7	12.1	25.6124	2.3	5.2
ClimateId2	12345	04-06-1998	5.4	26.6	14.5	20.2842	1.6	4.3
ClimateId2	12345	05-06-1998	0.0	29.0	14.2	26.7715	1.3	5.0
ClimateId2	12345	06-06-1998	0.0	31.9	16.5	27.364	2.8	6.4
ClimateId2	12345	07-06-1998	0.0	32.3	16.1	28.351	2.8	6.6
ClimateId2	12345	08-06-1998	13.2	28.1	16.7	18.7834	2.6	4.8
ClimateId2	12345	09-06-1998	0.0	25.1	14.4	22.8882	1.5	4.6
ClimateId2	12345	10-06-1998	0.0	27.0	13.8	26.3301	2.8	5.4
ClimateId2	12345	11-06-1998	7.8	19.6	16.3	10.921	2.9	2.9
ClimateId2	12345	12-06-1998	3.1	20.2	12.2	14.6067	1.6	3.1
ClimateId2	12345	13-06-1998	9.3	12.8	10.7	7.0801	1.2	1.8
ClimateId2	12345	14-06-1998	0.0	19.6	8.8	20.1488	1.0	3.5
ClimateId2	12345	15-06-1998	2.0	23.0	8.6	24.2216	2.0	4.3
ClimateId2	12345	16-06-1998	8.7	20.2	12.6	17.363	1.3	3.4
ClimateId2	12345	17-06-1998	7.6	16.4	11.9	13.4772	1.1	2.5
ClimateId2	12345	18-06-1998	0.4	21.6	6.8	24.6925	1.7	4.2
ClimateId2	12345	19-06-1998	0.5	20.7	11.6	19.8268	1.7	3.9
ClimateId2	12345	20-06-1998	0.0	25.8	13.9	20.4267	1.0	4.1
ClimateId2	12345	21-06-1998	0.0	29.4	13.8	27.8157	1.7	5.6
ClimateId2	12345	22-06-1998	22.7	32.1	16.0	23.4667	1.3	5.2
ClimateId2	12345	23-06-1998	4.5	20.6	16.4	15.095	1.4	3.1
ClimateId2	12345	24-06-1998	4.1	23.7	13.2	16.2735	1.2	3.2
ClimateId2	12345	25-06-1998	0.1	26.2	15.9	20.4894	0.7	4.1
ClimateId2	12345	26-06-1998	0.1	28.0	16.5	18.0122	0.8	3.9
ClimateId2	12345	27-06-1998	12.5	28.9	16.6	22.2025	1.1	4.7
ClimateId2	12345	28-06-1998	13.9	28.0	15.3	20.0168	1.1	4.2
ClimateId2	12345	29-06-1998	0.1	22.9	16.7	14.2959	1.0	3.1
ClimateId2	12345	30-06-1998	11.9	27.1	16.7	21.0481	2.4	4.8
ClimateId2	12345	01-07-1998	0.0	27.2	15.0	25.5183	3.1	5.5
ClimateId2	12345	02-07-1998	16.5	19.9	18.0	10.6514	1.8	2.8
ClimateId2	12345	03-07-1998	8.9	20.0	14.4	11.9007	0.9	2.5
ClimateId2	12345	04-07-1998	0.0	24.1	14.6	18.896	2.1	4.4
ClimateId2	12345	05-07-1998	0.4	21.3	13.9	13.1428	0.9	2.9
ClimateId2	12345	06-07-1998	0.0	24.3	13.0	17.5412	0.9	3.5
ClimateId2	12345	07-07-1998	67.0	24.0	15.6	16.0265	1.4	3.5
ClimateId2	12345	08-07-1998	0.0	19.2	12.3	17.2491	3.2	4.1
ClimateId2	12345	09-07-1998	0.0	19.8	8.0	20.2436	2.8	4.0
ClimateId2	12345	10-07-1998	0.1	24.3	12.5	21.3428	1.3	4.2
ClimateId2	12345	11-07-1998	3.8	25.2	14.6	16.4037	0.8	3.4
ClimateId2	12345	12-07-1998	16.5	21.0	15.9	13.6971	1.3	2.8
ClimateId2	12345	13-07-1998	5.1	28.9	15.9	24.1533	2.3	5.2
ClimateId2	12345	14-07-1998	36.2	17.4	16.4	4.3527	1.3	1.5
ClimateId2	12345	15-07-1998	0.0	21.1	11.9	17.7975	0.9	3.4
ClimateId2	12345	16-07-1998	0.1	24.5	9.7	25.5568	1.7	4.6
ClimateId2	12345	17-07-1998	9.9	24.9	13.1	21.2808	1.7	4.2
ClimateId2	12345	18-07-1998	0.0	27.4	14.4	22.5393	1.6	4.6
ClimateId2	12345	19-07-1998	0.0	29.2	17.2	20.2235	1.9	4.7
ClimateId2	12345	20-07-1998	0.0	30.8	15.0	27.6223	1.6	5.6
ClimateId2	12345	21-07-1998	0.0	31.3	17.6	26.9264	1.9	5.9
ClimateId2	12345	22-07-1998	0.0	31.0	17.3	25.3324	1.1	5.3
ClimateId2	12345	23-07-1998	0.1	31.5	18.2	24.4689	0.8	5.1
ClimateId2	12345	24-07-1998	0.1	28.7	19.6	20.2302	1.3	4.6
ClimateId2	12345	25-07-1998	3.1	27.4	18.6	17.9124	1.3	4.1
ClimateId2	12345	26-07-1998	0.0	27.9	18.4	21.6744	0.6	4.4
ClimateId2	12345	27-07-1998	3.4	29.5	16.7	23.5516	2.9	5.2
ClimateId2	12345	28-07-1998	12.0	23.9	18.3	15.8326	1.3	3.5
ClimateId2	12345	29-07-1998	0.0	25.7	14.7	21.6485	1.6	4.5
ClimateId2	12345	30-07-1998	0.0	28.2	13.8	26.2198	2.9	5.4
ClimateId2	12345	31-07-1998	6.9	27.4	15.7	21.907	1.9	4.5
ClimateId2	12345	01-08-1998	0.0	27.0	17.2	20.5679	0.7	4.1
ClimateId2	12345	02-08-1998	0.0	30.6	17.9	22.9803	0.6	4.6
ClimateId2	12345	03-08-1998	0.0	31.9	19.8	20.7029	0.7	4.5
ClimateId2	12345	04-08-1998	17.9	28.4	20.5	17.9118	1.5	4.2
ClimateId2	12345	05-08-1998	0.2	23.6	17.8	13.5062	1.7	3.4
ClimateId2	12345	06-08-1998	0.0	24.3	12.8	23.0296	1.9	4.4
ClimateId2	12345	07-08-1998	0.0	26.8	12.6	24.6928	1.0	4.3
ClimateId2	12345	08-08-1998	0.0	29.6	13.8	24.7456	0.6	4.5
ClimateId2	12345	09-08-1998	0.0	31.3	14.0	25.6318	1.0	4.8
ClimateId2	12345	10-08-1998	0.0	27.4	16.6	22.6407	1.3	4.6
ClimateId2	12345	11-08-1998	0.0	29.5	14.6	24.4925	0.7	4.5
ClimateId2	12345	12-08-1998	0.0	31.6	16.0	23.5744	1.3	4.8
ClimateId2	12345	13-08-1998	0.0	31.2	15.3	23.3793	1.2	4.7
ClimateId2	12345	14-08-1998	0.0	24.9	17.7	13.6788	0.9	3.1
ClimateId2	12345	15-08-1998	0.0	28.0	16.1	21.2554	0.5	4.0
ClimateId2	12345	16-08-1998	1.6	28.1	17.6	15.3571	0.5	3.3
ClimateId2	12345	17-08-1998	0.0	30.6	16.4	22.5646	0.9	4.4
ClimateId2	12345	18-08-1998	0.0	30.4	15.9	21.2738	1.6	4.5
ClimateId2	12345	19-08-1998	0.0	24.8	16.3	12.0092	1.2	2.8
ClimateId2	12345	20-08-1998	0.0	27.0	15.8	17.3423	1.4	3.7
ClimateId2	12345	21-08-1998	0.0	28.0	16.3	17.4136	1.5	3.8
ClimateId2	12345	22-08-1998	22.4	23.6	16.2	13.8988	2.5	3.2
ClimateId2	12345	23-08-1998	0.0	22.2	13.8	16.1677	1.9	3.2
ClimateId2	12345	24-08-1998	15.1	24.0	12.0	15.8395	2.1	3.1
ClimateId2	12345	25-08-1998	0.0	21.3	12.4	17.5143	1.1	3.1
ClimateId2	12345	26-08-1998	0.0	23.6	8.4	22.0524	1.9	3.5
ClimateId2	12345	27-08-1998	28.1	23.8	11.0	15.0978	2.0	2.9
ClimateId2	12345	28-08-1998	0.0	17.4	10.6	12.603	0.9	2.3
ClimateId2	12345	29-08-1998	0.0	17.5	8.1	12.6679	1.6	2.4
ClimateId2	12345	30-08-1998	0.1	19.8	8.0	15.8502	1.4	2.7
ClimateId2	12345	31-08-1998	0.4	20.7	7.2	16.192	1.2	2.5
ClimateId2	12345	01-09-1998	0.8	20.9	8.4	17.4942	1.5	2.7
ClimateId2	12345	02-09-1998	0.0	20.2	14.0	9.0385	0.7	1.9
ClimateId2	12345	03-09-1998	4.9	19.7	13.3	9.3228	1.6	1.9
ClimateId2	12345	04-09-1998	0.8	18.0	13.5	6.8507	1.0	1.4
ClimateId2	12345	05-09-1998	50.6	15.9	14.4	3.5599	2.2	1.1
ClimateId2	12345	06-09-1998	1.6	21.7	11.9	13.14	1.0	2.4
ClimateId2	12345	07-09-1998	0.0	21.9	10.3	15.3555	1.3	2.4
ClimateId2	12345	08-09-1998	0.0	18.5	14.5	6.3126	1.1	1.6
ClimateId2	12345	09-09-1998	0.0	22.5	12.9	14.859	1.6	2.6
ClimateId2	12345	10-09-1998	0.0	21.7	12.2	10.3831	1.4	1.9
ClimateId2	12345	11-09-1998	1.2	22.3	13.2	9.0736	1.1	1.8
ClimateId2	12345	12-09-1998	36.6	20.2	16.9	5.1801	2.6	1.7
ClimateId2	12345	13-09-1998	14.3	16.0	9.5	9.7912	1.4	1.8
ClimateId2	12345	14-09-1998	3.9	13.5	8.2	9.2507	1.7	1.6
ClimateId2	12345	15-09-1998	0.1	17.6	5.6	11.1258	1.7	1.7
ClimateId2	12345	16-09-1998	11.6	19.6	8.4	11.3979	1.3	1.9
ClimateId2	12345	17-09-1998	1.4	15.6	11.3	7.6128	1.5	1.5
ClimateId2	12345	18-09-1998	0.7	17.6	7.1	13.0328	1.8	2.1
ClimateId2	12345	19-09-1998	0.0	19.2	9.5	13.0714	2.6	2.3
ClimateId2	12345	20-09-1998	0.4	15.6	8.7	7.2564	5.1	2.4
ClimateId2	12345	21-09-1998	0.0	18.9	12.1	12.1368	4.7	3.4
ClimateId2	12345	22-09-1998	0.0	19.0	7.4	14.9329	1.5	2.1
ClimateId2	12345	23-09-1998	0.0	19.2	6.5	15.2979	0.7	1.8
ClimateId2	12345	24-09-1998	0.0	19.7	6.1	15.5475	1.3	1.8
ClimateId2	12345	25-09-1998	0.0	21.4	6.8	13.3736	2.0	2.0
ClimateId2	12345	26-09-1998	0.1	23.8	11.3	13.2171	3.8	2.8
ClimateId2	12345	27-09-1998	2.0	22.3	15.6	8.1672	2.4	2.1
ClimateId2	12345	28-09-1998	13.4	15.5	14.5	3.0459	1.1	0.9
ClimateId2	12345	29-09-1998	0.0	21.2	11.1	11.4442	0.9	1.8
ClimateId2	12345	30-09-1998	1.3	21.1	6.9	14.1315	4.3	2.3
ClimateId2	12345	01-10-1998	4.3	18.2	12.6	6.4977	2.7	1.4
ClimateId2	12345	02-10-1998	4.4	18.9	13.0	8.235	1.5	1.6
ClimateId2	12345	03-10-1998	0.0	12.3	10.4	2.6679	1.2	0.9
ClimateId2	12345	04-10-1998	0.0	14.8	9.1	7.1564	0.8	1.2
ClimateId2	12345	05-10-1998	14.4	13.8	8.2	5.4362	1.1	0.8
ClimateId2	12345	06-10-1998	20.0	15.4	12.5	3.039	0.9	0.8
ClimateId2	12345	07-10-1998	1.2	17.7	13.7	4.1076	2.1	1.1
ClimateId2	12345	08-10-1998	1.4	15.0	12.8	3.5218	1.1	0.8
ClimateId2	12345	09-10-1998	0.0	18.9	12.9	8.6259	1.9	1.5
ClimateId2	12345	10-10-1998	0.0	19.7	9.2	11.8616	2.5	1.8
ClimateId2	12345	11-10-1998	1.4	19.8	6.6	12.0273	1.7	1.5
ClimateId2	12345	12-10-1998	6.6	14.4	10.3	4.7357	0.9	1.0
ClimateId2	12345	13-10-1998	0.0	15.2	6.6	11.1001	2.2	1.5
ClimateId2	12345	14-10-1998	1.3	12.8	1.4	8.5693	0.8	0.8
ClimateId2	12345	15-10-1998	0.0	19.4	7.7	8.7336	0.7	1.1
ClimateId2	12345	16-10-1998	0.0	18.4	8.8	9.5865	0.9	1.0
ClimateId2	12345	17-10-1998	0.0	19.8	8.1	9.6733	2.5	1.4
ClimateId2	12345	18-10-1998	24.7	18.6	9.4	7.0393	2.2	1.4
ClimateId2	12345	19-10-1998	10.1	10.1	8.2	2.7058	1.2	0.8
ClimateId2	12345	20-10-1998	0.0	11.1	5.5	6.1346	0.8	0.8
ClimateId2	12345	21-10-1998	0.0	11.8	1.4	8.8576	1.4	0.7
ClimateId2	12345	22-10-1998	0.0	15.1	0.7	10.5989	0.9	0.6
ClimateId2	12345	23-10-1998	0.0	16.6	2.3	10.5971	0.9	0.7
ClimateId2	12345	24-10-1998	2.3	11.1	3.3	4.8023	0.6	0.5
ClimateId2	12345	25-10-1998	4.4	10.0	4.6	4.8552	1.5	0.5
ClimateId2	12345	26-10-1998	0.0	14.1	5.2	8.3077	0.9	0.8
ClimateId2	12345	27-10-1998	0.0	13.6	1.7	8.2735	1.1	0.7
ClimateId2	12345	28-10-1998	0.0	16.2	3.7	6.872	3.4	1.3
ClimateId2	12345	29-10-1998	11.1	18.2	8.6	7.0689	2.7	1.5
ClimateId2	12345	30-10-1998	0.0	13.4	1.3	9.5811	2.3	0.8
ClimateId2	12345	31-10-1998	0.0	11.9	0.6	8.4931	2.0	0.7
ClimateId2	12345	01-11-1998	0.0	16.0	1.9	7.8339	2.7	0.9
ClimateId2	12345	02-11-1998	0.7	11.8	0.6	7.9296	1.6	0.6
ClimateId2	12345	03-11-1998	2.7	17.1	1.7	8.1414	2.0	0.5
ClimateId2	12345	04-11-1998	58.8	9.3	7.5	1.5326	1.4	0.6
ClimateId2	12345	05-11-1998	7.4	8.2	4.3	5.2154	1.2	0.5
ClimateId2	12345	06-11-1998	0.0	9.8	-1.8	8.2434	0.8	0.2
ClimateId2	12345	07-11-1998	0.0	9.5	-0.1	6.1726	0.6	0.3
ClimateId2	12345	08-11-1998	0.0	9.3	-1.0	7.051	1.1	0.3
ClimateId2	12345	09-11-1998	0.1	11.1	2.1	4.9504	1.0	0.5
ClimateId2	12345	10-11-1998	12.0	10.7	4.4	3.7924	0.5	0.4
ClimateId2	12345	11-11-1998	0.0	12.0	6.3	5.4919	2.1	1.0
ClimateId2	12345	12-11-1998	0.0	8.0	-2.5	7.3628	0.8	0.2
ClimateId2	12345	13-11-1998	0.0	7.2	-3.2	7.1586	0.7	0.1
ClimateId2	12345	14-11-1998	11.6	6.2	-3.4	6.0053	1.1	0.1
ClimateId2	12345	15-11-1998	0.0	9.0	2.3	5.3363	0.9	0.3
ClimateId2	12345	16-11-1998	0.1	8.6	-1.3	5.2148	1.0	0.3
ClimateId2	12345	17-11-1998	0.0	5.0	-1.3	5.0049	1.1	0.3
ClimateId2	12345	18-11-1998	0.0	4.7	-5.0	6.7824	0.9	0.1
ClimateId2	12345	19-11-1998	0.2	3.0	-6.0	6.6915	0.7	0.0
ClimateId2	12345	20-11-1998	0.2	1.4	-6.3	4.8819	2.8	0.4
ClimateId2	12345	21-11-1998	0.6	-1.4	-4.9	3.6362	3.5	0.8
ClimateId2	12345	22-11-1998	6.6	-2.5	-5.2	1.3618	1.7	0.3
ClimateId2	12345	23-11-1998	4.9	0.2	-3.4	1.571	1.5	0.2
ClimateId2	12345	24-11-1998	0.0	3.8	-0.2	2.6464	0.7	0.3
ClimateId2	12345	25-11-1998	0.1	2.4	-1.2	1.5296	0.4	0.3
ClimateId2	12345	26-11-1998	2.0	1.7	0.1	1.1166	0.5	0.4
ClimateId2	12345	27-11-1998	0.0	3.2	-0.3	2.6946	0.8	0.3
ClimateId2	12345	28-11-1998	0.0	0.9	-1.8	1.214	0.7	0.3
ClimateId2	12345	29-11-1998	1.7	1.0	-0.7	0.9565	0.4	0.3
ClimateId2	12345	30-11-1998	0.3	2.5	0.3	1.1035	0.6	0.4
ClimateId2	12345	01-12-1998	5.6	0.7	-0.1	0.7062	1.8	0.5
ClimateId2	12345	02-12-1998	1.4	-1.3	-2.5	0.8099	1.2	0.4
ClimateId2	12345	03-12-1998	0.0	-1.0	-2.4	0.9265	1.0	0.3
ClimateId2	12345	04-12-1998	11.4	-1.8	-2.3	0.5587	1.1	0.4
ClimateId2	12345	05-12-1998	0.0	-0.4	-4.1	2.6908	0.6	0.2
ClimateId2	12345	06-12-1998	0.0	0.7	-12.0	4.4219	0.7	0.1
ClimateId2	12345	07-12-1998	0.0	1.4	-9.9	4.7216	0.8	0.0
ClimateId2	12345	08-12-1998	0.0	-2.4	-12.2	3.5784	0.6	0.0
ClimateId2	12345	09-12-1998	0.0	-2.6	-13.0	5.3744	0.6	0.0
ClimateId2	12345	10-12-1998	1.0	-2.6	-14.5	4.5428	0.6	0.0
ClimateId2	12345	11-12-1998	0.3	-3.4	-5.4	0.8813	1.6	0.4
ClimateId2	12345	12-12-1998	0.1	-2.3	-5.0	3.2162	2.9	0.1
ClimateId2	12345	13-12-1998	0.1	0.5	-10.2	3.6026	0.9	0.0
ClimateId2	12345	14-12-1998	3.6	6.7	-4.1	2.9622	1.2	0.1
ClimateId2	12345	15-12-1998	0.1	4.8	0.3	3.1807	0.5	0.1
ClimateId2	12345	16-12-1998	0.0	8.9	-2.9	4.5264	0.8	0.0
ClimateId2	12345	17-12-1998	0.0	5.2	-2.5	3.0973	0.7	0.1
ClimateId2	12345	18-12-1998	0.0	5.8	-4.4	4.7651	0.6	0.2
ClimateId2	12345	19-12-1998	0.0	0.9	-6.2	3.6109	0.6	0.0
ClimateId2	12345	20-12-1998	7.0	3.0	-5.5	3.3415	0.5	0.0
ClimateId2	12345	21-12-1998	0.9	1.6	-0.3	0.8916	1.3	0.5
ClimateId2	12345	22-12-1998	0.0	2.0	-7.7	5.3938	0.9	0.0
ClimateId2	12345	23-12-1998	0.5	0.7	-4.7	3.0066	2.5	0.2
ClimateId2	12345	24-12-1998	0.0	-2.8	-8.6	3.3233	1.3	0.1
ClimateId2	12345	25-12-1998	0.0	-6.4	-8.9	1.3588	0.8	0.2
ClimateId2	12345	26-12-1998	0.0	-5.9	-8.5	2.2789	0.8	0.1
ClimateId2	12345	27-12-1998	0.0	-1.6	-10.0	3.6384	0.6	0.0
ClimateId2	12345	28-12-1998	0.0	-0.6	-8.6	3.9197	0.6	0.0
ClimateId2	12345	29-12-1998	0.1	-0.7	-8.0	2.9132	0.6	0.1
ClimateId2	12345	30-12-1998	0.7	-0.2	-2.5	1.049	0.8	0.2
ClimateId2	12345	31-12-1998	0.8	-0.6	-1.6	0.6879	1.2	0.3
ClimateId2	12345	01-01-1999	0.0	-1.2	-2.7	0.8704	1.1	0.3
ClimateId2	12345	02-01-1999	0.7	-1.6	-4.1	0.942	0.3	0.3
ClimateId2	12345	03-01-1999	1.3	0.5	-2.2	1.3291	0.6	0.2
ClimateId2	12345	04-01-1999	0.0	4.6	-2.1	4.5103	0.8	0.0
ClimateId2	12345	05-01-1999	0.0	6.9	-2.1	4.5433	0.6	0.0
ClimateId2	12345	06-01-1999	0.0	7.6	-3.1	5.8674	0.6	0.0
ClimateId2	12345	07-01-1999	0.0	7.0	-5.0	5.6249	0.7	0.0
ClimateId2	12345	08-01-1999	2.5	3.8	-3.8	3.1963	0.9	0.1
ClimateId2	12345	09-01-1999	1.1	2.8	-2.8	2.1821	0.8	0.1
ClimateId2	12345	10-01-1999	3.4	2.9	-3.0	3.6297	0.6	0.1
ClimateId2	12345	11-01-1999	5.8	0.7	-2.3	1.3825	0.8	0.2
ClimateId2	12345	12-01-1999	0.1	4.9	-1.6	4.7821	1.5	0.0
ClimateId2	12345	13-01-1999	0.0	1.9	-1.0	2.0854	1.0	0.3
ClimateId2	12345	14-01-1999	0.0	4.5	-5.2	5.1582	1.0	0.1
ClimateId2	12345	15-01-1999	0.0	6.7	-4.5	5.9914	0.9	0.0
ClimateId2	12345	16-01-1999	0.0	7.7	-4.7	5.1594	0.8	0.2
ClimateId2	12345	17-01-1999	0.0	7.7	-5.4	7.1316	0.9	0.0
ClimateId2	12345	18-01-1999	0.0	1.1	-3.4	2.2021	0.8	0.2
ClimateId2	12345	19-01-1999	0.0	0.8	-0.8	1.6693	0.9	0.3
ClimateId2	12345	20-01-1999	0.0	-1.4	-3.3	1.1838	0.7	0.3
ClimateId2	12345	21-01-1999	0.0	-2.6	-3.5	0.8946	0.7	0.3
ClimateId2	12345	22-01-1999	0.0	-2.9	-4.1	1.0376	0.7	0.3
ClimateId2	12345	23-01-1999	0.0	-2.8	-4.7	1.1911	0.6	0.3
ClimateId2	12345	24-01-1999	0.1	-2.5	-4.0	1.2005	0.7	0.3
ClimateId2	12345	25-01-1999	0.0	-1.2	-4.1	2.4258	0.6	0.2
ClimateId2	12345	26-01-1999	1.0	-1.3	-4.2	2.0275	0.3	0.3
ClimateId2	12345	27-01-1999	0.7	1.6	-3.5	2.1206	0.8	0.2
ClimateId2	12345	28-01-1999	0.0	5.5	-2.8	6.0764	1.1	0.2
ClimateId2	12345	29-01-1999	0.0	2.3	-1.6	5.5168	3.4	0.8
ClimateId2	12345	30-01-1999	0.0	-3.8	-7.5	6.1493	4.5	0.9
ClimateId2	12345	31-01-1999	0.0	-0.6	-7.9	5.0323	3.1	0.9
ClimateId2	12345	01-02-1999	0.0	-1.0	-6.7	4.6327	1.2	0.5
ClimateId2	12345	02-02-1999	0.7	2.1	-3.3	3.0084	0.6	0.4
ClimateId2	12345	03-02-1999	0.0	7.1	-0.8	4.7499	0.8	0.5
ClimateId2	12345	04-02-1999	0.0	8.9	0.1	5.2028	1.0	0.6
ClimateId2	12345	05-02-1999	0.0	14.2	-1.7	8.5587	1.9	0.8
ClimateId2	12345	06-02-1999	0.0	7.0	-1.7	7.0201	1.3	0.6
ClimateId2	12345	07-02-1999	1.1	7.3	-4.7	6.6192	1.4	0.6
ClimateId2	12345	08-02-1999	0.0	4.5	-0.1	5.812	1.7	0.9
ClimateId2	12345	09-02-1999	19.0	3.2	-6.6	5.3022	1.9	0.4
ClimateId2	12345	10-02-1999	1.8	-0.5	-3.0	1.943	2.4	0.7
ClimateId2	12345	11-02-1999	0.0	-0.9	-3.9	4.238	4.0	1.3
ClimateId2	12345	12-02-1999	0.0	0.2	-7.0	8.2181	3.5	1.0
ClimateId2	12345	13-02-1999	3.8	0.6	-5.2	3.6102	1.5	0.6
ClimateId2	12345	14-02-1999	0.4	0.3	-4.1	4.0445	0.7	0.4
ClimateId2	12345	15-02-1999	0.0	0.5	-7.8	8.207	0.8	0.3
ClimateId2	12345	16-02-1999	0.0	2.7	-12.9	9.2397	1.1	0.3
ClimateId2	12345	17-02-1999	0.0	5.6	-3.5	6.8115	1.6	0.7
ClimateId2	12345	18-02-1999	0.0	5.6	-9.4	11.4119	1.2	0.6
ClimateId2	12345	19-02-1999	0.0	5.9	-5.7	8.8122	0.9	0.7
ClimateId2	12345	20-02-1999	0.0	9.2	-0.9	6.891	0.8	0.8
ClimateId2	12345	21-02-1999	0.4	5.1	-0.6	4.7907	0.6	0.6
ClimateId2	12345	22-02-1999	7.5	4.6	-0.9	4.2543	1.0	0.5
ClimateId2	12345	23-02-1999	0.0	6.8	-3.7	10.5216	1.4	0.9
ClimateId2	12345	24-02-1999	0.0	7.3	-4.2	9.7841	1.5	1.0
ClimateId2	12345	25-02-1999	0.0	7.8	-4.0	11.8636	1.1	0.9
ClimateId2	12345	26-02-1999	0.0	8.7	-4.8	9.3185	0.9	0.9
ClimateId2	12345	27-02-1999	0.0	15.7	-2.2	13.6667	1.3	1.1
ClimateId2	12345	28-02-1999	0.0	14.7	-1.4	11.9226	0.8	1.0
ClimateId2	12345	01-03-1999	0.0	13.3	-1.0	12.9022	1.1	1.0
ClimateId2	12345	02-03-1999	0.0	12.0	3.0	7.6434	0.8	1.0
ClimateId2	12345	03-03-1999	0.0	14.8	2.4	10.9819	2.9	1.4
ClimateId2	12345	04-03-1999	0.4	16.3	7.2	9.8714	3.5	2.2
ClimateId2	12345	05-03-1999	2.8	13.1	7.3	8.2029	2.7	1.7
ClimateId2	12345	06-03-1999	2.9	11.0	0.3	8.813	1.3	1.0
ClimateId2	12345	07-03-1999	1.3	9.1	0.7	8.1249	1.3	1.0
ClimateId2	12345	08-03-1999	0.0	9.1	-1.1	10.6054	1.8	1.2
ClimateId2	12345	09-03-1999	0.0	11.6	-0.3	9.2059	2.3	1.4
ClimateId2	12345	10-03-1999	0.0	17.4	0.9	13.4703	2.0	1.6
ClimateId2	12345	11-03-1999	0.0	12.1	4.2	9.3912	1.6	1.4
ClimateId2	12345	12-03-1999	0.0	12.1	3.2	12.2426	1.1	1.5
ClimateId2	12345	13-03-1999	0.0	13.1	-0.8	14.1829	0.9	1.3
ClimateId2	12345	14-03-1999	0.0	11.1	1.9	12.4285	0.9	1.3
ClimateId2	12345	15-03-1999	0.4	12.6	1.5	10.8286	0.9	1.3
ClimateId2	12345	16-03-1999	2.3	6.3	3.1	5.3854	1.6	1.1
ClimateId2	12345	17-03-1999	0.5	4.4	0.0	8.3591	2.6	1.4
ClimateId2	12345	18-03-1999	0.0	6.5	-1.6	12.6778	2.4	1.6
ClimateId2	12345	19-03-1999	0.0	9.1	-3.0	13.4855	1.6	1.5
ClimateId2	12345	20-03-1999	0.0	10.3	0.1	11.153	2.4	1.9
ClimateId2	12345	21-03-1999	0.0	11.9	-4.7	13.9003	1.1	1.4
ClimateId2	12345	22-03-1999	12.7	12.1	-0.7	11.412	2.2	1.5
ClimateId2	12345	23-03-1999	0.9	11.4	3.4	9.2834	0.9	1.3
ClimateId2	12345	24-03-1999	0.0	16.1	2.1	15.0707	0.8	1.8
ClimateId2	12345	25-03-1999	0.0	19.0	0.4	17.9342	2.6	2.5
ClimateId2	12345	26-03-1999	0.0	18.4	7.9	16.1297	3.1	2.9
ClimateId2	12345	27-03-1999	6.4	17.8	5.6	12.2492	1.5	1.9
ClimateId2	12345	28-03-1999	20.9	10.6	4.9	6.5435	1.0	1.0
ClimateId2	12345	29-03-1999	2.3	12.6	7.1	7.6837	1.5	1.5
ClimateId2	12345	30-03-1999	1.0	14.2	7.6	8.9341	1.6	1.8
ClimateId2	12345	31-03-1999	0.1	16.9	5.1	16.4887	2.0	2.5
ClimateId2	12345	01-04-1999	0.0	17.4	7.5	14.5301	1.4	2.4
ClimateId2	12345	02-04-1999	0.0	18.1	2.7	17.9553	1.7	2.6
ClimateId2	12345	03-04-1999	0.0	18.8	7.3	17.3815	2.5	3.2
ClimateId2	12345	04-04-1999	0.0	20.5	4.2	18.4072	0.9	2.6
ClimateId2	12345	05-04-1999	0.0	18.2	10.2	12.9489	1.1	2.5
ClimateId2	12345	06-04-1999	0.0	21.0	3.5	20.9902	1.0	2.7
ClimateId2	12345	07-04-1999	10.0	22.5	6.8	16.7359	2.2	3.0
ClimateId2	12345	08-04-1999	4.4	10.4	7.3	4.6268	1.7	1.1
ClimateId2	12345	09-04-1999	0.0	14.9	4.3	16.7618	2.7	2.7
ClimateId2	12345	10-04-1999	0.7	16.6	2.4	19.6119	1.1	2.5
ClimateId2	12345	11-04-1999	0.7	15.9	8.3	9.0527	1.1	1.8
ClimateId2	12345	12-04-1999	2.2	13.9	6.3	13.4058	0.9	2.4
ClimateId2	12345	13-04-1999	5.0	11.7	7.5	8.4715	1.5	1.6
ClimateId2	12345	14-04-1999	0.5	15.2	3.3	17.894	1.6	2.4
ClimateId2	12345	15-04-1999	0.4	18.0	8.6	16.8542	3.7	3.6
ClimateId2	12345	16-04-1999	18.6	12.3	9.5	5.3376	1.7	1.3
ClimateId2	12345	17-04-1999	14.6	11.7	8.9	8.6348	2.1	1.8
ClimateId2	12345	18-04-1999	1.0	11.5	3.6	12.4609	1.5	1.9
ClimateId2	12345	19-04-1999	1.5	10.2	0.9	13.6078	0.9	1.7
ClimateId2	12345	20-04-1999	0.0	13.2	0.7	19.8362	1.1	2.4
ClimateId2	12345	21-04-1999	0.7	15.7	0.3	16.1179	2.2	2.2
ClimateId2	12345	22-04-1999	1.9	17.1	8.7	13.5249	1.2	2.4
ClimateId2	12345	23-04-1999	3.3	13.7	7.7	9.7039	0.8	1.5
ClimateId2	12345	24-04-1999	7.3	16.9	5.9	13.6828	1.0	2.1
ClimateId2	12345	25-04-1999	5.5	17.1	8.9	16.0661	1.3	2.6
ClimateId2	12345	26-04-1999	0.0	19.4	7.4	19.7217	0.9	2.9
ClimateId2	12345	27-04-1999	0.0	19.6	7.6	18.8052	1.3	3.2
ClimateId2	12345	28-04-1999	0.0	19.5	7.7	17.995	1.0	2.9
ClimateId2	12345	29-04-1999	0.0	22.1	8.0	22.9935	1.4	3.6
ClimateId2	12345	30-04-1999	0.0	17.7	9.5	15.016	1.2	2.5
ClimateId2	12345	01-05-1999	0.7	22.0	9.6	16.5608	1.0	3.0
ClimateId2	12345	02-05-1999	5.6	22.5	8.1	20.3775	1.3	3.4
ClimateId2	12345	03-05-1999	0.0	22.5	8.9	22.5648	1.2	3.6
ClimateId2	12345	04-05-1999	18.1	17.7	10.7	9.8994	1.9	2.0
ClimateId2	12345	05-05-1999	2.0	12.1	8.4	6.8956	1.5	1.6
ClimateId2	12345	06-05-1999	0.0	13.9	7.2	11.1822	1.1	2.2
ClimateId2	12345	07-05-1999	0.0	13.6	7.7	8.3812	0.8	1.7
ClimateId2	12345	08-05-1999	1.6	21.6	6.7	22.7536	1.4	3.5
ClimateId2	12345	09-05-1999	3.9	18.4	12.5	12.4479	0.8	2.4
ClimateId2	12345	10-05-1999	0.0	23.1	7.6	24.4298	1.6	4.0
ClimateId2	12345	11-05-1999	0.0	20.6	10.1	14.8489	1.1	2.9
ClimateId2	12345	12-05-1999	4.6	17.3	10.8	11.4022	1.0	2.1
ClimateId2	12345	13-05-1999	7.1	22.5	12.5	18.1031	1.0	3.4
ClimateId2	12345	14-05-1999	41.5	16.7	13.6	6.7966	1.2	1.7
ClimateId2	12345	15-05-1999	5.6	19.9	11.2	15.6777	1.0	2.9
ClimateId2	12345	16-05-1999	0.6	17.7	9.1	20.1489	1.8	3.6
ClimateId2	12345	17-05-1999	0.0	17.6	5.1	21.0745	1.8	3.4
ClimateId2	12345	18-05-1999	0.0	15.3	10.5	10.4749	1.9	2.5
ClimateId2	12345	19-05-1999	0.0	19.3	4.9	25.4885	1.4	3.8
ClimateId2	12345	20-05-1999	45.0	18.9	8.2	17.3004	1.0	2.8
ClimateId2	12345	21-05-1999	0.8	18.2	11.0	17.6911	2.5	3.3
ClimateId2	12345	22-05-1999	0.4	21.4	10.3	18.1677	1.1	3.3
ClimateId2	12345	23-05-1999	0.0	19.2	9.8	21.178	2.1	3.9
ClimateId2	12345	24-05-1999	0.0	21.0	7.3	26.641	1.3	4.2
ClimateId2	12345	25-05-1999	1.5	23.7	8.3	23.3915	1.0	4.0
ClimateId2	12345	26-05-1999	1.6	24.6	13.0	21.9923	1.1	4.2
ClimateId2	12345	27-05-1999	0.0	26.6	10.8	24.0228	1.2	4.4
ClimateId2	12345	28-05-1999	5.2	27.3	13.1	24.7658	0.9	4.7
ClimateId2	12345	29-05-1999	0.0	27.1	12.2	25.7632	1.1	4.7
ClimateId2	12345	30-05-1999	0.0	28.5	14.3	26.7574	1.1	5.1
ClimateId2	12345	31-05-1999	0.0	31.2	17.0	24.2842	1.2	5.3
ClimateId2	12345	01-06-1999	1.3	26.3	17.2	20.6242	1.0	4.4
ClimateId2	12345	02-06-1999	0.3	28.0	15.1	21.5909	1.2	4.4
ClimateId2	12345	03-06-1999	0.0	27.3	18.1	23.9715	1.4	5.2
ClimateId2	12345	04-06-1999	27.4	23.4	15.6	17.6473	1.4	3.8
ClimateId2	12345	05-06-1999	0.0	24.0	12.4	26.4676	1.4	4.8
ClimateId2	12345	06-06-1999	0.0	27.5	12.8	27.1107	2.6	5.6
ClimateId2	12345	07-06-1999	0.1	27.6	14.3	25.7651	1.7	5.2
ClimateId2	12345	08-06-1999	10.6	26.0	15.9	18.0213	2.2	4.2
ClimateId2	12345	09-06-1999	0.0	22.9	10.2	26.8932	1.1	4.5
ClimateId2	12345	10-06-1999	0.0	23.7	10.8	23.3345	0.9	4.2
ClimateId2	12345	11-06-1999	10.5	23.6	12.9	15.5035	1.7	3.2
ClimateId2	12345	12-06-1999	3.1	22.7	14.8	17.7205	1.5	3.8
ClimateId2	12345	13-06-1999	0.0	22.6	11.9	22.1434	1.6	4.2
ClimateId2	12345	14-06-1999	0.0	23.6	13.1	24.0437	1.1	4.4
ClimateId2	12345	15-06-1999	15.7	23.1	14.4	16.3945	1.4	3.5
ClimateId2	12345	16-06-1999	9.3	21.1	15.8	14.1832	0.9	3.0
ClimateId2	12345	17-06-1999	7.6	23.4	13.7	17.0837	1.0	3.4
ClimateId2	12345	18-06-1999	12.1	23.8	15.4	18.0198	1.1	3.8
ClimateId2	12345	19-06-1999	0.2	17.8	12.6	12.4503	0.9	2.6
ClimateId2	12345	20-06-1999	0.6	23.3	10.3	23.4498	0.8	4.1
ClimateId2	12345	21-06-1999	36.5	17.9	15.3	7.5657	1.6	2.1
ClimateId2	12345	22-06-1999	0.0	15.2	10.4	10.0252	3.5	3.1
ClimateId2	12345	23-06-1999	0.0	20.6	8.5	26.6208	2.3	4.9
ClimateId2	12345	24-06-1999	0.0	20.6	7.2	24.9652	1.4	4.2
ClimateId2	12345	25-06-1999	0.0	22.9	7.8	27.5644	1.3	4.5
ClimateId2	12345	26-06-1999	0.0	25.3	9.7	28.6571	2.1	5.2
ClimateId2	12345	27-06-1999	0.0	26.3	13.5	18.9972	1.7	4.2
ClimateId2	12345	28-06-1999	0.7	25.9	14.3	20.0639	1.7	4.3
ClimateId2	12345	29-06-1999	0.0	25.9	16.0	22.3555	1.0	4.6
ClimateId2	12345	30-06-1999	13.4	26.8	14.2	23.3523	1.1	4.6
ClimateId2	12345	01-07-1999	0.6	26.4	16.4	21.7379	1.1	4.6
ClimateId2	12345	02-07-1999	0.0	28.2	14.4	25.5727	1.3	5.1
ClimateId2	12345	03-07-1999	0.0	29.1	15.3	27.0556	1.0	5.3
ClimateId2	12345	04-07-1999	0.0	30.5	17.0	27.6879	1.1	5.6
ClimateId2	12345	05-07-1999	0.0	30.6	17.8	27.0481	1.8	5.9
ClimateId2	12345	06-07-1999	0.7	31.6	17.7	27.0558	2.4	6.2
ClimateId2	12345	07-07-1999	22.1	18.6	17.3	6.6193	1.4	1.9
ClimateId2	12345	08-07-1999	0.0	23.8	14.9	18.5645	2.0	4.1
ClimateId2	12345	09-07-1999	27.1	19.0	15.5	8.1544	2.1	2.1
ClimateId2	12345	10-07-1999	12.9	22.7	16.9	11.1545	1.7	2.6
ClimateId2	12345	11-07-1999	1.8	23.8	17.3	14.2917	0.9	3.1
ClimateId2	12345	12-07-1999	0.0	26.7	15.8	20.5333	1.1	4.2
ClimateId2	12345	13-07-1999	0.0	28.0	16.0	21.7771	1.2	4.5
ClimateId2	12345	14-07-1999	18.8	26.6	16.3	18.706	1.0	4.0
ClimateId2	12345	15-07-1999	2.7	25.3	13.1	21.8947	1.2	4.3
ClimateId2	12345	16-07-1999	3.8	25.5	13.0	24.1804	0.9	4.4
ClimateId2	12345	17-07-1999	0.0	25.1	14.0	23.5778	0.9	4.4
ClimateId2	12345	18-07-1999	0.0	26.9	13.1	25.6001	0.7	4.6
ClimateId2	12345	19-07-1999	0.0	27.4	13.4	26.4814	1.1	4.9
ClimateId2	12345	20-07-1999	0.0	29.0	14.5	25.3559	1.1	4.9
ClimateId2	12345	21-07-1999	2.0	29.2	17.4	20.7469	0.9	4.4
ClimateId2	12345	22-07-1999	28.5	20.2	16.2	9.1642	2.3	2.3
ClimateId2	12345	23-07-1999	0.4	20.8	12.5	17.5957	2.2	3.8
ClimateId2	12345	24-07-1999	0.0	21.8	12.3	19.0017	2.4	4.1
ClimateId2	12345	25-07-1999	0.6	22.6	15.1	12.8714	1.4	3.1
ClimateId2	12345	26-07-1999	3.5	23.5	15.6	13.0693	1.2	2.8
ClimateId2	12345	27-07-1999	0.0	27.6	17.2	23.7807	1.8	5.0
ClimateId2	12345	28-07-1999	0.0	25.9	15.6	19.7128	1.3	4.0
ClimateId2	12345	29-07-1999	1.9	25.4	17.5	19.4993	2.3	4.7
ClimateId2	12345	30-07-1999	0.0	24.5	14.8	21.7266	1.7	4.5
ClimateId2	12345	31-07-1999	0.0	25.3	12.7	20.7562	1.1	4.0
ClimateId2	12345	01-08-1999	0.0	26.4	11.6	24.6091	0.9	4.3
ClimateId2	12345	02-08-1999	2.6	25.6	13.5	21.5317	1.1	4.0
ClimateId2	12345	03-08-1999	9.4	26.1	11.8	22.4826	0.7	4.0
ClimateId2	12345	04-08-1999	0.0	26.1	16.5	19.4054	0.9	3.9
ClimateId2	12345	05-08-1999	0.0	27.3	16.8	19.1408	0.7	3.8
ClimateId2	12345	06-08-1999	6.9	29.4	17.3	18.1406	1.0	4.0
ClimateId2	12345	07-08-1999	4.4	30.1	16.8	21.4135	0.9	4.4
ClimateId2	12345	08-08-1999	0.0	29.9	14.1	22.873	1.0	4.4
ClimateId2	12345	09-08-1999	0.0	31.7	17.3	24.5418	1.4	5.1
ClimateId2	12345	10-08-1999	5.0	30.1	18.4	18.075	1.4	4.2
ClimateId2	12345	11-08-1999	0.5	25.1	15.1	18.2678	1.0	3.5
ClimateId2	12345	12-08-1999	3.2	22.4	14.3	15.1296	1.1	3.1
ClimateId2	12345	13-08-1999	0.7	21.7	13.2	13.0412	1.4	2.9
ClimateId2	12345	14-08-1999	0.0	22.9	8.3	21.4655	1.5	3.5
ClimateId2	12345	15-08-1999	0.0	27.0	11.0	21.1435	1.3	3.8
ClimateId2	12345	16-08-1999	33.7	22.0	15.1	11.6945	1.4	2.6
ClimateId2	12345	17-08-1999	0.8	22.7	12.8	13.612	1.0	2.5
ClimateId2	12345	18-08-1999	0.0	22.2	15.8	11.7293	0.7	2.4
ClimateId2	12345	19-08-1999	0.0	23.5	14.8	13.9545	1.2	2.8
ClimateId2	12345	20-08-1999	29.6	21.5	15.6	12.8973	3.3	2.7
ClimateId2	12345	21-08-1999	0.0	21.1	14.4	13.5919	0.6	2.5
ClimateId2	12345	22-08-1999	0.0	22.8	12.1	19.3836	1.0	3.3
ClimateId2	12345	23-08-1999	0.0	21.9	11.2	16.6452	0.9	2.9
ClimateId2	12345	24-08-1999	0.0	23.1	10.5	17.1727	1.1	3.0
ClimateId2	12345	25-08-1999	0.0	22.8	11.1	16.3522	0.9	2.8
ClimateId2	12345	26-08-1999	1.9	23.5	13.0	14.7362	0.9	2.8
ClimateId2	12345	27-08-1999	0.1	19.1	15.1	8.153	0.6	1.8
ClimateId2	12345	28-08-1999	1.9	24.2	14.5	14.1909	0.7	2.7
ClimateId2	12345	29-08-1999	6.1	19.0	16.2	6.9388	0.9	1.6
ClimateId2	12345	30-08-1999	15.1	18.5	15.3	4.9601	1.4	1.3
ClimateId2	12345	31-08-1999	0.0	23.5	13.8	14.2564	0.9	2.6
ClimateId2	12345	01-09-1999	2.9	21.4	12.7	11.8298	1.1	2.3
ClimateId2	12345	02-09-1999	3.3	15.7	9.5	10.8821	1.5	1.8
ClimateId2	12345	03-09-1999	5.7	16.6	11.3	5.9288	2.5	1.2
ClimateId2	12345	04-09-1999	6.6	18.8	14.6	8.2104	1.8	1.8
ClimateId2	12345	05-09-1999	1.4	15.8	12.4	8.0293	0.9	1.7
ClimateId2	12345	06-09-1999	0.0	22.2	11.9	15.0035	0.9	2.4
ClimateId2	12345	07-09-1999	0.0	23.0	11.2	14.5069	0.9	2.3
ClimateId2	12345	08-09-1999	0.0	24.3	13.4	15.4167	1.6	2.9
ClimateId2	12345	09-09-1999	0.0	25.9	13.9	17.5992	1.7	3.2
ClimateId2	12345	10-09-1999	0.0	25.7	14.6	17.3147	2.1	3.4
ClimateId2	12345	11-09-1999	0.0	25.0	11.3	18.5473	0.9	2.8
ClimateId2	12345	12-09-1999	0.0	25.8	12.1	18.6135	0.6	2.8
ClimateId2	12345	13-09-1999	0.0	25.5	11.1	18.5853	0.7	2.8
ClimateId2	12345	14-09-1999	0.0	25.3	10.4	17.9468	0.7	2.6
ClimateId2	12345	15-09-1999	0.0	25.4	12.0	16.4277	0.5	2.5
ClimateId2	12345	16-09-1999	0.0	25.4	12.8	14.9543	0.6	2.4
ClimateId2	12345	17-09-1999	0.0	24.3	12.9	12.203	0.5	2.1
ClimateId2	12345	18-09-1999	1.8	21.8	13.8	8.9457	0.6	1.6
ClimateId2	12345	19-09-1999	2.0	24.0	15.5	11.0147	1.5	2.2
ClimateId2	12345	20-09-1999	0.2	25.0	13.8	12.1462	2.1	2.4
ClimateId2	12345	21-09-1999	12.2	19.2	16.1	6.944	1.7	1.5
ClimateId2	12345	22-09-1999	0.0	23.9	11.2	13.8933	0.8	2.1
ClimateId2	12345	23-09-1999	0.0	24.7	10.5	15.385	0.7	2.1
ClimateId2	12345	24-09-1999	0.0	25.3	11.9	14.7895	0.7	2.2
ClimateId2	12345	25-09-1999	0.0	25.8	12.2	13.966	1.5	2.3
ClimateId2	12345	26-09-1999	0.6	27.4	13.7	14.3768	2.0	2.7
ClimateId2	12345	27-09-1999	1.0	18.9	14.4	7.2251	0.7	1.4
ClimateId2	12345	28-09-1999	3.5	20.6	11.1	8.3013	0.9	1.4
ClimateId2	12345	29-09-1999	0.0	22.2	8.7	15.1278	1.1	2.0
ClimateId2	12345	30-09-1999	2.0	24.2	9.2	14.2951	1.8	2.1
ClimateId2	12345	01-10-1999	3.3	19.2	12.3	9.6175	1.0	1.6
ClimateId2	12345	02-10-1999	0.0	20.6	8.7	11.0973	1.2	1.5
ClimateId2	12345	03-10-1999	3.1	23.4	12.7	12.1332	2.7	2.4
ClimateId2	12345	04-10-1999	11.6	11.3	9.6	3.3358	1.5	0.8
ClimateId2	12345	05-10-1999	0.3	15.6	8.5	9.0662	1.9	1.7
ClimateId2	12345	06-10-1999	0.0	15.0	7.7	9.2165	1.9	1.7
ClimateId2	12345	07-10-1999	0.0	16.0	2.4	12.5279	0.7	1.2
ClimateId2	12345	08-10-1999	0.0	16.2	1.7	13.051	0.6	1.1
ClimateId2	12345	09-10-1999	0.0	19.0	5.4	10.203	0.7	1.2
ClimateId2	12345	10-10-1999	0.0	21.4	8.5	10.421	0.7	1.4
ClimateId2	12345	11-10-1999	0.0	19.9	6.1	13.1694	0.7	1.2
ClimateId2	12345	12-10-1999	0.0	17.4	11.3	6.6521	0.5	1.1
ClimateId2	12345	13-10-1999	0.0	15.9	9.4	6.2729	1.0	1.1
ClimateId2	12345	14-10-1999	0.0	17.2	9.5	10.0716	0.8	1.2
ClimateId2	12345	15-10-1999	0.0	13.2	5.0	8.1974	1.0	0.9
ClimateId2	12345	16-10-1999	0.0	13.1	2.8	10.4404	1.2	1.0
ClimateId2	12345	17-10-1999	0.0	10.3	2.5	9.4832	1.6	1.1
ClimateId2	12345	18-10-1999	0.0	9.5	-0.4	7.6356	1.2	0.8
ClimateId2	12345	19-10-1999	0.0	6.3	3.0	3.5654	1.6	1.0
ClimateId2	12345	20-10-1999	0.0	9.5	2.2	6.8869	1.1	0.8
ClimateId2	12345	21-10-1999	1.0	8.1	3.5	3.2684	1.4	0.6
ClimateId2	12345	22-10-1999	0.0	8.6	5.8	2.4487	1.3	0.6
ClimateId2	12345	23-10-1999	1.4	14.4	7.1	4.8941	2.4	0.8
ClimateId2	12345	24-10-1999	0.7	19.0	10.2	7.8274	2.0	1.2
ClimateId2	12345	25-10-1999	6.5	23.0	12.6	8.1618	3.0	1.7
ClimateId2	12345	26-10-1999	4.0	16.1	13.7	3.6151	0.8	0.7
ClimateId2	12345	27-10-1999	0.0	20.8	10.0	8.9776	0.8	0.9
ClimateId2	12345	28-10-1999	0.0	16.9	7.3	7.8729	0.8	0.6
ClimateId2	12345	29-10-1999	1.3	14.2	8.3	4.5014	0.6	0.5
ClimateId2	12345	30-10-1999	0.0	14.9	9.2	5.9844	1.1	0.7
ClimateId2	12345	31-10-1999	0.0	18.4	7.2	7.6195	0.7	0.6
ClimateId2	12345	01-11-1999	0.0	17.5	9.5	8.3513	1.1	0.9
ClimateId2	12345	02-11-1999	0.0	17.8	3.2	8.9069	0.8	0.5
ClimateId2	12345	03-11-1999	0.1	14.0	4.5	5.0793	1.1	0.5
ClimateId2	12345	04-11-1999	0.3	10.6	9.5	1.7053	0.8	0.9
ClimateId2	12345	05-11-1999	0.0	13.3	7.7	5.262	4.5	1.3
ClimateId2	12345	06-11-1999	15.0	17.2	4.8	6.7595	2.5	0.8
ClimateId2	12345	07-11-1999	1.0	10.7	7.0	3.0046	1.9	0.9
ClimateId2	12345	08-11-1999	2.7	10.1	6.9	3.8864	1.2	0.8
ClimateId2	12345	09-11-1999	15.8	5.5	3.4	1.8195	1.9	0.5
ClimateId2	12345	10-11-1999	0.3	4.6	3.1	1.5458	0.9	0.4
ClimateId2	12345	11-11-1999	0.0	6.0	3.5	1.6085	0.9	0.5
ClimateId2	12345	12-11-1999	0.0	8.3	3.6	3.4881	0.9	0.5
ClimateId2	12345	13-11-1999	0.0	5.7	2.2	2.0295	1.1	0.5
ClimateId2	12345	14-11-1999	1.3	5.3	3.4	2.3908	0.9	0.5
ClimateId2	12345	15-11-1999	0.5	4.0	0.9	3.2877	1.6	0.6
ClimateId2	12345	16-11-1999	0.6	0.8	-4.0	2.7061	0.9	0.3
ClimateId2	12345	17-11-1999	7.4	1.1	-1.4	1.8339	0.7	0.3
ClimateId2	12345	18-11-1999	0.1	2.5	-1.1	3.3754	0.8	0.2
ClimateId2	12345	19-11-1999	9.5	-0.3	-8.1	1.2671	2.3	0.3
ClimateId2	12345	20-11-1999	0.0	1.1	-8.9	6.71	0.7	0.0
ClimateId2	12345	21-11-1999	10.1	-2.3	-7.5	1.8865	0.6	0.2
ClimateId2	12345	22-11-1999	0.0	-0.4	-4.3	1.8807	0.4	0.3
ClimateId2	12345	23-11-1999	0.0	1.0	-11.4	5.8619	0.6	0.0
ClimateId2	12345	24-11-1999	0.0	1.2	-6.3	3.8227	0.5	0.1
ClimateId2	12345	25-11-1999	0.0	5.4	-1.5	5.4329	0.6	0.0
ClimateId2	12345	26-11-1999	0.0	6.2	-4.4	6.3101	0.7	0.0
ClimateId2	12345	27-11-1999	0.0	-0.4	-5.9	2.7828	0.7	0.1
ClimateId2	12345	28-11-1999	0.0	0.6	-4.9	3.884	0.8	0.1
ClimateId2	12345	29-11-1999	0.0	-4.4	-5.5	0.7723	0.9	0.3
ClimateId2	12345	30-11-1999	0.0	-4.4	-5.8	0.9009	0.6	0.3
ClimateId2	12345	01-12-1999	0.0	-2.4	-6.9	2.6112	0.3	0.1
ClimateId2	12345	02-12-1999	0.0	5.9	-4.2	5.1627	0.7	0.0
ClimateId2	12345	03-12-1999	0.0	7.1	-3.0	5.1268	1.9	0.1
ClimateId2	12345	04-12-1999	1.4	6.8	0.1	3.113	1.8	0.4
ClimateId2	12345	05-12-1999	1.4	4.8	1.5	2.423	1.1	0.5
ClimateId2	12345	06-12-1999	0.0	5.0	-4.4	5.7376	1.0	0.0
ClimateId2	12345	07-12-1999	0.0	5.1	-4.0	4.9703	1.0	0.1
ClimateId2	12345	08-12-1999	0.0	8.9	-4.8	5.9218	0.8	0.0
ClimateId2	12345	09-12-1999	0.0	10.0	-2.8	5.2958	2.5	0.1
ClimateId2	12345	10-12-1999	28.9	10.6	3.5	3.7037	2.1	0.4
ClimateId2	12345	11-12-1999	0.1	6.6	3.0	3.172	1.0	0.2
ClimateId2	12345	12-12-1999	8.7	5.9	-0.5	1.6841	1.5	0.3
ClimateId2	12345	13-12-1999	0.0	6.2	3.7	2.0081	1.0	0.5
ClimateId2	12345	14-12-1999	3.9	5.9	-3.6	4.4333	1.5	0.0
ClimateId2	12345	15-12-1999	6.5	3.6	1.2	1.0113	0.7	0.4
ClimateId2	12345	16-12-1999	0.1	1.0	-0.6	2.0593	1.5	0.4
ClimateId2	12345	17-12-1999	0.0	0.7	-5.2	4.3425	0.9	0.0
ClimateId2	12345	18-12-1999	0.0	3.1	-6.6	3.693	1.3	0.1
ClimateId2	12345	19-12-1999	10.4	5.5	-0.6	2.2255	2.5	0.6
ClimateId2	12345	20-12-1999	0.0	0.5	-1.7	2.024	2.1	0.5
ClimateId2	12345	21-12-1999	0.0	2.2	-8.6	5.4855	2.2	0.1
ClimateId2	12345	22-12-1999	0.0	-1.3	-10.5	5.5572	1.4	0.0
ClimateId2	12345	23-12-1999	0.0	-4.0	-14.8	5.2978	0.8	0.0
ClimateId2	12345	24-12-1999	0.0	-7.6	-14.2	1.9058	1.2	0.1
ClimateId2	12345	25-12-1999	0.1	-5.5	-8.7	1.5334	1.5	0.3
ClimateId2	12345	26-12-1999	2.4	1.1	-9.3	3.3493	0.9	0.0
ClimateId2	12345	27-12-1999	3.3	7.5	-3.6	4.1032	1.3	0.2
ClimateId2	12345	28-12-1999	15.6	2.0	-2.5	1.4583	2.3	0.3
ClimateId2	12345	29-12-1999	0.0	4.3	-2.5	3.7666	0.9	0.1
ClimateId2	12345	30-12-1999	0.0	3.4	-5.9	5.0048	0.8	0.0
ClimateId2	12345	31-12-1999	0.0	0.7	-10.7	5.9032	1.0	0.0
ClimateId2	12345	01-01-2000	0.0	0.2	-9.2	3.0935	1.0	0.1
ClimateId2	12345	02-01-2000	0.4	0.0	-3.1	1.8506	0.8	0.2
ClimateId2	12345	03-01-2000	0.0	1.4	-4.4	3.1002	0.9	0.2
ClimateId2	12345	04-01-2000	0.0	0.7	-9.5	4.1285	0.7	0.1
ClimateId2	12345	05-01-2000	0.0	2.2	-9.2	4.2322	0.8	0.1
ClimateId2	12345	06-01-2000	0.0	3.2	-8.7	5.9609	0.7	0.0
ClimateId2	12345	07-01-2000	0.0	-1.8	-8.4	3.2379	0.5	0.1
ClimateId2	12345	08-01-2000	0.0	-3.2	-6.9	1.3869	0.8	0.2
ClimateId2	12345	09-01-2000	0.0	-3.8	-5.6	1.1666	0.6	0.3
ClimateId2	12345	10-01-2000	0.0	-1.4	-4.4	1.5489	0.8	0.2
ClimateId2	12345	11-01-2000	0.0	1.7	-2.0	3.4524	0.5	0.2
ClimateId2	12345	12-01-2000	0.0	-0.2	-4.3	2.9501	0.7	0.2
ClimateId2	12345	13-01-2000	0.1	-3.6	-7.8	1.7677	1.0	0.2
ClimateId2	12345	14-01-2000	0.0	-1.9	-5.9	3.125	1.0	0.2
ClimateId2	12345	15-01-2000	0.0	-2.5	-8.1	2.8179	1.2	0.2
ClimateId2	12345	16-01-2000	0.0	1.4	-6.9	5.425	1.2	0.1
ClimateId2	12345	17-01-2000	0.0	4.1	-9.9	5.4479	1.2	0.1
ClimateId2	12345	18-01-2000	6.1	8.5	-3.5	5.4832	2.5	0.4
ClimateId2	12345	19-01-2000	0.0	4.1	-5.8	6.7158	2.5	0.3
ClimateId2	12345	20-01-2000	0.0	2.8	-6.0	5.2134	1.4	0.4
ClimateId2	12345	21-01-2000	0.8	8.2	-6.6	6.6864	3.1	0.4
ClimateId2	12345	22-01-2000	0.2	-2.5	-5.1	1.7092	2.1	0.6
ClimateId2	12345	23-01-2000	0.0	-2.2	-7.5	2.7405	1.8	0.3
ClimateId2	12345	24-01-2000	0.0	-3.2	-7.7	5.6686	3.6	0.7
ClimateId2	12345	25-01-2000	0.0	-2.9	-13.7	7.6696	1.1	0.1
ClimateId2	12345	26-01-2000	0.0	0.4	-15.0	8.2708	0.9	0.1
ClimateId2	12345	27-01-2000	0.0	4.1	-11.7	8.5421	0.9	0.1
ClimateId2	12345	28-01-2000	0.0	5.1	-11.2	8.1135	1.0	0.1
ClimateId2	12345	29-01-2000	0.0	4.9	-9.2	6.092	2.1	0.3
ClimateId2	12345	30-01-2000	0.4	10.2	0.2	4.4582	1.9	0.7
ClimateId2	12345	31-01-2000	0.0	13.8	-0.9	7.3294	1.3	0.4
ClimateId2	12345	01-02-2000	0.0	12.9	0.1	8.5276	1.7	0.4
ClimateId2	12345	02-02-2000	0.0	12.4	-1.3	6.84	1.5	0.5
ClimateId2	12345	03-02-2000	0.0	10.8	1.7	7.9474	2.0	0.7
ClimateId2	12345	04-02-2000	0.0	7.7	-2.7	8.475	1.2	0.3
ClimateId2	12345	05-02-2000	0.0	13.1	-1.7	7.1673	1.3	0.5
ClimateId2	12345	06-02-2000	0.0	16.1	1.8	9.5103	1.2	0.5
ClimateId2	12345	07-02-2000	0.0	13.5	-0.2	8.2397	1.0	0.5
ClimateId2	12345	08-02-2000	0.0	12.0	-0.1	6.2489	2.1	0.7
ClimateId2	12345	09-02-2000	0.4	10.5	5.7	3.8411	2.2	1.4
ClimateId2	12345	10-02-2000	0.0	10.1	-2.3	9.3947	1.6	0.6
ClimateId2	12345	11-02-2000	0.0	9.0	-3.6	7.7001	1.2	0.5
ClimateId2	12345	12-02-2000	0.0	8.4	1.1	7.2916	0.9	0.6
ClimateId2	12345	13-02-2000	0.0	9.8	-2.7	9.4742	1.8	0.5
ClimateId2	12345	14-02-2000	0.0	9.4	-1.4	9.6826	1.7	0.7
ClimateId2	12345	15-02-2000	0.0	7.3	-1.3	6.6137	1.7	0.9
ClimateId2	12345	16-02-2000	7.9	9.5	-1.3	6.0736	2.4	0.8
ClimateId2	12345	17-02-2000	0.0	7.1	-0.4	8.1306	1.4	0.8
ClimateId2	12345	18-02-2000	0.0	6.9	-4.1	9.2193	1.6	0.8
ClimateId2	12345	19-02-2000	0.0	10.7	-1.9	8.8425	1.2	0.9
ClimateId2	12345	20-02-2000	0.0	9.6	-2.6	8.5723	1.9	0.9
ClimateId2	12345	21-02-2000	0.0	4.9	-2.5	7.8114	2.1	1.0
ClimateId2	12345	22-02-2000	0.0	4.0	-6.0	9.3881	1.1	0.6
ClimateId2	12345	23-02-2000	0.3	6.9	-5.8	9.1783	1.2	0.7
ClimateId2	12345	24-02-2000	0.1	7.3	-1.3	7.4128	1.4	0.8
ClimateId2	12345	25-02-2000	0.0	11.3	0.1	7.003	1.9	1.2
ClimateId2	12345	26-02-2000	0.0	10.5	-0.8	11.3283	1.5	0.9
ClimateId2	12345	27-02-2000	0.0	9.6	-0.7	9.9552	1.1	0.9
ClimateId2	12345	28-02-2000	0.0	12.3	-2.8	13.3604	2.5	1.2
ClimateId2	12345	29-02-2000	0.0	13.2	-1.2	12.0564	3.9	1.6
ClimateId2	12345	01-03-2000	4.9	10.9	7.4	4.9829	3.9	1.6
ClimateId2	12345	02-03-2000	0.0	9.4	3.8	8.7393	3.3	1.8
ClimateId2	12345	03-03-2000	0.0	9.6	-3.4	10.116	2.2	1.3
ClimateId2	12345	04-03-2000	0.2	11.4	1.6	7.2231	2.1	1.5
ClimateId2	12345	05-03-2000	0.0	6.2	-3.2	13.1996	2.3	1.2
ClimateId2	12345	06-03-2000	0.0	10.1	-4.9	14.9363	1.3	1.1
ClimateId2	12345	07-03-2000	0.0	15.6	-4.1	15.6464	1.3	1.3
ClimateId2	12345	08-03-2000	0.0	16.0	-0.5	10.6651	1.4	1.5
ClimateId2	12345	09-03-2000	0.0	22.1	2.7	14.1511	2.8	2.2
ClimateId2	12345	10-03-2000	0.0	12.9	6.5	9.7646	2.5	1.9
ClimateId2	12345	11-03-2000	0.0	13.5	1.8	10.9101	2.2	1.6
ClimateId2	12345	12-03-2000	0.0	13.1	2.5	14.2352	2.4	1.7
ClimateId2	12345	13-03-2000	0.0	12.5	0.0	14.473	1.2	1.3
ClimateId2	12345	14-03-2000	0.1	12.1	-1.4	10.4915	1.4	1.2
ClimateId2	12345	15-03-2000	0.0	10.3	3.9	10.7461	3.1	2.1
ClimateId2	12345	16-03-2000	3.5	8.7	-3.7	9.7774	2.4	1.2
ClimateId2	12345	17-03-2000	6.3	4.0	-0.1	5.8488	1.8	0.9
ClimateId2	12345	18-03-2000	0.0	6.6	-3.7	15.5434	2.6	1.5
ClimateId2	12345	19-03-2000	0.0	5.7	-2.3	9.7815	1.5	1.2
ClimateId2	12345	20-03-2000	0.0	9.8	-1.0	14.5115	1.5	1.6
ClimateId2	12345	21-03-2000	0.0	10.7	-0.1	10.1388	1.1	1.3
ClimateId2	12345	22-03-2000	0.0	16.5	-1.5	18.0614	1.3	1.9
ClimateId2	12345	23-03-2000	0.0	18.9	-0.8	18.1546	1.4	2.1
ClimateId2	12345	24-03-2000	0.3	16.0	4.1	9.3609	1.1	1.7
ClimateId2	12345	25-03-2000	0.6	14.2	6.5	9.3832	1.2	1.5
ClimateId2	12345	26-03-2000	0.1	17.7	2.9	14.3683	2.1	2.0
ClimateId2	12345	27-03-2000	1.1	13.2	6.1	10.3064	2.1	1.7
ClimateId2	12345	28-03-2000	3.1	15.1	3.9	14.8333	2.2	2.2
ClimateId2	12345	29-03-2000	26.1	9.0	5.6	3.9166	1.7	0.9
ClimateId2	12345	30-03-2000	0.0	11.9	4.1	10.708	3.3	2.0
ClimateId2	12345	31-03-2000	0.0	15.0	3.5	13.5087	1.8	2.2
ClimateId2	12345	01-04-2000	11.4	11.1	1.1	11.0952	1.5	1.4
ClimateId2	12345	02-04-2000	0.0	15.4	2.9	17.1482	2.4	2.3
ClimateId2	12345	03-04-2000	0.0	14.3	6.5	9.9222	3.1	2.3
ClimateId2	12345	04-04-2000	0.0	17.5	8.0	11.9603	3.0	2.7
ClimateId2	12345	05-04-2000	0.1	15.4	7.5	8.8222	1.9	1.9
ClimateId2	12345	06-04-2000	0.0	11.6	6.4	13.8494	3.1	2.5
ClimateId2	12345	07-04-2000	0.0	11.8	0.1	15.9658	2.7	2.5
ClimateId2	12345	08-04-2000	0.0	12.3	3.0	15.6897	1.8	2.3
ClimateId2	12345	09-04-2000	0.0	12.7	0.9	13.8266	2.0	2.2
ClimateId2	12345	10-04-2000	5.6	14.7	2.4	13.5912	2.3	2.4
ClimateId2	12345	11-04-2000	0.0	15.8	6.9	14.3995	2.5	2.5
ClimateId2	12345	12-04-2000	2.9	17.9	8.5	16.5409	3.1	3.0
ClimateId2	12345	13-04-2000	0.4	17.1	5.5	15.6005	2.5	2.6
ClimateId2	12345	14-04-2000	0.0	19.7	9.5	14.9252	3.7	3.5
ClimateId2	12345	15-04-2000	2.5	21.3	9.0	16.472	3.3	3.6
ClimateId2	12345	16-04-2000	0.0	19.0	7.0	17.697	2.2	3.1
ClimateId2	12345	17-04-2000	0.0	23.8	8.7	18.508	2.4	3.7
ClimateId2	12345	18-04-2000	1.4	21.5	8.7	17.8969	2.5	3.3
ClimateId2	12345	19-04-2000	0.1	24.3	9.2	20.1212	1.9	3.7
ClimateId2	12345	20-04-2000	0.0	23.7	10.6	19.5167	2.1	3.7
ClimateId2	12345	21-04-2000	0.0	26.2	9.4	20.4579	1.4	3.7
ClimateId2	12345	22-04-2000	0.0	27.2	9.3	23.5591	1.3	4.1
ClimateId2	12345	23-04-2000	0.0	27.4	8.6	24.186	1.7	4.2
ClimateId2	12345	24-04-2000	2.9	25.5	10.1	20.2314	2.0	3.9
ClimateId2	12345	25-04-2000	0.1	20.6	11.8	15.9683	1.5	3.0
ClimateId2	12345	26-04-2000	0.0	22.6	12.1	19.1491	1.0	3.3
ClimateId2	12345	27-04-2000	0.0	23.8	9.1	20.4836	1.3	3.4
ClimateId2	12345	28-04-2000	0.0	23.9	11.1	19.1838	1.5	3.5
ClimateId2	12345	29-04-2000	12.6	21.2	12.5	11.5459	1.6	2.5
ClimateId2	12345	30-04-2000	2.0	23.2	10.9	15.8327	1.2	3.0
ClimateId2	12345	01-05-2000	6.4	22.2	12.0	15.9938	1.6	3.0
ClimateId2	12345	02-05-2000	0.4	23.2	12.4	16.2979	1.7	3.4
ClimateId2	12345	03-05-2000	0.0	20.1	7.1	22.9012	1.3	3.6
ClimateId2	12345	04-05-2000	5.9	21.1	6.8	20.8394	1.3	3.3
ClimateId2	12345	05-05-2000	0.0	20.1	11.9	15.3804	1.0	3.1
ClimateId2	12345	06-05-2000	0.0	23.3	6.7	25.0614	1.3	4.0
ClimateId2	12345	07-05-2000	0.0	25.6	9.2	23.0423	1.9	4.2
ClimateId2	12345	08-05-2000	0.2	21.4	12.4	15.2642	2.8	3.4
ClimateId2	12345	09-05-2000	0.0	24.6	13.8	18.2735	1.6	3.9
ClimateId2	12345	10-05-2000	0.0	28.0	10.7	25.9936	1.5	4.7
ClimateId2	12345	11-05-2000	0.1	29.1	12.8	22.9008	1.4	4.5
ClimateId2	12345	12-05-2000	5.3	24.2	14.1	14.9255	1.6	3.3
ClimateId2	12345	13-05-2000	0.0	17.1	11.0	14.0207	1.7	2.9
ClimateId2	12345	14-05-2000	0.0	23.0	5.7	27.2725	1.1	4.2
ClimateId2	12345	15-05-2000	0.0	25.2	7.7	27.2077	1.1	4.4
ClimateId2	12345	16-05-2000	0.0	27.0	9.2	24.8947	1.6	4.6
ClimateId2	12345	17-05-2000	0.0	28.5	10.6	26.737	1.7	5.0
ClimateId2	12345	18-05-2000	0.2	27.5	11.6	24.9433	2.3	5.1
ClimateId2	12345	19-05-2000	20.3	14.1	12.3	9.274	1.7	2.1
ClimateId2	12345	20-05-2000	6.2	11.0	6.2	11.4926	1.6	1.7
ClimateId2	12345	21-05-2000	1.1	19.4	3.0	27.6484	1.9	4.0
ClimateId2	12345	22-05-2000	13.9	15.4	7.8	17.6985	1.5	2.8
ClimateId2	12345	23-05-2000	0.0	20.0	5.6	24.3655	1.4	3.8
ClimateId2	12345	24-05-2000	0.0	23.3	6.4	26.808	1.3	4.2
ClimateId2	12345	25-05-2000	0.0	25.3	9.7	24.7833	1.7	4.5
ClimateId2	12345	26-05-2000	0.0	26.3	11.4	25.8285	1.6	4.8
ClimateId2	12345	27-05-2000	0.0	28.2	12.2	26.6944	2.4	5.5
ClimateId2	12345	28-05-2000	3.1	26.3	12.2	22.5316	2.0	4.7
ClimateId2	12345	29-05-2000	12.3	14.9	13.9	4.3215	1.6	1.6
ClimateId2	12345	30-05-2000	0.0	19.5	9.2	22.838	1.8	4.0
ClimateId2	12345	31-05-2000	1.9	20.3	11.0	16.5009	1.7	3.4
ClimateId2	12345	01-06-2000	0.1	20.9	7.7	26.196	1.3	4.2
ClimateId2	12345	02-06-2000	0.0	23.6	7.8	25.3167	1.5	4.4
ClimateId2	12345	03-06-2000	0.0	27.3	11.4	25.8962	1.4	4.9
ClimateId2	12345	04-06-2000	0.0	29.6	12.3	27.3063	1.5	5.4
ClimateId2	12345	05-06-2000	0.0	29.6	14.5	25.7354	1.6	5.3
ClimateId2	12345	06-06-2000	21.2	29.2	15.3	23.5695	2.4	5.3
ClimateId2	12345	07-06-2000	1.2	18.0	14.5	10.6408	1.5	2.6
ClimateId2	12345	08-06-2000	0.0	22.8	8.8	24.505	1.3	4.2
ClimateId2	12345	09-06-2000	0.0	27.6	10.7	28.7475	1.5	5.2
ClimateId2	12345	10-06-2000	0.0	30.1	14.7	27.9495	1.6	5.7
ClimateId2	12345	11-06-2000	0.0	30.8	14.9	26.5375	1.4	5.5
ClimateId2	12345	12-06-2000	8.1	32.1	17.7	22.3671	1.7	5.4
ClimateId2	12345	13-06-2000	0.0	32.0	18.0	23.1459	1.8	5.5
ClimateId2	12345	14-06-2000	0.0	32.1	18.3	24.4233	1.5	5.6
ClimateId2	12345	15-06-2000	15.3	28.0	17.5	19.0369	1.5	4.5
ClimateId2	12345	16-06-2000	0.0	23.8	14.0	21.6777	2.2	4.8
ClimateId2	12345	17-06-2000	0.0	20.7	9.8	24.3771	2.0	4.6
ClimateId2	12345	18-06-2000	0.0	24.2	6.6	29.3196	1.2	4.8
ClimateId2	12345	19-06-2000	0.0	27.5	9.1	29.7888	1.4	5.3
ClimateId2	12345	20-06-2000	0.0	30.6	12.1	29.583	1.4	5.7
ClimateId2	12345	21-06-2000	0.0	33.6	14.7	28.6671	1.2	6.0
ClimateId2	12345	22-06-2000	0.0	34.4	16.6	29.1126	1.5	6.4
ClimateId2	12345	23-06-2000	1.4	32.2	15.2	25.6113	2.0	5.8
ClimateId2	12345	24-06-2000	19.3	24.1	15.1	16.5532	1.6	3.9
ClimateId2	12345	25-06-2000	2.7	17.3	11.6	14.5961	1.7	2.8
ClimateId2	12345	26-06-2000	0.0	21.5	7.4	22.9864	1.5	3.9
ClimateId2	12345	27-06-2000	0.0	22.8	9.4	24.1536	1.5	4.3
ClimateId2	12345	28-06-2000	1.1	23.5	13.0	17.0388	1.3	3.7
ClimateId2	12345	29-06-2000	0.7	23.3	12.6	19.0013	1.0	3.9
ClimateId2	12345	30-06-2000	0.0	23.8	13.1	21.5144	1.5	4.3
ClimateId2	12345	01-07-2000	12.7	29.1	13.0	24.2841	1.5	5.0
ClimateId2	12345	02-07-2000	0.0	31.2	14.8	25.3431	1.8	5.5
ClimateId2	12345	03-07-2000	0.0	32.7	17.2	25.0707	2.2	6.0
ClimateId2	12345	04-07-2000	0.0	32.8	16.9	22.9608	2.5	5.9
ClimateId2	12345	05-07-2000	1.9	26.5	17.2	17.1501	1.6	4.3
ClimateId2	12345	06-07-2000	0.0	29.4	16.7	22.0264	1.3	5.0
ClimateId2	12345	07-07-2000	5.6	31.4	15.2	25.9309	1.8	5.7
ClimateId2	12345	08-07-2000	19.2	22.4	16.0	12.3003	1.6	3.0
ClimateId2	12345	09-07-2000	0.7	21.6	10.6	21.1219	1.8	4.0
ClimateId2	12345	10-07-2000	3.4	26.9	11.0	26.9908	3.2	5.5
ClimateId2	12345	11-07-2000	19.9	21.0	16.3	12.0802	2.0	3.0
ClimateId2	12345	12-07-2000	0.3	20.7	11.3	16.27	1.5	3.3
ClimateId2	12345	13-07-2000	0.0	20.3	10.2	18.505	1.4	3.7
ClimateId2	12345	14-07-2000	23.3	23.0	7.5	17.7494	1.8	3.4
ClimateId2	12345	15-07-2000	0.7	15.8	11.7	10.9828	1.7	2.2
ClimateId2	12345	16-07-2000	0.1	20.5	10.3	16.0291	2.4	3.6
ClimateId2	12345	17-07-2000	1.1	23.2	7.8	25.8385	1.8	4.5
ClimateId2	12345	18-07-2000	2.6	20.0	10.2	15.1824	1.5	2.9
ClimateId2	12345	19-07-2000	4.4	22.8	11.4	17.8817	1.8	3.6
ClimateId2	12345	20-07-2000	0.0	21.2	9.3	18.6611	1.5	3.4
ClimateId2	12345	21-07-2000	0.0	23.5	10.5	19.1688	1.5	3.7
ClimateId2	12345	22-07-2000	3.7	25.2	11.8	20.1134	1.6	3.9
ClimateId2	12345	23-07-2000	1.3	27.7	12.4	21.7376	1.5	4.3
ClimateId2	12345	24-07-2000	0.0	27.5	15.8	16.3309	3.1	4.4
ClimateId2	12345	25-07-2000	0.4	27.9	16.8	19.4289	2.6	4.8
ClimateId2	12345	26-07-2000	5.8	29.8	17.7	20.778	2.7	5.1
ClimateId2	12345	27-07-2000	0.0	28.3	14.5	24.2849	1.7	4.9
ClimateId2	12345	28-07-2000	22.6	24.0	14.1	13.1928	1.7	3.0
ClimateId2	12345	29-07-2000	0.0	24.2	11.4	21.8259	1.6	4.1
ClimateId2	12345	30-07-2000	0.0	24.0	12.5	16.3312	1.8	3.6
ClimateId2	12345	31-07-2000	0.0	24.4	12.0	20.7322	1.4	3.9
ClimateId2	12345	01-08-2000	0.0	27.0	10.8	25.3533	1.7	4.6
ClimateId2	12345	02-08-2000	0.0	30.1	13.4	25.9609	2.2	5.2
ClimateId2	12345	03-08-2000	0.0	28.2	17.3	19.5217	1.8	4.4
ClimateId2	12345	04-08-2000	1.6	25.5	16.6	16.363	2.0	3.8
ClimateId2	12345	05-08-2000	43.1	20.7	15.5	8.6142	1.7	2.1
ClimateId2	12345	06-08-2000	0.1	25.0	15.6	17.3628	1.8	3.6
ClimateId2	12345	07-08-2000	0.1	24.8	14.3	20.433	2.5	4.3
ClimateId2	12345	08-08-2000	0.0	24.7	12.7	19.767	1.5	3.8
ClimateId2	12345	09-08-2000	0.0	26.1	12.0	18.9836	1.4	3.6
ClimateId2	12345	10-08-2000	0.0	27.6	13.1	22.9024	1.4	4.3
ClimateId2	12345	11-08-2000	0.0	30.2	14.1	23.1118	1.6	4.6
ClimateId2	12345	12-08-2000	6.3	32.0	14.4	22.873	2.5	5.1
ClimateId2	12345	13-08-2000	0.0	29.1	14.6	19.7966	1.4	4.0
ClimateId2	12345	14-08-2000	0.0	30.2	15.8	20.6545	1.3	4.3
ClimateId2	12345	15-08-2000	0.0	30.7	15.7	22.5376	1.6	4.6
ClimateId2	12345	16-08-2000	0.0	32.3	15.2	23.3566	1.2	4.7
ClimateId2	12345	17-08-2000	0.0	33.2	16.0	23.0074	1.8	5.0
ClimateId2	12345	18-08-2000	0.0	33.3	17.3	23.1917	1.7	5.1
ClimateId2	12345	19-08-2000	0.0	36.0	16.5	24.2837	1.9	5.4
ClimateId2	12345	20-08-2000	0.0	36.2	15.7	24.4557	2.3	5.5
ClimateId2	12345	21-08-2000	0.0	35.4	16.3	23.6335	2.1	5.3
ClimateId2	12345	22-08-2000	0.0	30.0	19.3	20.5877	2.8	5.1
ClimateId2	12345	23-08-2000	0.0	29.1	15.1	21.5101	2.2	4.5
ClimateId2	12345	24-08-2000	0.0	27.9	14.5	19.1974	1.4	3.9
ClimateId2	12345	25-08-2000	0.0	29.6	13.6	18.49	2.1	4.1
ClimateId2	12345	26-08-2000	0.0	23.8	10.3	20.5936	1.8	3.6
ClimateId2	12345	27-08-2000	0.0	23.4	11.7	14.1532	1.3	3.0
ClimateId2	12345	28-08-2000	0.4	21.0	10.7	10.6421	1.6	2.2
ClimateId2	12345	29-08-2000	0.0	25.8	12.4	18.717	1.5	3.5
ClimateId2	12345	30-08-2000	0.1	28.7	10.4	19.788	1.7	3.7
ClimateId2	12345	31-08-2000	15.8	25.1	15.9	11.7136	1.7	2.8
ClimateId2	12345	01-09-2000	0.0	24.3	15.5	13.8198	2.1	3.1
ClimateId2	12345	02-09-2000	34.1	23.5	11.6	13.0451	1.9	2.6
ClimateId2	12345	03-09-2000	1.3	22.4	10.4	16.9794	1.6	2.8
ClimateId2	12345	04-09-2000	0.1	21.7	8.6	17.0073	1.7	2.8
ClimateId2	12345	05-09-2000	0.0	18.7	6.9	15.4186	2.3	2.6
ClimateId2	12345	06-09-2000	2.4	20.0	8.8	16.2909	1.2	2.5
ClimateId2	12345	07-09-2000	2.1	19.7	11.1	11.0233	1.5	2.2
ClimateId2	12345	08-09-2000	0.0	20.5	9.3	15.9811	1.6	2.5
ClimateId2	12345	09-09-2000	0.0	22.0	8.1	18.014	1.1	2.6
ClimateId2	12345	10-09-2000	0.0	22.8	6.4	19.4658	1.0	2.5
ClimateId2	12345	11-09-2000	0.0	24.7	7.2	18.0518	1.0	2.6
ClimateId2	12345	12-09-2000	0.0	26.0	9.7	18.8186	1.1	2.9
ClimateId2	12345	13-09-2000	0.2	27.1	10.1	17.0583	2.0	3.0
ClimateId2	12345	14-09-2000	0.7	26.6	14.7	15.9661	1.2	2.9
ClimateId2	12345	15-09-2000	0.1	22.6	13.0	11.7288	0.9	2.0
ClimateId2	12345	16-09-2000	18.9	25.7	13.1	12.8746	2.0	2.5
ClimateId2	12345	17-09-2000	0.0	20.6	9.9	10.4561	1.1	1.8
ClimateId2	12345	18-09-2000	0.0	19.6	12.0	10.0167	1.7	1.8
ClimateId2	12345	19-09-2000	0.0	16.8	12.2	6.4622	1.4	1.4
ClimateId2	12345	20-09-2000	1.7	23.9	10.1	12.6163	1.6	2.0
ClimateId2	12345	21-09-2000	5.4	19.8	14.2	7.6437	2.0	1.7
ClimateId2	12345	22-09-2000	0.0	18.4	12.3	8.7146	1.9	1.9
ClimateId2	12345	23-09-2000	0.0	16.7	10.2	9.8772	1.9	1.7
ClimateId2	12345	24-09-2000	0.0	17.0	10.7	8.9491	1.3	1.6
ClimateId2	12345	25-09-2000	0.0	18.9	8.8	10.7419	1.1	1.6
ClimateId2	12345	26-09-2000	0.0	20.5	8.1	13.5639	0.9	1.7
ClimateId2	12345	27-09-2000	0.0	20.7	8.4	12.8779	1.4	1.8
ClimateId2	12345	28-09-2000	0.0	20.3	7.2	11.9857	1.4	1.6
ClimateId2	12345	29-09-2000	0.0	22.5	9.2	14.2872	1.7	2.0
ClimateId2	12345	30-09-2000	10.4	21.6	8.2	12.0058	1.5	1.6
ClimateId2	12345	01-10-2000	18.1	17.6	14.2	4.0425	2.2	1.0
ClimateId2	12345	02-10-2000	24.6	19.8	14.1	8.7466	2.4	1.6
ClimateId2	12345	03-10-2000	6.7	15.4	14.0	2.7378	2.3	0.9
ClimateId2	12345	04-10-2000	0.1	20.5	13.3	8.4741	1.3	1.5
ClimateId2	12345	05-10-2000	0.0	20.7	10.0	10.832	1.4	1.4
ClimateId2	12345	06-10-2000	7.1	17.4	11.6	5.7235	2.1	1.3
ClimateId2	12345	07-10-2000	19.1	11.0	9.5	2.5938	2.7	0.9
ClimateId2	12345	08-10-2000	0.3	12.7	8.4	3.8969	2.0	1.0
ClimateId2	12345	09-10-2000	8.6	10.8	9.3	2.3844	1.3	0.7
ClimateId2	12345	10-10-2000	7.3	15.0	8.1	6.5573	2.1	1.0
ClimateId2	12345	11-10-2000	0.1	17.3	10.8	6.4193	3.1	1.4
ClimateId2	12345	12-10-2000	0.1	22.1	13.5	8.4645	3.3	2.1
ClimateId2	12345	13-10-2000	0.0	24.3	10.8	11.465	1.6	1.6
ClimateId2	12345	14-10-2000	0.1	23.4	10.4	10.2511	1.1	1.3
ClimateId2	12345	15-10-2000	0.1	19.9	9.6	10.2456	1.1	1.0
ClimateId2	12345	16-10-2000	0.0	21.0	10.5	9.6189	2.2	1.4
ClimateId2	12345	17-10-2000	8.5	20.8	9.7	9.8137	1.4	1.3
ClimateId2	12345	18-10-2000	0.8	17.6	11.3	6.159	1.3	1.0
ClimateId2	12345	19-10-2000	1.4	13.6	11.6	2.2328	1.2	0.7
ClimateId2	12345	20-10-2000	0.0	14.3	8.6	7.7588	1.3	1.0
ClimateId2	12345	21-10-2000	0.0	12.2	2.1	9.1189	1.1	0.6
ClimateId2	12345	22-10-2000	0.0	13.3	1.6	10.1023	1.0	0.6
ClimateId2	12345	23-10-2000	0.0	14.5	1.1	9.9109	1.2	0.6
ClimateId2	12345	24-10-2000	0.0	18.0	0.8	9.8687	0.8	0.6
ClimateId2	12345	25-10-2000	0.0	17.7	4.5	9.2816	1.2	0.7
ClimateId2	12345	26-10-2000	0.3	19.3	3.5	10.5894	1.3	0.7
ClimateId2	12345	27-10-2000	2.0	13.1	8.0	6.2929	1.7	0.7
ClimateId2	12345	28-10-2000	0.0	16.0	5.8	7.9537	1.6	0.8
ClimateId2	12345	29-10-2000	0.0	15.7	3.4	8.7322	1.3	0.6
ClimateId2	12345	30-10-2000	0.0	18.3	3.6	8.8342	2.9	0.7
ClimateId2	12345	31-10-2000	23.6	19.8	11.8	6.3178	3.5	1.6
ClimateId2	12345	01-11-2000	8.0	11.6	8.2	4.3408	1.8	0.7
ClimateId2	12345	02-11-2000	0.0	12.9	2.0	6.9001	1.7	0.4
ClimateId2	12345	03-11-2000	9.1	14.8	6.2	4.6883	3.3	0.7
ClimateId2	12345	04-11-2000	7.6	13.9	10.8	3.3419	1.9	0.9
ClimateId2	12345	05-11-2000	0.2	9.1	4.1	4.051	1.4	0.4
ClimateId2	12345	06-11-2000	13.6	11.4	4.5	4.4227	3.2	0.5
ClimateId2	12345	07-11-2000	0.5	12.9	9.3	4.2914	3.1	0.9
ClimateId2	12345	08-11-2000	0.0	14.3	6.7	6.9505	3.5	0.9
ClimateId2	12345	09-11-2000	0.0	14.3	4.6	7.8363	2.5	0.6
ClimateId2	12345	10-11-2000	0.4	12.7	4.0	6.3002	1.4	0.4
ClimateId2	12345	11-11-2000	0.0	12.5	1.2	8.0438	1.2	0.2
ClimateId2	12345	12-11-2000	0.0	11.3	-1.1	7.3462	3.2	0.3
ClimateId2	12345	13-11-2000	0.3	16.9	6.7	6.6456	4.7	0.8
ClimateId2	12345	14-11-2000	0.1	20.5	11.4	5.1211	4.0	1.5
ClimateId2	12345	15-11-2000	4.0	14.5	13.1	2.4112	2.1	1.0
ClimateId2	12345	16-11-2000	5.9	9.8	8.1	1.6977	1.5	0.5
ClimateId2	12345	17-11-2000	11.1	8.4	4.6	1.8583	1.1	0.3
ClimateId2	12345	18-11-2000	12.0	8.0	7.0	1.4694	1.8	0.6
ClimateId2	12345	19-11-2000	5.9	6.0	1.3	2.8891	0.9	0.2
ClimateId2	12345	20-11-2000	0.1	8.9	4.0	3.6373	1.1	0.2
ClimateId2	12345	21-11-2000	2.7	12.8	4.9	3.6497	1.5	0.3
ClimateId2	12345	22-11-2000	0.0	12.0	4.6	4.2464	1.5	0.2
ClimateId2	12345	23-11-2000	0.0	12.1	2.8	4.7869	2.9	0.3
ClimateId2	12345	24-11-2000	5.1	14.2	6.7	3.7118	1.9	0.6
ClimateId2	12345	25-11-2000	9.4	8.3	7.0	1.085	1.3	0.4
ClimateId2	12345	26-11-2000	0.1	9.9	6.6	3.3814	1.2	0.3
ClimateId2	12345	27-11-2000	0.0	11.1	1.8	5.3345	1.3	0.2
ClimateId2	12345	28-11-2000	0.1	7.9	-1.8	4.4504	1.1	0.1
ClimateId2	12345	29-11-2000	0.0	10.6	-0.7	5.7057	1.2	0.0
ClimateId2	12345	30-11-2000	0.0	3.7	-1.9	2.9675	0.9	0.1
ClimateId2	12345	01-12-2000	0.0	0.5	-1.5	1.3946	0.8	0.2
ClimateId2	12345	02-12-2000	0.0	1.2	-0.1	0.9629	1.0	0.3
ClimateId2	12345	03-12-2000	0.0	3.5	0.4	1.3694	1.3	0.2
ClimateId2	12345	04-12-2000	0.0	4.5	2.7	1.1566	0.9	0.3
ClimateId2	12345	05-12-2000	0.1	4.1	3.3	0.8659	1.0	0.4
ClimateId2	12345	06-12-2000	0.5	3.6	2.5	0.9603	1.8	0.3
ClimateId2	12345	07-12-2000	0.0	3.4	2.3	0.9086	2.0	0.3
ClimateId2	12345	08-12-2000	0.0	13.7	2.4	3.2956	3.6	0.2
ClimateId2	12345	09-12-2000	1.9	10.7	7.4	2.1933	1.7	0.6
ClimateId2	12345	10-12-2000	0.0	10.0	5.3	3.0151	1.0	0.2
ClimateId2	12345	11-12-2000	0.0	11.1	3.8	4.322	1.4	0.1
ClimateId2	12345	12-12-2000	0.0	12.4	0.5	4.3785	0.9	0.1
ClimateId2	12345	13-12-2000	0.0	10.3	1.2	3.3216	1.0	0.2
ClimateId2	12345	14-12-2000	0.0	7.3	0.0	3.2287	1.1	0.1
ClimateId2	12345	15-12-2000	20.7	5.6	1.5	1.6491	1.4	0.3
ClimateId2	12345	16-12-2000	0.0	8.7	0.5	4.653	1.6	0.1
ClimateId2	12345	17-12-2000	0.0	6.0	-3.2	4.2653	1.0	0.0
ClimateId2	12345	18-12-2000	0.0	4.9	-1.9	3.7273	0.9	0.1
ClimateId2	12345	19-12-2000	0.9	3.7	-1.6	2.3242	1.0	0.2
ClimateId2	12345	20-12-2000	0.0	2.7	-2.0	4.2883	1.6	0.1
ClimateId2	12345	21-12-2000	0.0	-1.6	-4.5	1.5541	1.5	0.3
ClimateId2	12345	22-12-2000	0.0	-2.5	-4.1	1.2741	1.5	0.6
ClimateId2	12345	23-12-2000	0.0	-1.1	-8.5	5.3635	1.8	0.0
ClimateId2	12345	24-12-2000	0.0	1.3	-10.5	4.9671	1.7	0.0
ClimateId2	12345	25-12-2000	2.4	8.1	-3.2	3.3536	3.0	0.1
ClimateId2	12345	26-12-2000	4.6	4.0	1.1	1.4588	1.3	0.3
ClimateId2	12345	27-12-2000	19.1	4.1	0.4	2.0788	1.6	0.2
ClimateId2	12345	28-12-2000	1.0	6.1	2.0	2.0417	0.8	0.2
ClimateId2	12345	29-12-2000	15.1	2.9	2.0	0.8112	1.4	0.4
ClimateId2	12345	30-12-2000	0.1	4.3	-0.2	3.6681	1.4	0.2
ClimateId2	12345	31-12-2000	0.0	1.1	-5.6	4.1681	0.9	0.0
ClimateId2	12345	01-01-2001	0.0	0.3	-8.0	4.968	1.4	0.0
ClimateId2	12345	02-01-2001	0.0	0.9	-4.9	3.0719	1.6	0.1
ClimateId2	12345	03-01-2001	0.7	3.3	-2.0	2.4047	1.4	0.2
ClimateId2	12345	04-01-2001	0.0	4.9	-2.8	3.0948	1.8	0.1
ClimateId2	12345	05-01-2001	0.0	8.3	-0.1	4.3933	2.7	0.1
ClimateId2	12345	06-01-2001	0.6	14.0	4.7	3.5664	4.6	0.7
ClimateId2	12345	07-01-2001	0.6	12.6	7.9	3.0182	2.3	0.8
ClimateId2	12345	08-01-2001	16.9	5.4	4.8	0.7705	2.0	0.6
ClimateId2	12345	09-01-2001	0.0	8.2	2.6	4.5	2.4	0.6
ClimateId2	12345	10-01-2001	0.0	8.7	-2.8	4.7648	1.2	0.2
ClimateId2	12345	11-01-2001	0.0	7.1	-1.8	3.4609	1.4	0.3
ClimateId2	12345	12-01-2001	0.0	3.5	1.1	3.0967	1.7	0.5
ClimateId2	12345	13-01-2001	0.0	0.1	-2.9	3.324	2.2	0.6
ClimateId2	12345	14-01-2001	0.0	-0.3	-6.2	5.039	1.9	0.2
ClimateId2	12345	15-01-2001	0.0	-0.5	-8.3	5.8887	1.6	0.1
ClimateId2	12345	16-01-2001	0.1	-3.0	-8.5	2.2677	1.0	0.2
ClimateId2	12345	17-01-2001	0.0	-0.7	-5.6	4.1374	1.2	0.1
ClimateId2	12345	18-01-2001	0.1	0.4	-4.9	2.8917	0.8	0.2
ClimateId2	12345	19-01-2001	0.0	1.2	-4.1	2.9297	1.0	0.2
ClimateId2	12345	20-01-2001	0.0	-0.2	-5.1	3.2731	1.2	0.4
ClimateId2	12345	21-01-2001	1.5	-0.8	-2.1	1.1721	1.0	0.4
ClimateId2	12345	22-01-2001	0.0	-0.8	-2.8	1.4617	1.5	0.4
ClimateId2	12345	23-01-2001	0.0	1.3	-1.8	2.2383	1.1	0.3
ClimateId2	12345	24-01-2001	5.0	2.8	-0.7	1.8278	1.7	0.3
ClimateId2	12345	25-01-2001	24.7	3.3	1.8	1.3946	1.3	0.4
ClimateId2	12345	26-01-2001	0.3	4.9	2.0	1.7359	1.5	0.3
ClimateId2	12345	27-01-2001	5.3	9.2	2.0	4.1704	2.9	0.6
ClimateId2	12345	28-01-2001	0.4	4.8	0.6	3.1135	1.2	0.4
ClimateId2	12345	29-01-2001	0.4	3.7	0.1	2.389	2.0	0.5
ClimateId2	12345	30-01-2001	2.9	2.6	1.3	1.5499	4.8	1.0
ClimateId2	12345	31-01-2001	0.0	4.9	1.5	4.3993	5.5	1.8
ClimateId2	12345	01-02-2001	0.6	4.6	-1.4	5.1841	4.5	0.5
ClimateId2	12345	02-02-2001	0.0	3.6	-4.3	6.4568	1.8	0.5
ClimateId2	12345	03-02-2001	0.0	3.1	-6.1	6.1423	1.4	0.4
ClimateId2	12345	04-02-2001	0.0	9.9	-3.1	5.8859	2.3	0.6
ClimateId2	12345	05-02-2001	0.0	14.0	1.9	7.6638	3.0	0.8
ClimateId2	12345	06-02-2001	0.0	13.4	0.5	7.2874	2.7	0.8
ClimateId2	12345	07-02-2001	0.0	14.2	5.0	5.1681	4.6	1.5
ClimateId2	12345	08-02-2001	0.0	15.6	9.9	6.1894	5.0	2.2
ClimateId2	12345	09-02-2001	4.4	12.2	5.4	5.9019	2.4	0.9
ClimateId2	12345	10-02-2001	0.0	10.8	3.7	6.4014	2.0	0.8
ClimateId2	12345	11-02-2001	0.0	9.9	-2.8	10.1681	1.0	0.4
ClimateId2	12345	12-02-2001	0.0	12.3	-3.5	9.6407	1.7	0.6
ClimateId2	12345	13-02-2001	0.0	11.4	-0.6	5.8888	1.7	0.7
ClimateId2	12345	14-02-2001	0.0	9.9	-0.6	10.1532	1.7	0.7
ClimateId2	12345	15-02-2001	0.0	10.0	-3.5	10.3399	1.1	0.5
ClimateId2	12345	16-02-2001	0.0	12.9	-3.4	11.5265	1.1	0.6
ClimateId2	12345	17-02-2001	0.0	12.0	-3.0	9.6399	1.4	0.6
ClimateId2	12345	18-02-2001	0.0	12.6	-2.4	10.7985	2.8	1.1
ClimateId2	12345	19-02-2001	0.0	8.8	-0.1	8.0963	2.2	1.2
ClimateId2	12345	20-02-2001	0.0	8.7	-2.1	8.4403	2.3	1.1
ClimateId2	12345	21-02-2001	0.0	11.5	-3.0	8.5845	2.0	1.1
ClimateId2	12345	22-02-2001	0.0	11.4	-1.6	11.5955	3.2	1.2
ClimateId2	12345	23-02-2001	1.4	6.6	-3.2	8.4164	1.8	0.7
ClimateId2	12345	24-02-2001	0.1	2.2	-2.5	4.7188	1.5	0.7
ClimateId2	12345	25-02-2001	0.0	2.8	-3.8	7.5416	1.5	0.9
ClimateId2	12345	26-02-2001	0.0	2.6	-2.8	5.4832	2.5	1.2
ClimateId2	12345	27-02-2001	0.0	5.6	-7.1	12.536	2.0	0.9
ClimateId2	12345	28-02-2001	3.0	3.4	-4.4	7.5013	2.0	0.8
ClimateId2	12345	01-03-2001	0.0	6.3	-1.9	9.4762	1.4	0.8
ClimateId2	12345	02-03-2001	4.2	9.0	-3.3	10.1916	2.0	0.9
ClimateId2	12345	03-03-2001	0.0	12.3	2.2	6.6604	2.6	0.9
ClimateId2	12345	04-03-2001	0.1	17.5	6.4	8.565	3.8	1.8
ClimateId2	12345	05-03-2001	4.1	12.1	7.7	5.5784	2.3	1.4
ClimateId2	12345	06-03-2001	0.0	5.8	0.6	5.8846	1.5	1.0
ClimateId2	12345	07-03-2001	0.0	7.8	-0.1	7.8041	1.5	1.0
ClimateId2	12345	08-03-2001	0.0	12.3	0.4	8.9724	3.4	1.4
ClimateId2	12345	09-03-2001	0.1	16.4	6.6	9.1071	3.2	1.9
ClimateId2	12345	10-03-2001	0.0	15.7	4.6	10.9335	2.4	1.6
ClimateId2	12345	11-03-2001	0.0	19.0	2.8	13.8609	2.2	1.8
ClimateId2	12345	12-03-2001	0.0	19.2	4.4	14.5013	3.1	2.0
ClimateId2	12345	13-03-2001	14.1	11.6	9.9	4.2869	2.5	1.4
ClimateId2	12345	14-03-2001	0.1	13.3	0.2	10.4239	1.4	1.3
ClimateId2	12345	15-03-2001	0.0	15.4	0.3	13.724	2.1	1.5
ClimateId2	12345	16-03-2001	0.0	17.9	-0.1	12.7905	3.0	1.5
ClimateId2	12345	17-03-2001	0.0	16.7	7.5	10.8303	4.3	2.4
ClimateId2	12345	18-03-2001	0.0	18.8	6.1	14.502	3.1	2.4
ClimateId2	12345	19-03-2001	5.5	15.6	9.6	7.9707	3.1	2.2
ClimateId2	12345	20-03-2001	0.0	9.4	3.5	8.8488	2.1	1.2
ClimateId2	12345	21-03-2001	0.1	4.8	3.1	3.8308	1.6	0.7
ClimateId2	12345	22-03-2001	1.0	7.3	3.7	4.9049	1.4	0.8
ClimateId2	12345	23-03-2001	0.0	16.4	2.7	13.2661	2.1	1.7
ClimateId2	12345	24-03-2001	0.0	20.3	4.5	14.4508	2.2	2.1
ClimateId2	12345	25-03-2001	14.7	20.9	8.4	14.3232	3.2	2.7
ClimateId2	12345	26-03-2001	23.4	17.0	5.7	13.4867	2.3	2.0
ClimateId2	12345	27-03-2001	2.0	2.9	0.1	3.9838	1.9	0.8
ClimateId2	12345	28-03-2001	0.4	4.9	0.3	4.9089	1.5	0.9
ClimateId2	12345	29-03-2001	0.1	7.7	2.4	6.0847	1.8	1.0
ClimateId2	12345	30-03-2001	2.0	8.8	4.7	4.8012	2.0	1.0
ClimateId2	12345	31-03-2001	0.0	12.7	6.9	7.5746	2.0	1.6
ClimateId2	12345	01-04-2001	0.0	15.6	4.8	16.0751	1.2	2.1
ClimateId2	12345	02-04-2001	0.0	17.3	1.2	19.0432	1.8	2.4
ClimateId2	12345	03-04-2001	0.0	19.6	1.6	18.3202	1.4	2.4
ClimateId2	12345	04-04-2001	1.4	20.5	4.2	17.7321	2.9	3.0
ClimateId2	12345	05-04-2001	2.3	11.4	7.2	6.9623	2.8	2.0
ClimateId2	12345	06-04-2001	0.0	16.0	1.5	16.4203	1.7	2.3
ClimateId2	12345	07-04-2001	11.1	16.0	5.0	12.0176	2.7	2.3
ClimateId2	12345	08-04-2001	8.4	9.2	8.0	5.6377	1.9	1.2
ClimateId2	12345	09-04-2001	0.0	13.3	3.5	13.693	3.0	2.3
ClimateId2	12345	10-04-2001	2.7	14.6	3.4	13.8507	1.5	2.3
ClimateId2	12345	11-04-2001	16.6	9.6	5.3	5.5828	2.0	1.0
ClimateId2	12345	12-04-2001	0.4	14.0	7.4	10.1289	2.4	2.1
ClimateId2	12345	13-04-2001	0.1	9.2	2.0	16.5575	3.9	2.8
ClimateId2	12345	14-04-2001	0.3	7.3	-2.8	17.7971	3.0	2.2
ClimateId2	12345	15-04-2001	0.0	10.7	-3.7	18.9663	2.3	2.3
ClimateId2	12345	16-04-2001	2.2	12.7	-1.8	13.5624	1.7	1.7
ClimateId2	12345	17-04-2001	0.7	12.6	4.7	10.7949	2.2	2.2
ClimateId2	12345	18-04-2001	0.3	13.9	-0.8	18.7088	2.5	2.5
ClimateId2	12345	19-04-2001	7.9	13.4	3.9	11.7026	2.4	2.0
ClimateId2	12345	20-04-2001	1.5	8.5	3.7	6.0996	1.6	1.1
ClimateId2	12345	21-04-2001	5.9	10.0	6.3	8.0883	1.5	1.4
ClimateId2	12345	22-04-2001	0.3	12.1	5.1	9.3823	2.4	2.1
ClimateId2	12345	23-04-2001	0.0	17.1	3.8	20.2314	1.7	3.0
ClimateId2	12345	24-04-2001	0.0	20.0	2.6	23.7586	1.7	3.4
ClimateId2	12345	25-04-2001	0.4	22.4	3.7	21.5671	3.0	3.6
ClimateId2	12345	26-04-2001	6.1	11.6	9.5	7.2478	2.2	1.8
ClimateId2	12345	27-04-2001	0.0	18.0	2.0	22.5755	2.0	3.2
ClimateId2	12345	28-04-2001	0.0	21.4	3.9	21.6757	1.5	3.3
ClimateId2	12345	29-04-2001	0.0	23.4	5.7	24.1458	1.6	3.8
ClimateId2	12345	30-04-2001	0.0	25.2	8.0	23.0272	1.9	3.9
ClimateId2	12345	01-05-2001	0.0	27.0	10.7	24.5184	2.2	4.5
ClimateId2	12345	02-05-2001	0.0	26.8	10.4	24.4758	1.8	4.4
ClimateId2	12345	03-05-2001	0.0	25.8	9.6	24.0849	1.5	4.2
ClimateId2	12345	04-05-2001	0.7	25.5	9.8	22.1179	1.6	4.0
ClimateId2	12345	05-05-2001	8.1	23.5	9.7	19.1231	1.5	3.4
ClimateId2	12345	06-05-2001	8.4	19.6	12.5	11.9969	2.7	2.7
ClimateId2	12345	07-05-2001	2.2	18.1	10.8	13.896	2.8	2.8
ClimateId2	12345	08-05-2001	12.5	18.1	11.8	12.8804	2.8	2.7
ClimateId2	12345	09-05-2001	18.0	20.5	11.7	17.5688	1.9	3.2
ClimateId2	12345	10-05-2001	0.0	21.3	8.9	22.7031	1.7	3.9
ClimateId2	12345	11-05-2001	0.7	21.7	8.1	19.6346	2.4	3.6
ClimateId2	12345	12-05-2001	0.0	19.0	9.8	22.8589	3.6	4.6
ClimateId2	12345	13-05-2001	0.0	18.6	7.1	23.574	2.0	3.9
ClimateId2	12345	14-05-2001	0.0	20.6	5.9	24.9203	2.6	4.2
ClimateId2	12345	15-05-2001	0.0	22.3	7.9	21.2845	3.2	4.1
ClimateId2	12345	16-05-2001	0.0	24.9	11.2	22.9014	3.3	4.8
ClimateId2	12345	17-05-2001	0.2	25.5	13.1	23.5463	4.5	5.4
ClimateId2	12345	18-05-2001	2.8	25.7	15.0	19.798	3.1	4.8
ClimateId2	12345	19-05-2001	0.0	20.1	8.9	21.8681	1.4	3.8
ClimateId2	12345	20-05-2001	0.0	21.0	6.8	22.8208	1.3	3.7
ClimateId2	12345	21-05-2001	0.1	19.7	8.3	12.8119	1.1	2.5
ClimateId2	12345	22-05-2001	0.2	21.4	10.1	17.2213	1.7	3.3
ClimateId2	12345	23-05-2001	0.0	21.1	12.3	21.3055	1.7	4.2
ClimateId2	12345	24-05-2001	0.0	24.0	7.1	27.967	1.4	4.6
ClimateId2	12345	25-05-2001	0.0	24.6	7.9	21.4319	1.7	4.1
ClimateId2	12345	26-05-2001	0.0	24.6	12.8	24.7582	2.1	5.0
ClimateId2	12345	27-05-2001	0.0	27.8	9.5	24.6937	1.3	4.7
ClimateId2	12345	28-05-2001	0.0	29.8	15.6	18.8219	1.4	4.5
ClimateId2	12345	29-05-2001	0.0	30.9	16.7	23.6704	2.0	5.5
ClimateId2	12345	30-05-2001	0.2	27.0	15.8	23.9069	2.2	5.2
ClimateId2	12345	31-05-2001	10.2	22.7	14.1	16.3808	1.8	3.4
ClimateId2	12345	01-06-2001	0.6	19.8	13.5	19.4418	2.9	4.4
ClimateId2	12345	02-06-2001	0.0	20.4	5.1	22.9398	2.6	4.1
ClimateId2	12345	03-06-2001	17.4	19.9	9.3	17.0061	2.7	3.7
ClimateId2	12345	04-06-2001	0.0	16.9	6.6	19.0333	3.2	3.8
ClimateId2	12345	05-06-2001	0.0	20.6	6.1	26.1221	1.8	4.3
ClimateId2	12345	06-06-2001	15.9	22.7	7.4	19.882	2.1	3.7
ClimateId2	12345	07-06-2001	0.0	23.2	11.3	22.5671	1.8	4.3
ClimateId2	12345	08-06-2001	0.0	26.1	10.2	24.9546	2.6	4.9
ClimateId2	12345	09-06-2001	0.0	24.1	13.6	16.541	1.6	3.7
ClimateId2	12345	10-06-2001	0.0	25.6	13.8	20.716	2.6	4.5
ClimateId2	12345	11-06-2001	21.2	15.4	14.1	5.3787	2.1	1.9
ClimateId2	12345	12-06-2001	0.0	19.9	5.4	26.9669	1.8	4.2
ClimateId2	12345	13-06-2001	0.0	22.4	8.0	25.2725	1.7	4.3
ClimateId2	12345	14-06-2001	0.4	21.3	10.4	15.1826	1.6	3.1
ClimateId2	12345	15-06-2001	0.0	26.0	9.6	27.5424	1.9	5.0
ClimateId2	12345	16-06-2001	6.0	26.7	12.8	23.6151	2.2	4.9
ClimateId2	12345	17-06-2001	10.4	18.2	14.8	11.254	1.7	2.5
ClimateId2	12345	18-06-2001	0.1	21.6	13.2	15.1055	2.6	3.7
ClimateId2	12345	19-06-2001	0.0	19.7	14.5	14.4773	5.4	4.9
ClimateId2	12345	20-06-2001	0.1	20.1	14.7	13.9098	5.3	4.9
ClimateId2	12345	21-06-2001	0.0	26.1	12.9	25.4714	1.9	5.2
ClimateId2	12345	22-06-2001	10.5	25.8	14.6	17.6751	1.8	4.1
ClimateId2	12345	23-06-2001	0.0	23.3	11.9	24.6819	1.8	4.6
ClimateId2	12345	24-06-2001	0.0	26.9	10.1	28.8244	1.6	5.2
ClimateId2	12345	25-06-2001	0.0	26.9	11.8	26.8574	1.6	5.1
ClimateId2	12345	26-06-2001	0.0	27.5	13.1	27.1172	1.6	5.3
ClimateId2	12345	27-06-2001	0.0	29.7	13.3	27.496	1.7	5.5
ClimateId2	12345	28-06-2001	17.9	29.0	15.8	20.3775	1.8	4.5
ClimateId2	12345	29-06-2001	2.6	26.1	17.6	15.1669	1.6	3.7
ClimateId2	12345	30-06-2001	5.9	27.7	14.3	24.2409	1.5	4.9
ClimateId2	12345	01-07-2001	0.7	23.2	15.9	14.3568	2.2	3.6
ClimateId2	12345	02-07-2001	0.0	24.9	13.4	22.7277	2.7	5.0
ClimateId2	12345	03-07-2001	0.0	22.7	14.4	20.5439	2.1	4.5
ClimateId2	12345	04-07-2001	0.0	21.0	11.7	17.0934	1.2	3.2
ClimateId2	12345	05-07-2001	0.0	23.4	13.3	17.292	1.2	3.5
ClimateId2	12345	06-07-2001	0.0	26.8	15.9	16.0085	1.7	3.7
ClimateId2	12345	07-07-2001	0.0	32.0	18.3	25.6385	3.6	6.6
ClimateId2	12345	08-07-2001	8.8	28.1	15.8	24.2866	2.0	5.4
ClimateId2	12345	09-07-2001	0.2	23.7	15.6	16.9646	1.6	3.6
ClimateId2	12345	10-07-2001	4.1	26.5	12.9	21.4379	1.7	4.3
ClimateId2	12345	11-07-2001	1.9	30.1	13.7	26.4542	2.3	5.6
ClimateId2	12345	12-07-2001	0.1	22.3	15.9	13.8868	1.5	3.3
ClimateId2	12345	13-07-2001	0.4	26.9	11.3	24.9352	1.7	4.6
ClimateId2	12345	14-07-2001	0.0	30.1	15.4	26.5409	1.9	5.5
ClimateId2	12345	15-07-2001	0.0	33.3	17.6	27.1948	2.4	6.3
ClimateId2	12345	16-07-2001	4.5	31.6	19.3	21.4475	2.0	5.4
ClimateId2	12345	17-07-2001	7.4	21.3	14.2	14.0352	1.7	3.0
ClimateId2	12345	18-07-2001	0.3	27.0	10.7	24.6191	1.7	4.5
ClimateId2	12345	19-07-2001	0.4	27.6	16.0	21.2166	2.2	4.7
ClimateId2	12345	20-07-2001	10.9	22.4	16.1	12.6235	2.0	3.0
ClimateId2	12345	21-07-2001	0.1	19.9	13.8	11.9952	1.9	2.8
ClimateId2	12345	22-07-2001	0.0	24.5	13.5	16.0062	2.9	4.1
ClimateId2	12345	23-07-2001	0.6	23.2	16.7	13.4737	1.7	3.3
ClimateId2	12345	24-07-2001	2.8	26.0	15.7	20.1766	0.9	4.2
ClimateId2	12345	25-07-2001	0.4	25.3	14.1	20.2135	2.3	4.2
ClimateId2	12345	26-07-2001	0.1	29.3	16.7	20.8731	1.9	4.8
ClimateId2	12345	27-07-2001	0.0	30.5	14.8	24.8393	1.7	5.2
ClimateId2	12345	28-07-2001	0.0	30.8	15.2	24.5668	1.6	5.2
ClimateId2	12345	29-07-2001	6.3	30.9	16.4	23.7937	1.7	5.2
ClimateId2	12345	30-07-2001	2.3	27.8	17.1	20.2889	1.8	4.5
ClimateId2	12345	31-07-2001	0.0	31.0	14.8	25.9184	1.5	5.3
ClimateId2	12345	01-08-2001	0.0	32.6	15.9	24.066	1.9	5.4
ClimateId2	12345	02-08-2001	0.0	30.8	17.5	22.9331	2.0	5.2
ClimateId2	12345	03-08-2001	0.0	33.6	18.2	24.3258	2.1	5.7
ClimateId2	12345	04-08-2001	1.3	34.0	19.5	22.3479	2.6	5.8
ClimateId2	12345	05-08-2001	0.6	24.6	17.8	14.763	2.7	4.0
ClimateId2	12345	06-08-2001	0.0	25.4	15.6	16.0623	1.3	3.7
ClimateId2	12345	07-08-2001	0.0	30.1	12.1	25.0447	1.6	4.9
ClimateId2	12345	08-08-2001	0.0	31.9	13.8	23.7468	2.5	5.2
ClimateId2	12345	09-08-2001	0.0	30.4	15.4	20.7607	1.5	4.4
ClimateId2	12345	10-08-2001	7.7	29.0	16.2	18.9022	3.1	4.6
ClimateId2	12345	11-08-2001	1.1	19.2	13.2	11.7127	2.4	2.8
ClimateId2	12345	12-08-2001	0.0	23.2	9.0	23.4855	2.1	4.0
ClimateId2	12345	13-08-2001	0.0	26.9	9.0	23.118	1.3	4.0
ClimateId2	12345	14-08-2001	0.0	29.5	12.4	24.1145	1.3	4.5
ClimateId2	12345	15-08-2001	0.0	30.2	14.5	22.7743	1.5	4.5
ClimateId2	12345	16-08-2001	0.0	31.2	15.4	23.6671	1.3	4.7
ClimateId2	12345	17-08-2001	0.0	30.8	16.3	20.6617	1.5	4.5
ClimateId2	12345	18-08-2001	0.0	31.1	15.2	21.3011	1.3	4.4
ClimateId2	12345	19-08-2001	0.0	32.2	15.4	21.4894	2.0	4.7
ClimateId2	12345	20-08-2001	2.5	32.3	15.7	21.8219	2.1	4.8
ClimateId2	12345	21-08-2001	6.7	27.6	16.9	17.7954	1.6	3.9
ClimateId2	12345	22-08-2001	0.2	26.6	14.9	14.8276	1.7	3.2
ClimateId2	12345	23-08-2001	5.2	26.8	15.6	16.8617	1.6	3.5
ClimateId2	12345	24-08-2001	0.0	27.3	14.8	17.7605	1.5	3.5
ClimateId2	12345	25-08-2001	0.0	29.6	15.1	20.4503	1.2	4.0
ClimateId2	12345	26-08-2001	0.0	32.1	15.3	21.7759	1.2	4.3
ClimateId2	12345	27-08-2001	0.5	32.9	15.3	19.8201	1.8	4.4
ClimateId2	12345	28-08-2001	0.0	22.1	16.9	12.1243	2.2	3.2
ClimateId2	12345	29-08-2001	0.0	26.7	10.6	20.6719	1.8	3.8
ClimateId2	12345	30-08-2001	0.1	23.7	9.1	18.4955	1.7	3.2
ClimateId2	12345	31-08-2001	8.1	17.1	12.1	6.6403	1.2	1.5
ClimateId2	12345	01-09-2001	0.3	21.5	12.0	11.752	1.2	2.3
ClimateId2	12345	02-09-2001	0.0	21.4	12.0	10.9935	1.5	2.5
ClimateId2	12345	03-09-2001	0.0	24.2	8.8	20.3496	1.8	3.3
ClimateId2	12345	04-09-2001	25.0	25.3	9.4	14.9879	2.0	2.8
ClimateId2	12345	05-09-2001	3.7	14.5	12.4	5.2914	2.8	1.5
ClimateId2	12345	06-09-2001	1.8	15.3	11.6	6.1739	2.7	1.9
ClimateId2	12345	07-09-2001	0.2	20.3	8.8	12.7509	1.6	2.3
ClimateId2	12345	08-09-2001	18.0	20.5	9.9	10.9437	1.4	1.9
ClimateId2	12345	09-09-2001	3.4	14.3	9.9	11.6439	2.9	2.0
ClimateId2	12345	10-09-2001	0.0	17.9	4.1	14.2967	1.5	2.1
ClimateId2	12345	11-09-2001	0.0	17.9	8.6	10.226	1.4	2.1
ClimateId2	12345	12-09-2001	0.1	19.2	7.2	12.8809	2.0	2.3
ClimateId2	12345	13-09-2001	0.0	21.7	7.9	14.8759	2.7	2.6
ClimateId2	12345	14-09-2001	35.8	19.8	13.7	7.0002	3.1	2.3
ClimateId2	12345	15-09-2001	0.3	14.0	9.4	6.515	1.6	1.3
ClimateId2	12345	16-09-2001	13.6	16.0	6.9	8.5714	1.6	1.4
ClimateId2	12345	17-09-2001	4.1	12.1	8.7	5.0782	1.8	1.1
ClimateId2	12345	18-09-2001	6.2	17.2	8.3	11.325	1.7	1.9
ClimateId2	12345	19-09-2001	0.1	17.7	5.0	13.0234	2.0	1.8
ClimateId2	12345	20-09-2001	0.0	21.3	7.3	17.6531	2.8	2.6
ClimateId2	12345	21-09-2001	0.0	20.2	7.2	14.9543	1.4	2.0
ClimateId2	12345	22-09-2001	1.6	18.9	8.0	10.2741	1.1	1.5
ClimateId2	12345	23-09-2001	14.9	14.6	11.6	3.9875	1.0	0.9
ClimateId2	12345	24-09-2001	8.4	22.6	13.1	10.8741	2.2	2.1
ClimateId2	12345	25-09-2001	28.8	16.0	14.0	3.264	1.1	1.0
ClimateId2	12345	26-09-2001	0.4	16.4	11.4	7.703	1.5	1.5
ClimateId2	12345	27-09-2001	0.0	19.7	5.0	15.3732	1.2	1.7
ClimateId2	12345	28-09-2001	0.0	22.8	5.8	15.8277	1.2	1.9
ClimateId2	12345	29-09-2001	0.7	20.8	7.1	12.0108	1.2	1.6
ClimateId2	12345	30-09-2001	5.5	18.1	10.4	6.3983	0.9	1.1
ClimateId2	12345	01-10-2001	0.0	21.5	13.3	10.2913	1.0	1.7
ClimateId2	12345	02-10-2001	0.1	23.6	10.2	14.3364	1.8	2.0
ClimateId2	12345	03-10-2001	0.0	24.6	9.6	15.0772	1.9	2.1
ClimateId2	12345	04-10-2001	13.1	23.8	10.1	12.4303	2.2	2.0
ClimateId2	12345	05-10-2001	0.0	17.2	11.4	6.3985	1.1	1.2
ClimateId2	12345	06-10-2001	0.0	22.0	8.4	13.0968	0.9	1.5
ClimateId2	12345	07-10-2001	0.6	23.4	9.2	12.83	2.2	1.6
ClimateId2	12345	08-10-2001	0.0	24.9	15.1	12.9988	3.0	2.4
ClimateId2	12345	09-10-2001	0.1	23.9	12.0	11.5851	1.6	1.7
ClimateId2	12345	10-10-2001	0.1	20.1	11.7	7.8662	1.3	1.2
ClimateId2	12345	11-10-2001	0.0	23.0	9.3	11.1523	1.2	1.5
ClimateId2	12345	12-10-2001	0.0	21.1	8.5	12.6711	1.1	1.3
ClimateId2	12345	13-10-2001	0.0	21.3	6.6	12.4588	0.8	1.2
ClimateId2	12345	14-10-2001	0.0	20.8	7.3	11.9604	0.9	1.2
ClimateId2	12345	15-10-2001	0.0	19.2	6.5	10.8426	1.1	1.1
ClimateId2	12345	16-10-2001	0.0	20.0	6.2	9.7432	0.7	1.0
ClimateId2	12345	17-10-2001	0.1	14.9	7.9	5.4331	0.7	0.7
ClimateId2	12345	18-10-2001	0.0	15.3	9.5	6.1617	1.2	0.8
ClimateId2	12345	19-10-2001	0.1	13.3	10.2	3.1477	0.9	0.7
ClimateId2	12345	20-10-2001	0.0	14.6	11.3	3.7451	1.3	0.8
ClimateId2	12345	21-10-2001	6.0	21.8	9.9	9.3239	2.8	1.4
ClimateId2	12345	22-10-2001	0.0	19.6	11.0	8.8794	1.3	1.2
ClimateId2	12345	23-10-2001	0.1	18.8	6.1	10.0254	1.3	0.9
ClimateId2	12345	24-10-2001	1.1	11.5	10.1	1.9457	1.1	0.8
ClimateId2	12345	25-10-2001	3.3	12.9	9.3	4.0905	1.1	0.8
ClimateId2	12345	26-10-2001	0.1	11.0	7.6	3.8324	1.4	0.8
ClimateId2	12345	27-10-2001	0.0	10.3	2.9	5.3097	1.2	0.6
ClimateId2	12345	28-10-2001	0.0	15.1	4.7	7.0291	1.0	0.6
ClimateId2	12345	29-10-2001	0.0	15.1	7.3	5.5775	0.7	0.6
ClimateId2	12345	30-10-2001	0.0	15.4	7.3	5.0921	0.9	0.7
ClimateId2	12345	31-10-2001	0.0	23.9	6.0	9.4725	2.2	1.3
ClimateId2	12345	01-11-2001	0.0	15.9	10.5	6.6992	2.1	1.5
ClimateId2	12345	02-11-2001	0.0	12.4	3.2	8.8343	2.2	0.9
ClimateId2	12345	03-11-2001	0.0	10.7	-1.3	8.098	0.9	0.3
ClimateId2	12345	04-11-2001	0.0	11.5	-1.3	8.8259	1.0	0.3
ClimateId2	12345	05-11-2001	0.0	12.8	-1.9	8.3781	0.8	0.3
ClimateId2	12345	06-11-2001	0.0	10.7	6.1	3.5709	1.1	0.8
ClimateId2	12345	07-11-2001	0.0	12.4	1.9	5.5858	1.4	0.5
ClimateId2	12345	08-11-2001	8.0	13.4	4.5	4.1609	2.3	0.7
ClimateId2	12345	09-11-2001	8.6	4.9	3.8	1.2387	2.3	0.6
ClimateId2	12345	10-11-2001	0.0	5.1	1.6	3.8244	2.1	0.8
ClimateId2	12345	11-11-2001	2.3	4.8	1.5	3.3421	1.4	0.5
ClimateId2	12345	12-11-2001	1.6	4.6	2.7	1.5629	1.1	0.4
ClimateId2	12345	13-11-2001	5.1	5.4	2.0	2.8376	2.9	0.5
ClimateId2	12345	14-11-2001	0.0	6.5	2.6	4.4678	4.7	1.6
ClimateId2	12345	15-11-2001	0.0	6.6	-3.3	7.4685	1.3	0.2
ClimateId2	12345	16-11-2001	0.0	8.5	-6.4	7.5928	1.2	0.1
ClimateId2	12345	17-11-2001	0.0	7.7	-4.1	7.6109	1.2	0.1
ClimateId2	12345	18-11-2001	0.0	1.7	-5.0	3.9383	0.9	0.1
ClimateId2	12345	19-11-2001	0.0	0.5	-2.1	2.4818	1.5	0.3
ClimateId2	12345	20-11-2001	0.0	9.3	-1.5	6.4647	1.7	0.3
ClimateId2	12345	21-11-2001	0.0	9.7	-1.9	7.054	1.2	0.1
ClimateId2	12345	22-11-2001	0.1	9.5	-4.2	6.4303	2.1	0.1
ClimateId2	12345	23-11-2001	0.0	6.2	2.4	4.1765	3.0	1.1
ClimateId2	12345	24-11-2001	0.0	5.6	-3.0	4.8436	1.7	0.5
ClimateId2	12345	25-11-2001	0.0	5.0	-3.9	5.3794	1.2	0.2
ClimateId2	12345	26-11-2001	0.0	2.9	-6.5	4.3352	0.7	0.1
ClimateId2	12345	27-11-2001	0.8	3.0	-2.1	2.4049	0.8	0.2
ClimateId2	12345	28-11-2001	0.0	3.1	0.7	2.5656	0.8	0.2
ClimateId2	12345	29-11-2001	0.0	5.9	-0.4	3.4942	0.9	0.2
ClimateId2	12345	30-11-2001	3.4	3.1	-0.9	2.4212	1.7	0.3
ClimateId2	12345	01-12-2001	0.0	4.1	-1.9	5.0925	1.3	0.2
ClimateId2	12345	02-12-2001	0.0	2.7	-5.5	4.3023	0.7	0.1
ClimateId2	12345	03-12-2001	0.0	-0.9	-4.1	1.411	0.9	0.2
ClimateId2	12345	04-12-2001	0.1	-0.1	-2.2	1.1431	1.4	0.3
ClimateId2	12345	05-12-2001	0.1	2.6	-0.9	2.4301	1.0	0.3
ClimateId2	12345	06-12-2001	2.4	3.3	-0.7	2.1714	1.7	0.2
ClimateId2	12345	07-12-2001	0.0	5.3	0.2	2.8337	2.7	0.5
ClimateId2	12345	08-12-2001	0.0	-0.3	-3.1	2.903	2.0	0.4
ClimateId2	12345	09-12-2001	0.0	0.2	-8.0	5.4073	1.1	0.0
ClimateId2	12345	10-12-2001	0.0	1.2	-10.2	5.4208	0.9	0.0
ClimateId2	12345	11-12-2001	0.8	-0.7	-3.6	1.4486	0.8	0.3
ClimateId2	12345	12-12-2001	4.2	0.7	-2.7	1.9965	1.4	0.2
ClimateId2	12345	13-12-2001	2.9	-4.6	-5.5	1.7696	2.8	0.6
ClimateId2	12345	14-12-2001	0.1	-5.0	-12.3	4.5512	1.2	0.1
ClimateId2	12345	15-12-2001	0.0	-3.4	-16.3	5.2314	1.2	0.0
ClimateId2	12345	16-12-2001	0.0	-1.1	-10.9	4.3689	2.5	0.1
ClimateId2	12345	17-12-2001	0.2	-2.1	-8.9	2.9866	1.4	0.1
ClimateId2	12345	18-12-2001	0.0	1.9	-4.6	3.0416	1.4	0.3
ClimateId2	12345	19-12-2001	0.0	0.8	-10.0	5.2518	1.0	0.0
ClimateId2	12345	20-12-2001	0.0	3.1	-12.4	5.4563	1.2	0.0
ClimateId2	12345	21-12-2001	0.0	-1.5	-10.4	4.1563	1.6	0.1
ClimateId2	12345	22-12-2001	0.9	3.5	-7.3	3.7288	1.2	0.1
ClimateId2	12345	23-12-2001	0.0	0.8	-2.2	2.1167	1.6	0.4
ClimateId2	12345	24-12-2001	0.0	-2.6	-16.2	5.7787	1.1	0.0
ClimateId2	12345	25-12-2001	0.0	-3.7	-15.4	3.4738	1.4	0.1
ClimateId2	12345	26-12-2001	2.9	0.6	-8.5	2.6287	1.4	0.2
ClimateId2	12345	27-12-2001	0.0	2.0	-3.5	3.0818	1.8	0.5
ClimateId2	12345	28-12-2001	0.0	0.3	-12.3	4.1335	1.3	0.1
ClimateId2	12345	29-12-2001	0.0	8.2	-7.6	3.9731	3.8	0.2
ClimateId2	12345	30-12-2001	0.2	6.7	4.0	2.4831	2.9	1.2
ClimateId2	12345	31-12-2001	0.0	2.3	-3.2	3.2687	1.7	0.6
ClimateId2	12345	01-01-2002	0.0	2.4	-7.8	5.1348	1.8	0.3
ClimateId2	12345	02-01-2002	0.0	7.2	-6.0	5.5215	2.9	0.5
ClimateId2	12345	03-01-2002	0.0	-0.4	-4.4	4.5841	3.8	0.9
ClimateId2	12345	04-01-2002	0.0	-3.0	-14.1	5.673	0.9	0.0
ClimateId2	12345	05-01-2002	0.0	0.7	-13.2	4.3605	0.8	0.1
ClimateId2	12345	06-01-2002	0.0	6.4	-8.2	6.0959	0.9	0.0
ClimateId2	12345	07-01-2002	0.0	6.0	-6.8	5.6936	1.1	0.0
ClimateId2	12345	08-01-2002	0.0	3.6	-6.3	4.5051	1.1	0.1
ClimateId2	12345	09-01-2002	0.0	3.6	-6.3	6.055	0.9	0.0
ClimateId2	12345	10-01-2002	0.0	-2.5	-7.3	2.4535	0.7	0.1
ClimateId2	12345	11-01-2002	0.0	-3.7	-4.3	0.8814	0.8	0.3
ClimateId2	12345	12-01-2002	0.0	-1.4	-5.6	2.684	1.1	0.2
ClimateId2	12345	13-01-2002	6.1	-2.3	-5.1	0.9535	0.8	0.3
ClimateId2	12345	14-01-2002	0.4	-2.2	-4.5	1.4336	1.2	0.3
ClimateId2	12345	15-01-2002	0.0	-3.5	-5.2	1.2277	1.0	0.3
ClimateId2	12345	16-01-2002	0.1	-4.0	-5.1	1.1129	1.0	0.3
ClimateId2	12345	17-01-2002	0.0	-2.7	-5.6	1.765	0.7	0.2
ClimateId2	12345	18-01-2002	0.0	-0.6	-4.5	3.1293	0.7	0.2
ClimateId2	12345	19-01-2002	0.0	0.9	-10.2	5.0346	1.1	0.0
ClimateId2	12345	20-01-2002	0.0	6.5	-5.1	5.8223	1.0	0.1
ClimateId2	12345	21-01-2002	0.0	4.5	-4.2	3.5862	1.3	0.3
ClimateId2	12345	22-01-2002	0.0	10.4	-2.9	7.2429	1.6	0.1
ClimateId2	12345	23-01-2002	0.0	10.1	-3.0	7.0244	2.9	0.2
ClimateId2	12345	24-01-2002	0.1	9.5	5.0	2.9016	4.0	1.0
ClimateId2	12345	25-01-2002	0.0	11.5	0.2	6.6246	1.5	0.3
ClimateId2	12345	26-01-2002	0.1	6.9	0.4	4.5285	1.4	0.3
ClimateId2	12345	27-01-2002	0.0	9.9	-1.3	4.3218	2.6	0.5
ClimateId2	12345	28-01-2002	0.0	15.7	2.1	6.0228	1.3	0.6
ClimateId2	12345	29-01-2002	0.0	17.3	-0.1	7.2336	1.5	0.8
ClimateId2	12345	30-01-2002	0.0	13.5	-0.4	6.397	1.0	0.6
ClimateId2	12345	31-01-2002	0.0	12.5	-0.2	5.257	2.1	0.8
ClimateId2	12345	01-02-2002	0.0	12.6	0.8	6.6756	1.1	0.5
ClimateId2	12345	02-02-2002	0.0	14.5	-1.6	8.8119	1.5	0.4
ClimateId2	12345	03-02-2002	0.0	12.5	-1.4	9.0348	1.8	0.4
ClimateId2	12345	04-02-2002	0.0	8.5	-2.3	6.3135	1.2	0.4
ClimateId2	12345	05-02-2002	0.0	13.5	-2.8	9.1074	1.5	0.5
ClimateId2	12345	06-02-2002	4.0	12.2	-0.3	6.2399	2.9	0.8
ClimateId2	12345	07-02-2002	4.9	5.7	2.7	1.8636	1.0	0.4
ClimateId2	12345	08-02-2002	0.0	8.3	4.0	4.6118	1.0	0.5
ClimateId2	12345	09-02-2002	0.1	11.8	0.0	6.2293	1.7	0.6
ClimateId2	12345	10-02-2002	1.0	11.9	4.3	6.2619	2.2	1.1
ClimateId2	12345	11-02-2002	0.0	11.8	-1.3	7.7364	1.8	0.8
ClimateId2	12345	12-02-2002	0.0	16.1	1.4	7.5652	1.6	1.0
ClimateId2	12345	13-02-2002	0.0	16.1	0.4	9.6682	1.7	0.7
ClimateId2	12345	14-02-2002	4.7	5.8	5.2	0.8322	1.9	0.9
ClimateId2	12345	15-02-2002	0.0	2.8	0.2	2.4878	2.0	0.9
ClimateId2	12345	16-02-2002	7.1	3.7	-1.4	2.8676	1.6	0.7
ClimateId2	12345	17-02-2002	12.1	4.3	0.3	2.7073	0.9	0.5
ClimateId2	12345	18-02-2002	0.5	7.3	1.5	4.3966	0.9	0.5
ClimateId2	12345	19-02-2002	0.0	10.1	1.0	7.8119	1.9	0.8
ClimateId2	12345	20-02-2002	0.0	8.7	-1.5	6.2328	2.9	0.9
ClimateId2	12345	21-02-2002	1.9	8.5	2.5	3.6545	3.2	1.3
ClimateId2	12345	22-02-2002	0.0	4.6	-3.5	9.8239	2.8	1.0
ClimateId2	12345	23-02-2002	0.1	9.8	-1.7	7.9027	1.7	1.0
ClimateId2	12345	24-02-2002	0.0	9.0	-0.9	9.3296	3.0	1.4
ClimateId2	12345	25-02-2002	0.0	12.3	-3.7	10.0766	2.5	1.4
ClimateId2	12345	26-02-2002	0.0	13.9	-1.6	9.6748	3.4	1.4
ClimateId2	12345	27-02-2002	0.0	14.8	5.5	6.7857	3.5	1.7
ClimateId2	12345	28-02-2002	13.1	9.1	6.7	4.2904	2.4	1.0
ClimateId2	12345	01-03-2002	2.6	6.6	3.3	3.4583	1.6	0.7
ClimateId2	12345	02-03-2002	1.3	7.2	3.1	4.3624	1.1	0.7
ClimateId2	12345	03-03-2002	3.3	4.5	3.9	2.0426	1.2	0.7
ClimateId2	12345	04-03-2002	0.0	10.7	0.2	10.8171	1.3	1.1
ClimateId2	12345	05-03-2002	0.0	13.1	-2.3	13.7742	2.0	1.2
ClimateId2	12345	06-03-2002	0.0	18.5	2.4	11.0112	2.9	1.8
ClimateId2	12345	07-03-2002	0.0	18.0	8.1	10.9322	3.5	2.4
ClimateId2	12345	08-03-2002	0.0	15.3	4.7	12.7898	1.9	1.8
ClimateId2	12345	09-03-2002	0.0	14.3	-1.5	15.0328	1.8	1.5
ClimateId2	12345	10-03-2002	0.0	14.9	-0.2	12.898	1.8	1.7
ClimateId2	12345	11-03-2002	0.0	14.0	-2.9	16.032	1.2	1.4
ClimateId2	12345	12-03-2002	0.0	15.0	-3.2	15.8603	2.1	1.6
ClimateId2	12345	13-03-2002	0.0	17.4	-1.6	13.8156	1.3	1.6
ClimateId2	12345	14-03-2002	0.0	19.9	0.0	16.6994	3.4	2.3
ClimateId2	12345	15-03-2002	0.0	18.8	7.4	13.2132	3.1	2.5
ClimateId2	12345	16-03-2002	0.0	15.7	5.6	13.6159	1.6	1.7
ClimateId2	12345	17-03-2002	0.0	16.0	2.0	13.9986	1.9	1.6
ClimateId2	12345	18-03-2002	0.0	16.5	1.1	15.7182	1.4	1.7
ClimateId2	12345	19-03-2002	0.0	16.1	2.0	9.0148	2.2	1.6
ClimateId2	12345	20-03-2002	0.0	17.4	6.9	9.6865	2.4	2.1
ClimateId2	12345	21-03-2002	2.0	18.1	7.6	11.3027	2.0	2.0
ClimateId2	12345	22-03-2002	0.5	16.2	7.4	10.8375	2.5	2.3
ClimateId2	12345	23-03-2002	0.3	8.0	-1.0	13.4913	4.5	1.9
ClimateId2	12345	24-03-2002	0.1	6.9	0.1	11.6343	5.5	2.1
ClimateId2	12345	25-03-2002	0.0	7.0	0.1	11.5676	6.6	2.6
ClimateId2	12345	26-03-2002	0.0	8.3	0.5	11.2517	4.1	2.2
ClimateId2	12345	27-03-2002	0.0	8.2	-1.0	14.6276	3.2	2.1
ClimateId2	12345	28-03-2002	0.0	11.2	-4.5	18.8994	1.8	1.8
ClimateId2	12345	29-03-2002	0.0	15.3	-3.8	19.2693	1.1	2.0
ClimateId2	12345	30-03-2002	0.0	18.8	-1.4	20.6242	1.3	2.4
ClimateId2	12345	31-03-2002	0.0	19.4	-0.4	18.8503	1.4	2.4
ClimateId2	12345	01-04-2002	0.0	19.4	1.8	18.6534	1.6	2.5
ClimateId2	12345	02-04-2002	0.0	19.6	2.2	19.2815	1.7	2.6
ClimateId2	12345	03-04-2002	0.0	16.8	4.5	15.3803	2.4	2.5
ClimateId2	12345	04-04-2002	0.2	13.2	2.3	17.6869	2.4	2.4
ClimateId2	12345	05-04-2002	0.4	12.4	5.6	10.8302	2.7	2.4
ClimateId2	12345	06-04-2002	0.0	9.4	-0.9	15.7111	2.4	2.3
ClimateId2	12345	07-04-2002	0.0	9.9	-2.8	18.7442	1.7	2.1
ClimateId2	12345	08-04-2002	0.0	11.3	-1.8	12.4161	1.5	1.9
ClimateId2	12345	09-04-2002	0.8	10.1	4.0	7.2991	1.9	1.9
ClimateId2	12345	10-04-2002	3.0	4.4	3.8	1.2813	2.2	0.8
ClimateId2	12345	11-04-2002	5.6	7.2	3.1	5.6569	0.9	0.9
ClimateId2	12345	12-04-2002	14.9	7.5	5.5	4.5282	1.6	0.9
ClimateId2	12345	13-04-2002	2.0	12.3	6.1	9.3839	1.4	1.4
ClimateId2	12345	14-04-2002	11.6	15.3	6.8	11.0555	1.7	1.9
ClimateId2	12345	15-04-2002	1.4	9.3	7.6	5.8233	1.4	1.2
ClimateId2	12345	16-04-2002	1.6	11.7	6.4	8.8768	1.4	1.6
ClimateId2	12345	17-04-2002	7.9	13.5	6.9	8.4154	2.4	1.9
ClimateId2	12345	18-04-2002	5.6	12.7	7.4	6.7946	2.9	1.6
ClimateId2	12345	19-04-2002	2.6	13.7	8.2	8.7081	1.5	1.6
ClimateId2	12345	20-04-2002	7.8	11.4	8.8	5.4471	2.2	1.3
ClimateId2	12345	21-04-2002	0.2	18.0	7.6	18.5005	3.1	3.1
ClimateId2	12345	22-04-2002	0.1	19.2	8.2	17.6193	1.8	3.0
ClimateId2	12345	23-04-2002	2.3	19.3	7.6	18.4209	2.2	3.2
ClimateId2	12345	24-04-2002	2.1	16.7	9.5	12.8992	2.6	2.7
ClimateId2	12345	25-04-2002	0.0	17.6	6.4	17.7456	1.9	2.9
ClimateId2	12345	26-04-2002	4.3	21.6	6.9	19.8344	1.9	3.4
ClimateId2	12345	27-04-2002	14.9	11.2	10.5	5.6143	1.7	1.6
ClimateId2	12345	28-04-2002	0.0	17.5	1.4	21.933	2.9	3.3
ClimateId2	12345	29-04-2002	0.6	20.1	7.3	20.5434	3.2	3.9
ClimateId2	12345	30-04-2002	0.0	18.2	8.7	17.971	1.9	3.2
ClimateId2	12345	01-05-2002	0.0	23.5	5.7	25.2382	3.5	4.4
ClimateId2	12345	02-05-2002	0.0	24.7	11.3	22.5994	3.5	4.8
ClimateId2	12345	03-05-2002	0.0	25.7	10.9	20.9472	2.1	4.2
ClimateId2	12345	04-05-2002	0.2	25.6	10.3	19.8727	2.6	4.2
ClimateId2	12345	05-05-2002	0.0	20.3	11.9	15.4956	2.1	3.3
ClimateId2	12345	06-05-2002	0.0	20.9	7.3	21.4291	1.7	3.6
ClimateId2	12345	07-05-2002	0.0	21.9	7.1	20.737	1.6	3.5
ClimateId2	12345	08-05-2002	0.0	23.8	8.6	20.1779	2.6	4.0
ClimateId2	12345	09-05-2002	0.0	18.7	10.8	12.8119	1.2	2.6
ClimateId2	12345	10-05-2002	0.0	23.6	11.8	21.4518	2.9	4.4
ClimateId2	12345	11-05-2002	0.0	24.8	10.1	21.7112	2.8	4.4
ClimateId2	12345	12-05-2002	2.5	24.9	8.7	22.6562	2.0	4.1
ClimateId2	12345	13-05-2002	0.2	22.7	12.5	17.7433	1.3	3.4
ClimateId2	12345	14-05-2002	7.5	25.1	9.4	22.4015	1.8	4.0
ClimateId2	12345	15-05-2002	0.0	23.4	10.0	24.0274	1.9	4.4
ClimateId2	12345	16-05-2002	0.0	24.8	9.3	23.7174	1.6	4.2
ClimateId2	12345	17-05-2002	0.0	28.4	11.0	25.3328	2.3	5.1
ClimateId2	12345	18-05-2002	2.0	28.7	12.4	23.6328	1.9	4.8
ClimateId2	12345	19-05-2002	1.3	20.1	14.6	11.495	2.0	2.8
ClimateId2	12345	20-05-2002	1.3	19.4	13.8	12.7502	1.7	2.9
ClimateId2	12345	21-05-2002	0.1	21.6	12.4	16.7809	1.6	3.4
ClimateId2	12345	22-05-2002	0.0	24.6	11.0	21.3422	2.1	4.1
ClimateId2	12345	23-05-2002	0.1	25.8	14.9	19.1532	3.9	5.0
ClimateId2	12345	24-05-2002	0.8	25.6	15.6	18.0381	1.9	4.2
ClimateId2	12345	25-05-2002	16.3	21.7	14.6	11.8145	1.2	2.8
ClimateId2	12345	26-05-2002	11.9	17.2	14.0	8.9304	1.3	2.0
ClimateId2	12345	27-05-2002	0.4	22.7	13.4	19.3756	1.7	3.8
ClimateId2	12345	28-05-2002	2.6	18.6	11.9	12.4572	2.2	2.8
ClimateId2	12345	29-05-2002	0.0	23.2	12.5	21.6661	3.4	5.1
ClimateId2	12345	30-05-2002	0.0	23.6	9.7	27.662	2.7	5.3
ClimateId2	12345	31-05-2002	0.0	24.1	8.7	25.3631	1.3	4.5
ClimateId2	12345	01-06-2002	0.0	23.9	10.2	23.3621	2.1	4.6
ClimateId2	12345	02-06-2002	0.0	21.5	11.7	23.7242	2.0	4.7
ClimateId2	12345	03-06-2002	0.0	24.3	7.3	26.4554	1.5	4.5
ClimateId2	12345	04-06-2002	0.0	26.0	10.4	24.1652	1.4	4.5
ClimateId2	12345	05-06-2002	0.2	23.0	13.7	15.922	2.6	3.5
ClimateId2	12345	06-06-2002	7.4	24.2	16.1	14.8753	2.9	3.7
ClimateId2	12345	07-06-2002	2.4	18.1	12.6	12.3165	4.0	3.0
ClimateId2	12345	08-06-2002	3.8	24.5	13.5	20.732	2.0	4.4
ClimateId2	12345	09-06-2002	1.6	20.6	12.9	13.0618	1.4	2.8
ClimateId2	12345	10-06-2002	0.4	21.0	13.9	13.7487	2.5	3.4
ClimateId2	12345	11-06-2002	0.0	24.6	11.6	27.5544	2.2	5.4
ClimateId2	12345	12-06-2002	0.0	25.3	10.4	27.2368	1.6	4.9
ClimateId2	12345	13-06-2002	0.0	28.7	11.9	25.3755	2.0	5.2
ClimateId2	12345	14-06-2002	0.0	30.4	14.5	24.9681	1.7	5.3
ClimateId2	12345	15-06-2002	3.8	32.3	15.4	26.7418	1.9	5.8
ClimateId2	12345	16-06-2002	15.1	30.1	15.8	21.0496	1.8	4.8
ClimateId2	12345	17-06-2002	0.0	29.4	15.1	25.2865	1.4	5.2
ClimateId2	12345	18-06-2002	0.0	30.9	17.5	26.2179	1.6	5.8
ClimateId2	12345	19-06-2002	0.0	31.5	17.0	28.2131	1.8	6.2
ClimateId2	12345	20-06-2002	0.0	31.8	16.4	28.468	1.9	6.2
ClimateId2	12345	21-06-2002	0.0	32.8	17.6	26.446	1.7	6.0
ClimateId2	12345	22-06-2002	0.0	33.2	19.3	26.6142	1.4	6.1
ClimateId2	12345	23-06-2002	0.0	34.9	18.2	26.7613	2.1	6.5
ClimateId2	12345	24-06-2002	3.1	33.3	18.6	24.9221	2.3	6.2
ClimateId2	12345	25-06-2002	2.7	22.3	15.3	16.6014	1.7	3.7
ClimateId2	12345	26-06-2002	0.0	25.8	11.0	28.0733	1.9	5.3
ClimateId2	12345	27-06-2002	0.6	27.7	10.8	28.9308	2.4	5.6
ClimateId2	12345	28-06-2002	21.3	22.2	15.8	11.2698	1.6	2.9
ClimateId2	12345	29-06-2002	0.0	22.7	10.4	23.417	1.7	4.4
ClimateId2	12345	30-06-2002	0.0	23.6	10.3	25.8729	1.8	4.8
ClimateId2	12345	01-07-2002	0.0	27.2	10.5	24.2777	2.4	5.0
ClimateId2	12345	02-07-2002	0.0	28.6	15.8	20.4395	3.4	5.4
ClimateId2	12345	03-07-2002	3.8	30.0	17.6	22.0891	2.7	5.4
ClimateId2	12345	04-07-2002	9.5	21.6	17.7	14.7951	2.3	3.7
ClimateId2	12345	05-07-2002	0.0	23.8	9.3	26.2623	1.7	4.6
ClimateId2	12345	06-07-2002	1.3	28.0	11.1	26.9434	2.6	5.4
ClimateId2	12345	07-07-2002	0.1	25.3	16.1	17.3509	2.0	4.1
ClimateId2	12345	08-07-2002	0.0	29.1	12.7	28.0348	1.5	5.4
ClimateId2	12345	09-07-2002	0.0	30.6	13.6	28.1163	2.0	5.7
ClimateId2	12345	10-07-2002	0.0	32.0	16.5	27.1935	2.7	6.2
ClimateId2	12345	11-07-2002	0.0	30.0	19.8	23.1551	2.6	6.0
ClimateId2	12345	12-07-2002	0.0	28.8	14.9	20.0384	1.6	4.6
ClimateId2	12345	13-07-2002	0.4	30.1	18.0	19.4223	1.8	4.8
ClimateId2	12345	14-07-2002	22.0	29.4	17.7	20.7248	2.7	5.1
ClimateId2	12345	15-07-2002	9.6	28.4	17.6	19.3962	1.9	4.5
ClimateId2	12345	16-07-2002	0.1	28.2	18.8	18.8282	2.0	4.4
ClimateId2	12345	17-07-2002	0.0	26.6	16.0	20.0605	1.6	4.3
ClimateId2	12345	18-07-2002	0.2	25.4	15.7	13.7033	2.2	3.6
ClimateId2	12345	19-07-2002	0.0	25.9	14.7	18.617	1.4	4.1
ClimateId2	12345	20-07-2002	0.0	28.1	14.4	25.7273	1.4	5.1
ClimateId2	12345	21-07-2002	5.7	31.1	13.8	26.6891	2.2	5.6
ClimateId2	12345	22-07-2002	9.2	23.3	15.6	16.9662	1.5	3.5
ClimateId2	12345	23-07-2002	0.1	26.1	11.6	25.2409	1.7	4.6
ClimateId2	12345	24-07-2002	8.5	27.9	14.6	18.4709	1.7	4.1
ClimateId2	12345	25-07-2002	0.0	24.0	15.6	17.6073	2.0	4.0
ClimateId2	12345	26-07-2002	0.0	22.8	11.7	18.6694	2.9	4.2
ClimateId2	12345	27-07-2002	0.0	26.1	13.5	24.4368	2.9	5.2
ClimateId2	12345	28-07-2002	0.5	28.1	15.7	18.994	1.9	4.4
ClimateId2	12345	29-07-2002	19.5	30.6	16.9	20.5236	2.2	4.9
ClimateId2	12345	30-07-2002	0.9	29.8	16.4	20.8588	1.5	4.6
ClimateId2	12345	31-07-2002	15.8	24.2	18.1	12.4344	1.6	2.9
ClimateId2	12345	01-08-2002	13.5	26.7	16.0	17.6006	1.3	3.7
ClimateId2	12345	02-08-2002	0.0	28.4	16.5	20.8362	2.0	4.5
ClimateId2	12345	03-08-2002	13.1	29.7	16.8	23.0052	1.7	4.9
ClimateId2	12345	04-08-2002	22.9	26.1	17.7	16.0672	1.8	3.7
ClimateId2	12345	05-08-2002	1.7	27.3	17.1	17.6113	1.8	4.0
ClimateId2	12345	06-08-2002	9.2	21.3	16.8	9.1116	1.6	2.2
ClimateId2	12345	07-08-2002	0.7	23.1	15.2	11.8541	1.9	3.0
ClimateId2	12345	08-08-2002	0.3	24.8	15.9	14.0758	1.7	3.4
ClimateId2	12345	09-08-2002	0.0	25.6	13.9	17.3455	1.5	3.5
ClimateId2	12345	10-08-2002	1.8	25.0	13.5	18.3503	2.1	3.7
ClimateId2	12345	11-08-2002	32.1	19.0	16.7	6.1532	2.2	1.6
ClimateId2	12345	12-08-2002	7.2	20.1	14.2	9.4759	2.6	2.4
ClimateId2	12345	13-08-2002	0.2	24.5	14.7	15.8171	2.6	4.0
ClimateId2	12345	14-08-2002	0.0	24.1	12.0	15.0069	1.6	3.1
ClimateId2	12345	15-08-2002	4.9	24.3	13.8	15.1686	2.2	3.4
ClimateId2	12345	16-08-2002	0.6	26.2	15.9	17.5513	2.4	3.8
ClimateId2	12345	17-08-2002	3.1	27.7	15.0	21.2963	2.0	4.3
ClimateId2	12345	18-08-2002	0.3	27.2	14.8	20.0406	1.8	4.0
ClimateId2	12345	19-08-2002	0.0	28.0	15.0	19.4341	1.2	3.8
ClimateId2	12345	20-08-2002	0.0	26.8	14.2	19.0875	1.4	3.7
ClimateId2	12345	21-08-2002	4.9	23.1	14.7	11.498	1.5	2.5
ClimateId2	12345	22-08-2002	7.9	20.7	15.5	9.1294	1.5	2.1
ClimateId2	12345	23-08-2002	0.1	25.7	13.8	18.1602	1.4	3.4
ClimateId2	12345	24-08-2002	0.0	27.2	13.5	20.8797	1.4	3.7
ClimateId2	12345	25-08-2002	0.1	28.0	14.4	20.326	1.2	3.7
ClimateId2	12345	26-08-2002	0.1	28.0	14.6	19.5544	1.4	3.7
ClimateId2	12345	27-08-2002	9.1	23.2	15.1	11.7102	0.9	2.4
ClimateId2	12345	28-08-2002	0.0	24.5	14.7	12.937	1.5	2.7
ClimateId2	12345	29-08-2002	0.7	23.1	16.3	9.4563	2.1	2.5
ClimateId2	12345	30-08-2002	1.9	27.2	14.4	17.9579	1.5	3.5
ClimateId2	12345	31-08-2002	5.0	27.5	13.1	19.1215	1.5	3.5
ClimateId2	12345	01-09-2002	2.6	24.9	16.0	13.8017	2.3	3.2
ClimateId2	12345	02-09-2002	0.3	23.1	13.8	15.6889	2.7	3.3
ClimateId2	12345	03-09-2002	0.0	23.9	12.7	16.2412	1.2	2.9
ClimateId2	12345	04-09-2002	0.5	26.0	11.6	18.4858	1.4	3.2
ClimateId2	12345	05-09-2002	0.0	25.3	11.9	15.4047	1.3	2.8
ClimateId2	12345	06-09-2002	0.5	24.0	14.7	15.5129	1.6	3.0
ClimateId2	12345	07-09-2002	0.0	24.1	11.6	15.3712	1.3	2.7
ClimateId2	12345	08-09-2002	0.0	25.5	12.1	16.6844	1.2	2.8
ClimateId2	12345	09-09-2002	6.3	26.0	12.3	18.1891	1.6	3.0
ClimateId2	12345	10-09-2002	8.2	25.4	12.4	12.8208	1.8	2.5
ClimateId2	12345	11-09-2002	0.0	22.6	14.9	11.2651	2.3	2.8
ClimateId2	12345	12-09-2002	0.0	19.6	10.9	17.1475	2.7	3.1
ClimateId2	12345	13-09-2002	0.0	18.4	4.8	16.43	1.4	2.2
ClimateId2	12345	14-09-2002	0.0	20.7	5.8	18.8286	1.2	2.4
ClimateId2	12345	15-09-2002	0.9	18.0	7.0	12.7147	2.0	2.2
ClimateId2	12345	16-09-2002	0.0	18.7	6.7	14.5786	2.0	2.3
ClimateId2	12345	17-09-2002	0.0	20.7	6.2	15.0902	1.1	2.2
ClimateId2	12345	18-09-2002	0.0	22.7	6.0	17.9643	1.1	2.3
ClimateId2	12345	19-09-2002	0.3	22.8	7.7	14.4744	1.1	2.0
ClimateId2	12345	20-09-2002	1.2	22.4	14.1	9.6888	1.2	1.9
ClimateId2	12345	21-09-2002	7.0	17.4	13.2	5.741	1.6	1.4
ClimateId2	12345	22-09-2002	3.2	13.4	11.2	3.651	1.2	0.9
ClimateId2	12345	23-09-2002	16.9	12.5	10.6	3.1719	1.9	0.9
ClimateId2	12345	24-09-2002	20.5	9.5	9.3	2.6295	2.6	0.8
ClimateId2	12345	25-09-2002	4.4	9.6	7.1	3.9853	1.4	0.9
ClimateId2	12345	26-09-2002	0.1	14.5	3.2	11.8589	1.1	1.4
ClimateId2	12345	27-09-2002	0.1	17.1	7.6	8.5007	1.6	1.7
ClimateId2	12345	28-09-2002	0.0	12.9	3.9	8.2697	2.7	1.5
ClimateId2	12345	29-09-2002	0.0	16.1	7.0	13.2876	2.5	2.1
ClimateId2	12345	30-09-2002	0.0	17.1	2.0	15.8202	1.5	1.6
ClimateId2	12345	01-10-2002	0.0	18.1	2.3	15.6475	1.2	1.5
ClimateId2	12345	02-10-2002	0.0	18.1	3.2	12.701	1.0	1.4
ClimateId2	12345	03-10-2002	0.0	18.3	3.1	12.091	1.0	1.2
ClimateId2	12345	04-10-2002	4.6	19.0	7.4	8.7502	1.0	1.2
ClimateId2	12345	05-10-2002	0.0	18.2	9.4	12.2267	1.4	1.6
ClimateId2	12345	06-10-2002	1.7	14.5	4.7	7.7417	1.4	1.0
ClimateId2	12345	07-10-2002	0.0	13.5	6.4	10.0596	2.3	1.6
ClimateId2	12345	08-10-2002	0.0	15.9	1.0	13.2065	1.4	1.3
ClimateId2	12345	09-10-2002	0.0	9.1	3.0	4.83	0.9	0.7
ClimateId2	12345	10-10-2002	8.4	10.3	6.6	3.3141	1.0	0.7
ClimateId2	12345	11-10-2002	16.6	11.5	8.8	2.9352	1.7	0.7
ClimateId2	12345	12-10-2002	19.5	8.5	8.2	1.7048	1.9	0.7
ClimateId2	12345	13-10-2002	0.0	7.9	4.8	2.9064	1.3	0.7
ClimateId2	12345	14-10-2002	0.0	14.1	5.4	7.6969	1.2	1.0
ClimateId2	12345	15-10-2002	0.1	17.0	6.6	7.854	1.1	1.0
ClimateId2	12345	16-10-2002	0.0	21.4	6.4	10.4091	3.3	1.3
ClimateId2	12345	17-10-2002	23.1	20.2	14.1	6.4604	4.6	2.1
ClimateId2	12345	18-10-2002	8.5	13.0	8.7	6.995	2.2	1.0
ClimateId2	12345	19-10-2002	0.0	13.8	4.3	8.0741	1.3	0.9
ClimateId2	12345	20-10-2002	0.0	14.1	2.4	9.677	1.5	0.8
ClimateId2	12345	21-10-2002	0.0	16.9	3.4	7.4435	2.9	1.1
ClimateId2	12345	22-10-2002	3.0	18.7	11.6	7.2449	2.9	1.4
ClimateId2	12345	23-10-2002	9.7	21.0	9.3	10.4349	3.1	1.5
ClimateId2	12345	24-10-2002	0.4	14.4	8.1	7.5721	1.8	1.0
ClimateId2	12345	25-10-2002	0.0	15.5	3.9	8.9151	2.6	0.9
ClimateId2	12345	26-10-2002	0.0	21.9	10.1	9.7967	2.9	1.8
ClimateId2	12345	27-10-2002	0.0	16.6	4.7	8.2105	2.6	0.9
ClimateId2	12345	28-10-2002	0.0	15.3	7.6	8.9845	3.0	1.7
ClimateId2	12345	29-10-2002	0.0	14.6	0.7	9.4512	1.4	0.8
ClimateId2	12345	30-10-2002	0.0	17.2	2.2	6.078	1.7	1.0
ClimateId2	12345	31-10-2002	1.3	8.7	7.2	1.8986	1.4	0.7
ClimateId2	12345	01-11-2002	0.0	12.1	7.0	4.0601	1.0	0.6
ClimateId2	12345	02-11-2002	0.0	10.9	7.5	3.2561	0.9	0.6
ClimateId2	12345	03-11-2002	5.8	7.9	4.3	2.5962	1.5	0.5
ClimateId2	12345	04-11-2002	0.4	8.1	5.5	2.6077	1.0	0.5
ClimateId2	12345	05-11-2002	1.1	5.4	4.4	2.6101	2.3	0.9
ClimateId2	12345	06-11-2002	0.0	2.3	-1.5	3.8771	1.7	0.6
ClimateId2	12345	07-11-2002	0.0	4.1	-0.7	4.8611	1.2	0.5
ClimateId2	12345	08-11-2002	0.0	6.6	-1.6	4.4492	0.7	0.4
ClimateId2	12345	09-11-2002	0.0	6.7	-2.8	5.213	1.7	0.3
ClimateId2	12345	10-11-2002	0.0	11.0	0.0	8.086	2.1	0.6
ClimateId2	12345	11-11-2002	5.6	13.6	-0.9	5.8717	2.0	0.5
ClimateId2	12345	12-11-2002	0.0	15.0	1.1	8.2498	1.9	0.3
ClimateId2	12345	13-11-2002	0.0	13.9	3.8	5.5321	2.5	0.5
ClimateId2	12345	14-11-2002	0.0	18.3	8.5	4.4639	3.7	1.4
ClimateId2	12345	15-11-2002	0.0	21.9	10.6	5.7007	4.3	1.8
ClimateId2	12345	16-11-2002	5.0	21.6	13.5	3.8609	4.3	2.2
ClimateId2	12345	17-11-2002	11.8	18.7	11.2	5.2469	3.1	1.2
ClimateId2	12345	18-11-2002	2.3	12.9	10.8	2.1844	1.3	0.6
ClimateId2	12345	19-11-2002	0.1	15.1	8.4	5.2487	2.9	0.8
ClimateId2	12345	20-11-2002	0.0	12.1	2.9	6.6209	1.4	0.1
ClimateId2	12345	21-11-2002	0.0	14.9	1.3	5.0563	2.2	0.3
ClimateId2	12345	22-11-2002	10.9	10.9	7.4	2.183	1.7	0.5
ClimateId2	12345	23-11-2002	0.0	14.0	4.9	5.6645	1.2	0.3
ClimateId2	12345	24-11-2002	0.0	13.6	1.0	5.2725	1.9	0.2
ClimateId2	12345	25-11-2002	0.0	14.2	4.6	4.3271	1.8	0.4
ClimateId2	12345	26-11-2002	0.0	14.0	6.4	3.4748	1.5	0.5
ClimateId2	12345	27-11-2002	0.1	8.4	4.7	2.193	0.8	0.2
ClimateId2	12345	28-11-2002	0.3	8.5	6.6	1.2728	1.4	0.5
ClimateId2	12345	29-11-2002	5.9	8.1	5.4	1.5696	1.7	0.4
ClimateId2	12345	30-11-2002	0.0	9.5	5.8	3.0168	1.2	0.3
ClimateId2	12345	01-12-2002	0.1	6.7	2.4	1.8736	0.7	0.3
ClimateId2	12345	02-12-2002	17.5	5.4	2.6	1.6547	1.5	0.4
ClimateId2	12345	03-12-2002	3.0	4.9	0.8	1.6143	2.2	0.3
ClimateId2	12345	04-12-2002	20.4	6.6	4.5	1.2585	2.6	0.4
ClimateId2	12345	05-12-2002	42.0	6.4	5.5	0.888	2.9	0.5
ClimateId2	12345	06-12-2002	15.6	4.0	3.8	0.6827	2.2	0.5
ClimateId2	12345	07-12-2002	7.0	2.6	2.4	0.717	2.0	0.6
ClimateId2	12345	08-12-2002	0.3	-0.8	-1.1	0.8423	2.2	0.5
ClimateId2	12345	09-12-2002	0.5	-2.9	-4.6	1.1368	2.6	0.6
ClimateId2	12345	10-12-2002	0.0	-3.8	-7.0	3.3233	1.6	0.3
ClimateId2	12345	11-12-2002	0.1	-4.2	-6.7	1.6148	1.3	0.3
ClimateId2	12345	12-12-2002	0.0	-3.3	-4.8	0.9916	1.9	0.4
ClimateId2	12345	13-12-2002	0.2	-2.5	-3.8	0.9254	1.1	0.3
ClimateId2	12345	14-12-2002	0.1	-2.4	-3.3	0.7662	1.3	0.3
ClimateId2	12345	15-12-2002	1.1	-1.5	-2.6	0.869	1.3	0.3
ClimateId2	12345	16-12-2002	0.0	-1.6	-2.8	0.8936	1.1	0.3
ClimateId2	12345	17-12-2002	0.0	-0.3	-2.5	1.076	1.0	0.3
ClimateId2	12345	18-12-2002	0.1	1.3	-1.5	1.5743	0.9	0.3
ClimateId2	12345	19-12-2002	0.0	2.8	-4.5	4.1473	1.6	0.0
ClimateId2	12345	20-12-2002	0.0	1.6	-3.8	3.7128	1.5	0.2
ClimateId2	12345	21-12-2002	0.0	4.4	-5.4	3.2657	0.9	0.1
ClimateId2	12345	22-12-2002	0.0	2.9	-2.2	2.89	1.0	0.1
ClimateId2	12345	23-12-2002	0.0	5.2	-0.6	2.6265	1.7	0.3
ClimateId2	12345	24-12-2002	0.5	-0.6	-0.7	0.6483	1.9	0.6
ClimateId2	12345	25-12-2002	0.0	-2.8	-5.0	1.0641	1.4	0.5
ClimateId2	12345	26-12-2002	0.0	-1.8	-4.2	1.128	2.0	0.4
ClimateId2	12345	27-12-2002	0.0	0.9	-2.6	1.8205	1.4	0.2
ClimateId2	12345	28-12-2002	2.3	8.5	-1.3	2.5967	2.0	0.2
ClimateId2	12345	29-12-2002	0.0	7.2	1.9	2.7006	1.2	0.2
ClimateId2	12345	30-12-2002	0.0	9.3	0.9	3.2864	1.8	0.2
ClimateId2	12345	31-12-2002	3.5	9.1	1.0	1.7482	2.4	0.6
ClimateId2	12345	01-01-2003	0.0	0.2	-3.1	2.2483	1.7	0.4
ClimateId2	12345	02-01-2003	0.1	5.3	-2.7	2.6707	2.1	0.2
ClimateId2	12345	03-01-2003	0.0	13.7	0.1	5.3825	1.7	0.2
ClimateId2	12345	04-01-2003	3.6	8.6	-0.3	3.3403	1.5	0.3
ClimateId2	12345	05-01-2003	2.2	1.0	0.6	0.9692	2.9	0.7
ClimateId2	12345	06-01-2003	4.0	-2.3	-5.8	2.163	1.7	0.3
ClimateId2	12345	07-01-2003	6.8	-2.0	-6.0	2.3762	3.5	0.3
ClimateId2	12345	08-01-2003	0.8	-4.2	-9.9	4.4549	1.0	0.1
ClimateId2	12345	09-01-2003	9.0	-8.4	-12.4	1.4702	1.6	0.2
ClimateId2	12345	10-01-2003	1.1	-5.5	-11.3	2.2102	0.9	0.1
ClimateId2	12345	11-01-2003	0.0	-2.9	-9.8	5.2609	2.2	0.2
ClimateId2	12345	12-01-2003	0.0	-5.2	-20.0	6.0172	1.1	0.0
ClimateId2	12345	13-01-2003	0.0	-3.6	-17.5	5.605	1.3	0.0
ClimateId2	12345	14-01-2003	0.0	2.3	-7.7	4.2095	0.9	0.2
ClimateId2	12345	15-01-2003	0.0	5.5	-6.6	6.5235	1.1	0.0
ClimateId2	12345	16-01-2003	0.0	3.7	-9.1	5.6938	1.1	0.0
ClimateId2	12345	17-01-2003	0.0	3.1	-8.7	6.7827	1.3	0.0
ClimateId2	12345	18-01-2003	0.0	-2.1	-9.5	3.6752	0.8	0.1
ClimateId2	12345	19-01-2003	0.0	-1.8	-9.5	4.163	1.0	0.2
ClimateId2	12345	20-01-2003	0.0	-2.2	-8.7	3.1675	1.0	0.2
ClimateId2	12345	21-01-2003	1.1	-1.4	-7.0	2.045	1.5	0.2
ClimateId2	12345	22-01-2003	2.7	1.4	-2.2	2.035	0.9	0.2
ClimateId2	12345	23-01-2003	0.0	4.8	-0.5	3.7194	1.0	0.3
ClimateId2	12345	24-01-2003	0.1	4.9	-4.6	4.6514	1.4	0.1
ClimateId2	12345	25-01-2003	0.0	3.7	0.8	2.2366	1.6	0.5
ClimateId2	12345	26-01-2003	0.0	3.6	-2.1	4.7834	1.1	0.2
ClimateId2	12345	27-01-2003	0.0	2.1	-4.3	3.6914	1.4	0.2
ClimateId2	12345	28-01-2003	0.1	6.5	-2.4	4.3994	1.4	0.5
ClimateId2	12345	29-01-2003	0.0	5.4	-4.5	6.5701	1.6	0.3
ClimateId2	12345	30-01-2003	0.2	5.0	-5.8	5.7999	1.3	0.2
ClimateId2	12345	31-01-2003	1.4	0.9	-1.4	3.1161	2.5	0.5
ClimateId2	12345	01-02-2003	0.0	1.5	-2.9	6.0104	3.1	0.9
ClimateId2	12345	02-02-2003	0.0	-1.4	-11.1	6.7022	1.2	0.2
ClimateId2	12345	03-02-2003	0.4	2.4	-11.0	6.7039	2.3	0.4
ClimateId2	12345	04-02-2003	9.6	0.6	-3.3	1.8551	2.7	0.4
ClimateId2	12345	05-02-2003	0.0	4.5	-2.1	5.796	3.5	1.1
ClimateId2	12345	06-02-2003	0.0	3.7	-5.8	6.537	2.7	0.9
ClimateId2	12345	07-02-2003	0.0	4.0	-7.5	9.3727	1.9	0.5
ClimateId2	12345	08-02-2003	0.4	-0.5	-7.9	4.1063	0.8	0.3
ClimateId2	12345	09-02-2003	0.0	-0.1	-7.1	6.0175	1.2	0.3
ClimateId2	12345	10-02-2003	0.0	0.5	-3.3	2.7669	0.9	0.5
ClimateId2	12345	11-02-2003	0.7	-1.2	-2.7	1.7185	2.0	0.5
ClimateId2	12345	12-02-2003	0.0	-0.4	-4.8	7.0887	2.0	0.5
ClimateId2	12345	13-02-2003	0.0	-1.4	-11.0	7.4671	1.5	0.4
ClimateId2	12345	14-02-2003	0.0	0.0	-12.3	10.376	1.1	0.3
ClimateId2	12345	15-02-2003	0.0	1.3	-12.0	8.7834	1.8	0.4
ClimateId2	12345	16-02-2003	0.5	-0.7	-4.0	3.7417	2.2	0.5
ClimateId2	12345	17-02-2003	0.0	0.2	-5.3	7.8385	2.1	0.6
ClimateId2	12345	18-02-2003	0.0	0.2	-13.1	10.4922	1.3	0.4
ClimateId2	12345	19-02-2003	0.0	0.6	-8.0	7.5565	1.3	0.5
ClimateId2	12345	20-02-2003	0.0	1.1	-10.5	8.4592	1.3	0.4
ClimateId2	12345	21-02-2003	0.0	2.7	-9.5	7.4588	1.0	0.4
ClimateId2	12345	22-02-2003	0.0	2.7	-1.2	5.0698	1.2	0.7
ClimateId2	12345	23-02-2003	0.0	3.4	-9.4	10.8164	1.3	0.5
ClimateId2	12345	24-02-2003	0.0	7.4	-10.5	12.382	0.8	0.6
ClimateId2	12345	25-02-2003	0.0	6.1	-9.0	12.6741	1.4	0.7
ClimateId2	12345	26-02-2003	0.0	4.9	-9.5	12.6742	1.9	0.6
ClimateId2	12345	27-02-2003	0.0	10.2	-7.6	13.6976	2.2	0.9
ClimateId2	12345	28-02-2003	0.0	10.8	-4.9	12.3491	1.2	0.9
ClimateId2	12345	01-03-2003	0.0	13.0	-3.7	12.5312	1.2	1.0
ClimateId2	12345	02-03-2003	0.3	10.9	-2.9	9.6396	1.1	0.9
ClimateId2	12345	03-03-2003	0.1	6.5	1.4	4.6577	1.3	0.7
ClimateId2	12345	04-03-2003	0.0	11.2	0.5	10.7493	1.4	1.0
ClimateId2	12345	05-03-2003	0.0	9.1	1.1	8.5448	1.3	0.9
ClimateId2	12345	06-03-2003	2.0	2.9	0.9	2.8454	1.8	0.8
ClimateId2	12345	07-03-2003	0.7	3.0	-0.2	3.3698	0.8	0.6
ClimateId2	12345	08-03-2003	0.0	10.3	-0.7	11.2082	1.0	1.0
ClimateId2	12345	09-03-2003	0.0	12.4	-1.2	9.9029	1.4	1.2
ClimateId2	12345	10-03-2003	0.0	17.3	2.6	13.2928	1.5	1.7
ClimateId2	12345	11-03-2003	0.0	17.9	0.1	11.3306	1.3	1.6
ClimateId2	12345	12-03-2003	0.4	17.7	5.5	8.1921	2.6	2.1
ClimateId2	12345	13-03-2003	0.1	8.1	2.2	11.4553	4.1	2.0
ClimateId2	12345	14-03-2003	0.0	4.4	0.0	6.4043	3.9	1.6
ClimateId2	12345	15-03-2003	0.0	5.8	0.6	9.1064	3.5	1.5
ClimateId2	12345	16-03-2003	0.0	6.3	1.8	6.991	3.0	1.6
ClimateId2	12345	17-03-2003	0.0	12.4	-4.1	15.0715	1.4	1.5
ClimateId2	12345	18-03-2003	0.0	10.4	-0.3	14.6563	2.5	1.7
ClimateId2	12345	19-03-2003	0.0	14.1	-0.4	14.2818	1.7	1.8
ClimateId2	12345	20-03-2003	0.0	12.7	-0.8	16.3132	2.2	1.8
ClimateId2	12345	21-03-2003	0.0	8.2	-0.6	14.2049	2.4	1.9
ClimateId2	12345	22-03-2003	0.0	5.4	-5.2	16.8265	2.0	1.7
ClimateId2	12345	23-03-2003	0.0	10.4	-7.0	18.6749	1.3	1.6
ClimateId2	12345	24-03-2003	0.0	17.9	-3.8	19.6876	1.4	2.1
ClimateId2	12345	25-03-2003	0.0	20.2	-0.4	19.2657	1.6	2.4
ClimateId2	12345	26-03-2003	0.0	19.9	1.7	17.3693	1.4	2.3
ClimateId2	12345	27-03-2003	0.0	20.0	0.9	18.8773	1.6	2.4
ClimateId2	12345	28-03-2003	0.0	20.6	1.4	18.8253	1.3	2.4
ClimateId2	12345	29-03-2003	0.2	20.0	2.7	15.5502	1.0	2.2
ClimateId2	12345	30-03-2003	0.0	20.8	5.8	15.3169	1.6	2.5
ClimateId2	12345	31-03-2003	3.5	15.5	7.1	10.7966	2.3	2.2
ClimateId2	12345	01-04-2003	0.0	13.8	-0.7	19.2732	2.1	2.3
ClimateId2	12345	02-04-2003	10.0	14.6	-0.2	12.0173	2.9	2.1
ClimateId2	12345	03-04-2003	2.8	9.1	3.8	6.1111	2.3	1.3
ClimateId2	12345	04-04-2003	0.0	10.9	3.5	12.0268	2.9	2.3
ClimateId2	12345	05-04-2003	0.2	13.6	-2.1	16.0115	2.9	2.3
ClimateId2	12345	06-04-2003	0.0	6.7	-0.8	15.1996	5.4	2.8
ClimateId2	12345	07-04-2003	0.0	2.7	-4.2	9.8956	4.6	2.0
ClimateId2	12345	08-04-2003	0.0	6.7	-1.9	16.5671	2.7	2.3
ClimateId2	12345	09-04-2003	0.0	9.6	-4.6	14.8091	2.2	2.0
ClimateId2	12345	10-04-2003	6.9	11.8	-0.4	10.5237	2.8	1.8
ClimateId2	12345	11-04-2003	0.1	7.0	1.5	9.744	1.5	1.3
ClimateId2	12345	12-04-2003	4.6	6.4	0.0	6.5057	1.4	0.8
ClimateId2	12345	13-04-2003	0.0	16.0	4.4	18.4399	2.3	2.8
ClimateId2	12345	14-04-2003	0.0	15.2	1.2	16.3411	1.7	2.2
ClimateId2	12345	15-04-2003	0.0	15.5	5.9	10.5481	1.4	2.0
ClimateId2	12345	16-04-2003	0.0	19.1	3.8	20.8639	1.5	3.0
ClimateId2	12345	17-04-2003	0.0	17.0	4.4	17.8207	2.1	2.9
ClimateId2	12345	18-04-2003	3.8	17.0	5.2	17.8122	3.1	3.3
ClimateId2	12345	19-04-2003	0.0	15.9	4.0	16.2414	1.5	2.5
ClimateId2	12345	20-04-2003	0.0	18.4	2.8	20.7292	2.4	3.1
ClimateId2	12345	21-04-2003	0.0	18.3	3.9	18.8921	1.7	3.0
ClimateId2	12345	22-04-2003	0.0	19.6	3.8	22.7886	1.7	3.4
ClimateId2	12345	23-04-2003	1.4	19.2	4.6	16.725	1.9	2.9
ClimateId2	12345	24-04-2003	0.0	17.9	4.9	18.5094	2.0	3.1
ClimateId2	12345	25-04-2003	0.0	20.5	3.4	23.0296	1.4	3.4
ClimateId2	12345	26-04-2003	3.6	24.2	6.3	21.7346	3.5	4.4
ClimateId2	12345	27-04-2003	1.4	15.9	11.7	11.5403	2.3	2.5
ClimateId2	12345	28-04-2003	0.0	21.9	5.1	21.6467	2.9	3.6
ClimateId2	12345	29-04-2003	0.0	25.1	9.2	19.2789	2.7	3.9
ClimateId2	12345	30-04-2003	0.4	22.5	9.7	14.1545	3.5	3.5
ClimateId2	12345	01-05-2003	0.1	22.3	14.9	16.6215	2.3	3.9
ClimateId2	12345	02-05-2003	0.0	25.5	10.7	16.063	2.7	3.8
ClimateId2	12345	03-05-2003	0.0	20.4	16.8	10.8976	2.6	3.6
ClimateId2	12345	04-05-2003	0.0	22.4	3.0	24.5402	1.9	3.8
ClimateId2	12345	05-05-2003	0.0	25.8	5.9	27.222	1.8	4.4
ClimateId2	12345	06-05-2003	0.0	30.8	9.0	26.8942	2.0	5.1
ClimateId2	12345	07-05-2003	0.0	30.7	10.2	26.2057	1.7	5.0
ClimateId2	12345	08-05-2003	0.0	30.5	10.8	20.5105	1.9	4.5
ClimateId2	12345	09-05-2003	0.0	29.4	15.9	20.0602	2.7	5.2
ClimateId2	12345	10-05-2003	7.5	24.0	12.8	16.905	1.6	3.4
ClimateId2	12345	11-05-2003	0.0	25.2	14.4	19.2174	1.8	3.9
ClimateId2	12345	12-05-2003	3.0	27.8	12.6	24.2341	1.9	4.7
ClimateId2	12345	13-05-2003	2.5	26.2	13.6	21.8188	2.7	4.7
ClimateId2	12345	14-05-2003	0.2	12.9	9.0	7.1421	3.5	2.3
ClimateId2	12345	15-05-2003	0.0	17.0	7.7	17.9087	2.4	3.6
ClimateId2	12345	16-05-2003	0.0	18.3	2.0	25.8512	1.7	3.7
ClimateId2	12345	17-05-2003	0.0	21.3	3.7	24.2951	1.7	3.9
ClimateId2	12345	18-05-2003	0.1	24.5	6.2	25.107	1.6	4.2
ClimateId2	12345	19-05-2003	4.4	27.7	10.7	25.3951	2.6	5.2
ClimateId2	12345	20-05-2003	19.1	16.1	12.9	7.0911	2.6	2.3
ClimateId2	12345	21-05-2003	0.3	15.6	9.3	9.953	2.1	2.4
ClimateId2	12345	22-05-2003	0.0	19.0	8.6	17.4885	3.8	4.1
ClimateId2	12345	23-05-2003	0.0	23.4	8.0	26.5312	2.1	4.6
ClimateId2	12345	24-05-2003	0.0	25.2	8.5	27.762	1.9	4.8
ClimateId2	12345	25-05-2003	0.0	27.6	11.5	27.3899	1.6	5.1
ClimateId2	12345	26-05-2003	4.0	28.4	13.2	21.1298	1.8	4.6
ClimateId2	12345	27-05-2003	0.4	26.3	14.1	20.583	2.2	4.4
ClimateId2	12345	28-05-2003	1.9	27.2	14.2	22.7003	2.0	4.7
ClimateId2	12345	29-05-2003	0.2	26.4	15.8	21.2497	2.2	4.6
ClimateId2	12345	30-05-2003	0.0	26.7	13.6	26.3045	1.7	5.1
ClimateId2	12345	31-05-2003	0.1	28.2	13.0	23.8148	1.7	4.9
ClimateId2	12345	01-06-2003	8.9	25.0	15.7	16.2253	1.8	3.8
ClimateId2	12345	02-06-2003	0.0	25.0	11.7	21.3181	1.5	4.1
ClimateId2	12345	03-06-2003	0.0	26.8	13.0	23.3005	1.5	4.6
ClimateId2	12345	04-06-2003	0.0	29.0	13.7	28.2338	1.7	5.6
ClimateId2	12345	05-06-2003	0.0	31.4	14.6	25.6101	1.7	5.5
ClimateId2	12345	06-06-2003	2.5	31.5	15.4	24.7962	1.8	5.5
ClimateId2	12345	07-06-2003	2.5	29.7	16.5	25.3009	1.7	5.4
ClimateId2	12345	08-06-2003	0.0	31.9	17.5	27.091	2.0	6.0
ClimateId2	12345	09-06-2003	3.3	31.0	16.5	25.0888	1.9	5.6
ClimateId2	12345	10-06-2003	0.0	31.6	17.5	26.3526	1.7	5.8
ClimateId2	12345	11-06-2003	0.0	34.3	18.1	24.6903	1.9	6.0
ClimateId2	12345	12-06-2003	0.0	33.0	17.7	27.6068	1.5	6.1
ClimateId2	12345	13-06-2003	2.9	32.8	19.3	24.2685	2.4	6.1
ClimateId2	12345	14-06-2003	9.1	30.0	18.3	24.2326	2.1	5.5
ClimateId2	12345	15-06-2003	2.3	26.9	16.4	19.5067	1.7	4.3
ClimateId2	12345	16-06-2003	3.4	26.5	14.7	20.8023	1.8	4.4
ClimateId2	12345	17-06-2003	0.1	27.8	15.5	24.5239	1.9	5.3
ClimateId2	12345	18-06-2003	11.7	20.4	16.6	9.5382	1.6	2.4
ClimateId2	12345	19-06-2003	0.0	25.8	14.0	21.5643	2.4	4.7
ClimateId2	12345	20-06-2003	0.1	29.3	14.3	22.9735	1.7	5.0
ClimateId2	12345	21-06-2003	0.0	25.4	14.8	25.3045	2.0	5.2
ClimateId2	12345	22-06-2003	0.0	28.3	12.4	28.0519	1.7	5.5
ClimateId2	12345	23-06-2003	0.3	34.1	13.5	27.838	1.8	6.0
ClimateId2	12345	24-06-2003	2.1	31.9	17.9	22.2036	1.9	5.4
ClimateId2	12345	25-06-2003	0.0	32.4	15.7	27.5421	1.8	6.0
ClimateId2	12345	26-06-2003	0.0	27.4	15.1	23.5812	1.9	5.2
ClimateId2	12345	27-06-2003	9.2	25.3	16.6	19.1228	1.5	4.3
ClimateId2	12345	28-06-2003	0.1	26.9	16.1	21.8708	1.5	4.8
ClimateId2	12345	29-06-2003	0.0	24.6	17.3	16.9969	1.7	4.0
ClimateId2	12345	30-06-2003	0.0	32.5	13.3	27.1359	2.3	5.9
ClimateId2	12345	01-07-2003	6.3	33.3	17.0	28.0946	3.8	7.1
ClimateId2	12345	02-07-2003	0.1	25.0	14.2	20.8743	1.8	4.4
ClimateId2	12345	03-07-2003	5.2	25.1	14.5	18.7861	1.7	4.0
ClimateId2	12345	04-07-2003	0.4	21.7	13.5	16.7147	1.5	3.4
ClimateId2	12345	05-07-2003	0.4	24.9	13.0	22.4653	1.7	4.6
ClimateId2	12345	06-07-2003	1.3	26.6	13.0	23.3312	1.4	4.7
ClimateId2	12345	07-07-2003	0.1	26.8	12.2	26.4428	1.7	5.1
ClimateId2	12345	08-07-2003	0.0	26.6	13.2	24.7084	1.8	5.0
ClimateId2	12345	09-07-2003	6.9	27.5	12.1	20.8478	1.7	4.5
ClimateId2	12345	10-07-2003	0.5	26.0	13.3	21.3661	1.5	4.3
ClimateId2	12345	11-07-2003	0.0	27.3	14.9	25.7105	1.7	5.3
ClimateId2	12345	12-07-2003	0.9	30.8	13.3	21.4914	1.5	4.8
ClimateId2	12345	13-07-2003	0.0	24.9	16.5	18.2658	1.8	4.3
ClimateId2	12345	14-07-2003	0.0	26.1	11.9	26.9103	1.7	5.1
ClimateId2	12345	15-07-2003	0.0	29.2	11.6	26.6776	1.7	5.3
ClimateId2	12345	16-07-2003	0.0	32.1	14.9	27.0582	1.8	5.7
ClimateId2	12345	17-07-2003	15.8	32.3	19.8	22.5385	2.5	5.8
ClimateId2	12345	18-07-2003	0.0	29.1	17.8	24.5477	3.2	6.2
ClimateId2	12345	19-07-2003	0.0	29.5	14.6	27.1909	2.2	5.7
ClimateId2	12345	20-07-2003	0.0	31.2	14.8	27.8186	1.6	5.7
ClimateId2	12345	21-07-2003	0.0	35.0	16.0	26.6392	2.2	6.2
ClimateId2	12345	22-07-2003	10.6	34.8	19.7	25.2805	2.1	6.3
ClimateId2	12345	23-07-2003	16.6	26.4	18.8	14.3723	2.4	3.9
ClimateId2	12345	24-07-2003	21.6	29.3	14.3	22.1277	1.7	4.7
ClimateId2	12345	25-07-2003	1.4	26.3	16.4	19.3297	1.6	4.2
ClimateId2	12345	26-07-2003	0.0	30.2	14.4	25.2665	1.3	5.0
ClimateId2	12345	27-07-2003	0.0	33.4	16.6	27.0241	2.3	6.1
ClimateId2	12345	28-07-2003	28.8	29.2	19.2	19.0776	2.7	4.9
ClimateId2	12345	29-07-2003	0.3	24.8	17.2	16.4375	3.2	4.4
ClimateId2	12345	30-07-2003	0.6	24.4	13.4	15.6092	2.4	3.8
ClimateId2	12345	31-07-2003	5.1	23.1	16.3	10.8964	1.9	2.7
ClimateId2	12345	01-08-2003	7.3	27.8	17.1	20.0568	1.9	4.4
ClimateId2	12345	02-08-2003	0.0	30.5	16.6	24.2412	1.5	5.1
ClimateId2	12345	03-08-2003	0.0	32.6	16.9	25.5938	1.2	5.4
ClimateId2	12345	04-08-2003	0.0	34.1	18.4	22.7861	1.4	5.2
ClimateId2	12345	05-08-2003	0.1	33.4	19.2	21.6695	1.9	5.2
ClimateId2	12345	06-08-2003	0.0	31.2	19.2	18.57	1.6	4.5
ClimateId2	12345	07-08-2003	0.0	30.2	17.4	23.7339	1.8	5.2
ClimateId2	12345	08-08-2003	0.0	32.5	13.9	25.2006	1.4	5.1
ClimateId2	12345	09-08-2003	0.0	32.1	16.1	22.173	1.7	5.0
ClimateId2	12345	10-08-2003	0.0	33.4	14.4	24.6852	1.4	5.1
ClimateId2	12345	11-08-2003	0.0	30.5	17.7	23.8725	2.0	5.3
ClimateId2	12345	12-08-2003	0.0	32.6	13.0	25.1767	1.4	4.9
ClimateId2	12345	13-08-2003	0.0	37.6	16.0	24.7342	1.5	5.5
ClimateId2	12345	14-08-2003	0.9	34.7	18.7	16.9588	1.8	4.7
ClimateId2	12345	15-08-2003	13.9	30.3	17.9	17.6467	1.9	4.3
ClimateId2	12345	16-08-2003	0.8	28.8	16.6	19.895	1.9	4.2
ClimateId2	12345	17-08-2003	0.1	32.0	15.9	21.8691	1.6	4.6
ClimateId2	12345	18-08-2003	0.2	35.8	17.5	21.3237	2.2	5.3
ClimateId2	12345	19-08-2003	0.0	30.8	16.7	18.5301	1.6	4.3
ClimateId2	12345	20-08-2003	0.0	29.6	16.6	19.8452	1.2	4.2
ClimateId2	12345	21-08-2003	0.1	30.5	16.2	17.5582	1.5	4.0
ClimateId2	12345	22-08-2003	0.3	32.8	15.5	21.4597	1.3	4.5
ClimateId2	12345	23-08-2003	0.2	33.0	20.0	18.3494	1.5	4.5
ClimateId2	12345	24-08-2003	0.0	31.2	17.3	20.9894	2.0	4.7
ClimateId2	12345	25-08-2003	0.0	23.6	17.4	10.5835	1.8	3.2
ClimateId2	12345	26-08-2003	0.0	28.5	11.6	21.8521	1.4	4.0
ClimateId2	12345	27-08-2003	0.0	32.0	12.6	20.3175	1.8	4.3
ClimateId2	12345	28-08-2003	0.9	30.1	16.4	19.263	2.1	4.4
ClimateId2	12345	29-08-2003	17.0	31.4	19.0	13.4778	3.1	4.3
ClimateId2	12345	30-08-2003	15.7	26.0	14.7	14.0935	2.0	3.1
ClimateId2	12345	31-08-2003	28.3	15.0	14.6	5.5137	1.8	1.4
ClimateId2	12345	01-09-2003	0.7	21.0	6.9	17.8042	1.4	2.7
ClimateId2	12345	02-09-2003	0.0	19.7	11.9	14.1747	2.1	3.0
ClimateId2	12345	03-09-2003	0.0	18.5	7.4	18.3933	1.8	2.9
ClimateId2	12345	04-09-2003	0.0	21.8	4.9	18.348	1.3	2.7
ClimateId2	12345	05-09-2003	0.0	22.7	6.9	19.9578	1.2	2.9
ClimateId2	12345	06-09-2003	0.0	22.9	8.8	14.3317	1.2	2.5
ClimateId2	12345	07-09-2003	0.0	23.6	10.3	16.1712	1.7	2.9
ClimateId2	12345	08-09-2003	0.7	21.5	10.0	11.8488	1.4	2.4
ClimateId2	12345	09-09-2003	39.1	17.4	13.7	5.7091	2.0	1.5
ClimateId2	12345	10-09-2003	9.6	16.8	14.1	5.6132	2.5	1.6
ClimateId2	12345	11-09-2003	6.4	22.4	9.3	13.9603	1.6	2.4
ClimateId2	12345	12-09-2003	0.7	18.9	8.4	11.035	2.2	2.1
ClimateId2	12345	13-09-2003	1.9	15.4	11.7	6.2006	2.2	1.5
ClimateId2	12345	14-09-2003	0.0	19.7	10.6	16.1741	2.7	2.8
ClimateId2	12345	15-09-2003	0.0	20.4	7.5	17.7163	1.6	2.5
ClimateId2	12345	16-09-2003	0.0	21.8	5.8	17.2493	1.2	2.3
ClimateId2	12345	17-09-2003	0.0	24.5	9.7	14.1631	1.2	2.1
ClimateId2	12345	18-09-2003	0.0	25.8	9.4	18.3149	1.0	2.6
ClimateId2	12345	19-09-2003	0.0	26.2	9.6	17.9353	1.2	2.6
ClimateId2	12345	20-09-2003	0.0	26.9	10.2	17.8368	1.2	2.7
ClimateId2	12345	21-09-2003	0.0	27.7	10.0	17.862	1.1	2.6
ClimateId2	12345	22-09-2003	0.0	28.2	10.0	17.7189	2.2	3.1
ClimateId2	12345	23-09-2003	9.5	27.1	13.8	16.1757	3.1	3.4
ClimateId2	12345	24-09-2003	1.0	14.5	12.3	4.7986	2.3	1.4
ClimateId2	12345	25-09-2003	0.0	17.7	5.4	16.1165	2.0	2.1
ClimateId2	12345	26-09-2003	0.0	18.4	3.1	16.1892	1.2	1.8
ClimateId2	12345	27-09-2003	0.0	21.9	4.1	15.6693	1.5	1.9
ClimateId2	12345	28-09-2003	1.7	21.5	5.6	14.5348	2.3	1.9
ClimateId2	12345	29-09-2003	11.4	13.9	12.0	3.7053	1.8	0.9
ClimateId2	12345	30-09-2003	0.0	18.4	6.3	13.7807	1.3	1.5
ClimateId2	12345	01-10-2003	0.0	19.2	6.8	12.0722	1.7	1.5
ClimateId2	12345	02-10-2003	0.0	24.5	9.0	13.0188	1.2	1.8
ClimateId2	12345	03-10-2003	10.6	23.8	11.2	11.3031	1.4	1.7
ClimateId2	12345	04-10-2003	40.6	20.0	14.8	8.5742	1.6	1.6
ClimateId2	12345	05-10-2003	4.3	19.5	12.8	8.7398	2.9	1.9
ClimateId2	12345	06-10-2003	0.0	15.2	7.1	10.9099	1.5	1.5
ClimateId2	12345	07-10-2003	1.4	13.4	3.0	6.8112	2.4	1.0
ClimateId2	12345	08-10-2003	0.0	14.3	6.3	10.4994	2.6	1.7
ClimateId2	12345	09-10-2003	0.1	15.7	5.1	12.72	2.7	1.6
ClimateId2	12345	10-10-2003	0.0	20.1	5.2	11.4071	1.4	1.4
ClimateId2	12345	11-10-2003	0.0	20.5	5.7	13.1284	1.3	1.3
ClimateId2	12345	12-10-2003	0.0	14.9	6.1	7.4672	1.7	1.1
ClimateId2	12345	13-10-2003	0.0	13.5	8.0	7.0595	1.3	1.3
ClimateId2	12345	14-10-2003	0.0	11.3	5.0	7.5759	1.7	1.1
ClimateId2	12345	15-10-2003	0.0	12.1	0.9	11.5745	1.6	0.9
ClimateId2	12345	16-10-2003	0.0	10.4	2.3	7.4081	1.8	1.1
ClimateId2	12345	17-10-2003	0.0	9.2	-1.2	10.6014	1.6	0.8
ClimateId2	12345	18-10-2003	0.0	9.4	-0.3	9.2202	1.3	0.7
ClimateId2	12345	19-10-2003	0.0	9.2	2.9	7.0603	1.2	0.8
ClimateId2	12345	20-10-2003	3.0	14.1	2.3	6.4955	1.9	0.6
ClimateId2	12345	21-10-2003	8.3	16.1	7.5	6.8442	2.1	1.1
ClimateId2	12345	22-10-2003	0.6	6.2	5.2	1.972	1.2	0.6
ClimateId2	12345	23-10-2003	16.6	6.1	1.6	3.2632	1.7	0.7
ClimateId2	12345	24-10-2003	0.4	6.5	1.2	3.4093	1.8	0.6
ClimateId2	12345	25-10-2003	0.0	4.7	-3.5	8.0862	1.5	0.4
ClimateId2	12345	26-10-2003	0.0	8.9	-4.6	9.7939	1.3	0.4
ClimateId2	12345	27-10-2003	0.0	8.9	-0.5	6.7951	1.2	0.6
ClimateId2	12345	28-10-2003	0.0	8.6	-2.7	9.4564	1.7	0.5
ClimateId2	12345	29-10-2003	1.6	6.8	-1.7	5.2631	2.2	0.4
ClimateId2	12345	30-10-2003	4.9	7.7	3.1	3.0896	1.3	0.5
ClimateId2	12345	31-10-2003	0.6	12.9	1.0	6.7449	3.0	0.5
ClimateId2	12345	01-11-2003	18.6	19.3	10.0	4.696	3.1	1.3
ClimateId2	12345	02-11-2003	3.7	11.1	8.2	3.3436	2.0	0.7
ClimateId2	12345	03-11-2003	0.0	13.9	1.9	8.1406	1.2	0.4
ClimateId2	12345	04-11-2003	0.0	16.2	1.7	9.4554	1.1	0.4
ClimateId2	12345	05-11-2003	0.0	12.5	1.3	8.296	1.2	0.4
ClimateId2	12345	06-11-2003	3.9	6.4	-1.2	4.6266	1.6	0.3
ClimateId2	12345	07-11-2003	6.1	6.6	3.5	2.5629	2.5	0.5
ClimateId2	12345	08-11-2003	0.0	8.3	4.9	2.0955	1.4	0.5
ClimateId2	12345	09-11-2003	0.1	8.3	5.5	2.5979	1.3	0.5
ClimateId2	12345	10-11-2003	0.0	6.5	4.7	2.0097	1.6	0.6
ClimateId2	12345	11-11-2003	0.0	6.2	2.6	3.4042	1.5	0.6
ClimateId2	12345	12-11-2003	0.0	6.1	1.7	3.5135	1.1	0.6
ClimateId2	12345	13-11-2003	0.0	6.6	-1.6	5.5568	1.1	0.3
ClimateId2	12345	14-11-2003	0.0	4.2	-1.9	3.6218	0.9	0.3
ClimateId2	12345	15-11-2003	0.0	8.8	-2.3	6.2603	1.1	0.2
ClimateId2	12345	16-11-2003	0.0	7.5	-1.2	4.3526	1.4	0.2
ClimateId2	12345	17-11-2003	4.6	12.3	2.9	3.7286	2.2	0.4
ClimateId2	12345	18-11-2003	0.0	10.3	1.1	4.2443	1.2	0.3
ClimateId2	12345	19-11-2003	0.0	18.0	2.0	6.9035	1.2	0.2
ClimateId2	12345	20-11-2003	0.0	14.9	2.7	6.8859	1.2	0.1
ClimateId2	12345	21-11-2003	0.0	11.8	0.2	5.3581	0.8	0.1
ClimateId2	12345	22-11-2003	0.0	14.4	0.6	5.9784	2.3	0.2
ClimateId2	12345	23-11-2003	0.0	15.5	6.8	5.0533	4.1	0.9
ClimateId2	12345	24-11-2003	0.0	15.8	8.5	3.9759	3.4	1.1
ClimateId2	12345	25-11-2003	0.0	16.7	8.4	5.1829	2.3	0.6
ClimateId2	12345	26-11-2003	13.8	9.8	3.8	1.7658	1.4	0.4
ClimateId2	12345	27-11-2003	0.2	13.7	8.1	3.4011	1.9	0.4
ClimateId2	12345	28-11-2003	10.1	10.3	6.3	2.0052	1.5	0.3
ClimateId2	12345	29-11-2003	6.0	7.7	5.4	1.433	1.5	0.4
ClimateId2	12345	30-11-2003	0.0	9.5	4.7	3.4859	1.4	0.3
ClimateId2	12345	01-12-2003	0.0	6.3	0.6	2.5787	2.5	0.3
ClimateId2	12345	02-12-2003	0.0	6.2	3.3	1.9546	1.7	0.3
ClimateId2	12345	03-12-2003	0.0	3.9	2.9	0.9153	1.3	0.4
ClimateId2	12345	04-12-2003	0.0	2.8	1.9	0.9505	1.6	0.3
ClimateId2	12345	05-12-2003	0.0	3.0	1.9	0.9468	1.2	0.4
ClimateId2	12345	06-12-2003	0.0	8.5	1.0	3.1497	2.6	0.6
ClimateId2	12345	07-12-2003	0.0	3.5	-1.4	5.2607	2.5	0.3
ClimateId2	12345	08-12-2003	0.0	2.0	-6.6	5.3143	1.2	0.0
ClimateId2	12345	09-12-2003	0.0	3.4	-7.1	5.9045	1.1	0.0
ClimateId2	12345	10-12-2003	0.0	1.1	-6.0	3.4748	1.0	0.1
ClimateId2	12345	11-12-2003	0.0	1.4	-4.5	2.3593	1.4	0.2
ClimateId2	12345	12-12-2003	0.0	7.0	-1.9	4.3327	1.0	0.1
ClimateId2	12345	13-12-2003	0.0	5.0	-4.3	3.5589	1.4	0.1
ClimateId2	12345	14-12-2003	1.4	4.9	0.1	2.753	1.8	0.3
ClimateId2	12345	15-12-2003	1.4	5.6	-1.7	4.1801	2.5	0.4
ClimateId2	12345	16-12-2003	0.0	4.1	-3.9	4.0738	2.9	0.3
ClimateId2	12345	17-12-2003	0.0	1.3	-4.3	3.1834	1.3	0.2
ClimateId2	12345	18-12-2003	0.0	7.2	-2.9	5.2811	0.8	0.0
ClimateId2	12345	19-12-2003	0.0	4.7	-5.4	4.6279	0.8	0.0
ClimateId2	12345	20-12-2003	0.0	7.9	-5.2	5.6974	1.2	0.0
ClimateId2	12345	21-12-2003	8.1	8.4	-3.4	3.2468	3.1	0.1
ClimateId2	12345	22-12-2003	0.2	3.0	1.0	1.3219	1.7	0.4
ClimateId2	12345	23-12-2003	0.0	0.9	-1.0	4.3205	5.8	1.3
ClimateId2	12345	24-12-2003	0.0	0.5	-6.9	5.3194	2.9	0.5
ClimateId2	12345	25-12-2003	0.0	-0.3	-12.4	5.7004	1.0	0.0
ClimateId2	12345	26-12-2003	0.0	0.6	-9.7	4.3409	1.0	0.1
ClimateId2	12345	27-12-2003	0.0	0.9	-9.6	3.6226	1.0	0.1
ClimateId2	12345	28-12-2003	0.1	8.4	-3.6	3.0501	2.3	0.2
ClimateId2	12345	29-12-2003	6.7	6.0	3.8	1.3947	1.7	0.5
ClimateId2	12345	30-12-2003	10.8	3.9	1.6	1.1475	0.9	0.3
ClimateId2	12345	31-12-2003	17.4	4.5	2.4	1.1846	1.5	0.4
ClimateId2	12345	01-01-2004	0.1	2.6	-0.8	2.0022	1.4	0.3
ClimateId2	12345	02-01-2004	0.3	0.7	-2.0	1.5452	1.7	0.5
ClimateId2	12345	03-01-2004	0.0	1.0	-4.7	3.1716	1.7	0.3
ClimateId2	12345	04-01-2004	0.0	-0.7	-5.1	2.351	1.5	0.4
ClimateId2	12345	05-01-2004	0.2	4.4	-6.8	4.5103	1.9	0.2
ClimateId2	12345	06-01-2004	0.3	0.8	-6.7	4.2967	1.5	0.2
ClimateId2	12345	07-01-2004	0.0	2.2	-5.3	3.7851	1.3	0.2
ClimateId2	12345	08-01-2004	0.0	4.9	-5.5	4.0305	1.4	0.2
ClimateId2	12345	09-01-2004	0.5	1.7	-2.2	2.1964	1.3	0.3
ClimateId2	12345	10-01-2004	0.0	3.4	-2.6	2.8381	1.2	0.3
ClimateId2	12345	11-01-2004	1.3	5.2	-4.7	4.4992	1.3	0.1
ClimateId2	12345	12-01-2004	0.1	6.2	-2.1	3.5405	1.9	0.3
ClimateId2	12345	13-01-2004	0.0	7.0	-0.9	3.6693	2.3	0.4
ClimateId2	12345	14-01-2004	6.5	9.3	-1.4	5.0307	2.0	0.4
ClimateId2	12345	15-01-2004	0.1	3.9	-0.7	2.4483	1.6	0.4
ClimateId2	12345	16-01-2004	0.0	4.5	-3.6	4.0197	2.4	0.4
ClimateId2	12345	17-01-2004	8.1	6.2	-0.3	3.0256	2.2	0.6
ClimateId2	12345	18-01-2004	5.5	1.7	-2.4	2.1243	1.4	0.3
ClimateId2	12345	19-01-2004	0.0	2.0	-1.9	2.9525	1.6	0.4
ClimateId2	12345	20-01-2004	0.1	3.0	-3.5	3.3083	1.6	0.3
ClimateId2	12345	21-01-2004	0.0	1.7	-4.1	4.6194	1.9	0.4
ClimateId2	12345	22-01-2004	0.0	-0.2	-4.7	4.0713	2.1	0.5
ClimateId2	12345	23-01-2004	0.0	-0.6	-8.7	5.599	1.8	0.2
ClimateId2	12345	24-01-2004	0.0	0.4	-9.7	5.7645	1.5	0.2
ClimateId2	12345	25-01-2004	0.0	0.0	-8.9	3.8293	1.2	0.3
ClimateId2	12345	26-01-2004	0.0	2.3	-6.6	5.2965	1.9	0.3
ClimateId2	12345	27-01-2004	5.5	1.1	-3.9	3.1599	1.8	0.4
ClimateId2	12345	28-01-2004	0.2	0.3	-4.2	3.0226	1.4	0.4
ClimateId2	12345	29-01-2004	0.0	0.7	-8.2	4.9993	1.5	0.3
ClimateId2	12345	30-01-2004	0.0	2.3	-9.3	6.186	1.7	0.3
ClimateId2	12345	31-01-2004	0.0	3.6	-8.3	6.3462	1.9	0.4
ClimateId2	12345	01-02-2004	0.0	5.5	-6.1	5.8379	1.5	0.5
ClimateId2	12345	02-02-2004	0.0	5.9	-5.6	5.5096	1.5	0.5
ClimateId2	12345	03-02-2004	0.0	8.0	-3.6	6.2054	1.4	0.5
ClimateId2	12345	04-02-2004	0.0	7.9	-3.0	5.439	1.3	0.6
ClimateId2	12345	05-02-2004	0.0	12.5	-2.1	7.3446	1.4	0.7
ClimateId2	12345	06-02-2004	0.0	8.4	-1.3	5.4391	1.3	0.8
ClimateId2	12345	07-02-2004	0.4	9.2	-2.8	6.5743	2.4	0.8
ClimateId2	12345	08-02-2004	0.0	7.8	-3.3	8.2038	2.3	0.6
ClimateId2	12345	09-02-2004	0.0	5.7	-2.6	6.9908	2.8	1.0
ClimateId2	12345	10-02-2004	0.0	3.7	-4.4	6.4779	1.7	0.5
ClimateId2	12345	11-02-2004	0.8	7.1	-4.5	6.5113	2.2	0.8
ClimateId2	12345	12-02-2004	0.3	0.3	-5.5	5.6414	2.1	0.6
ClimateId2	12345	13-02-2004	0.0	1.2	-7.2	5.8991	1.6	0.5
ClimateId2	12345	14-02-2004	0.0	5.6	-4.8	7.2831	1.6	0.5
ClimateId2	12345	15-02-2004	0.0	4.7	-3.5	5.9352	1.5	0.5
ClimateId2	12345	16-02-2004	0.0	5.3	-2.3	6.056	1.6	0.7
ClimateId2	12345	17-02-2004	0.0	6.4	-4.2	8.6294	1.5	0.6
ClimateId2	12345	18-02-2004	1.3	7.2	-4.1	7.1044	1.5	0.6
ClimateId2	12345	19-02-2004	0.0	4.6	-1.4	5.5408	2.3	0.9
ClimateId2	12345	20-02-2004	0.0	3.8	-1.4	5.6237	1.8	0.9
ClimateId2	12345	21-02-2004	0.2	2.1	-3.5	5.5053	2.0	0.9
ClimateId2	12345	22-02-2004	0.4	2.2	-2.6	4.0992	1.5	0.6
ClimateId2	12345	23-02-2004	10.1	2.4	-2.1	3.7731	1.6	0.6
ClimateId2	12345	24-02-2004	1.0	1.5	-3.8	4.9568	1.6	0.6
ClimateId2	12345	25-02-2004	0.0	2.4	-6.5	8.7993	2.0	0.6
ClimateId2	12345	26-02-2004	10.5	1.8	-4.4	5.2251	1.5	0.5
ClimateId2	12345	27-02-2004	3.5	2.7	-3.2	5.2491	1.4	0.6
ClimateId2	12345	28-02-2004	6.0	2.3	-3.3	5.0755	2.0	0.7
ClimateId2	12345	29-02-2004	0.0	3.5	-4.2	8.206	2.0	0.9
ClimateId2	12345	01-03-2004	0.0	1.7	-10.9	10.1197	2.1	0.6
ClimateId2	12345	02-03-2004	0.0	3.5	-11.0	10.0132	1.1	0.6
ClimateId2	12345	03-03-2004	0.0	7.6	-5.8	10.2883	1.9	1.0
ClimateId2	12345	04-03-2004	0.1	3.9	-2.2	8.508	1.9	1.0
ClimateId2	12345	05-03-2004	0.0	1.5	-3.2	7.8512	1.8	1.0
ClimateId2	12345	06-03-2004	0.0	1.6	-9.4	11.1293	1.9	0.7
ClimateId2	12345	07-03-2004	13.3	0.2	-3.7	4.1166	1.5	0.6
ClimateId2	12345	08-03-2004	4.1	0.1	-2.3	3.5811	2.9	0.5
ClimateId2	12345	09-03-2004	0.0	3.3	-1.3	5.132	2.7	1.1
ClimateId2	12345	10-03-2004	0.0	4.5	-5.5	11.9087	1.4	0.9
ClimateId2	12345	11-03-2004	0.0	3.8	-5.6	8.5644	1.6	0.7
ClimateId2	12345	12-03-2004	0.0	5.7	0.2	5.7889	1.8	1.0
ClimateId2	12345	13-03-2004	0.0	8.7	-1.2	8.5917	1.8	1.1
ClimateId2	12345	14-03-2004	0.0	9.3	1.1	8.4666	1.4	1.1
ClimateId2	12345	15-03-2004	0.0	15.4	-1.9	15.501	1.3	1.4
ClimateId2	12345	16-03-2004	0.0	18.2	-0.2	15.2425	1.3	1.7
ClimateId2	12345	17-03-2004	0.0	22.0	2.4	16.0864	1.2	2.0
ClimateId2	12345	18-03-2004	0.0	23.2	2.1	17.2624	1.8	2.3
ClimateId2	12345	19-03-2004	0.0	23.0	2.8	15.5483	2.1	2.5
ClimateId2	12345	20-03-2004	0.0	19.1	4.6	10.589	2.2	2.0
ClimateId2	12345	21-03-2004	10.4	19.3	8.6	12.1348	3.8	2.7
ClimateId2	12345	22-03-2004	7.1	7.6	5.3	4.2977	1.9	0.9
ClimateId2	12345	23-03-2004	25.4	4.6	3.4	2.4571	2.7	0.7
ClimateId2	12345	24-03-2004	19.9	5.9	3.6	4.0647	2.4	0.8
ClimateId2	12345	25-03-2004	0.2	6.6	3.2	5.2005	1.8	1.1
ClimateId2	12345	26-03-2004	1.0	4.8	1.2	6.8042	2.2	1.1
ClimateId2	12345	27-03-2004	0.0	5.4	-0.3	8.2264	2.2	1.3
ClimateId2	12345	28-03-2004	0.0	7.9	0.6	10.7007	1.4	1.4
ClimateId2	12345	29-03-2004	0.0	11.5	1.5	14.5096	1.4	1.8
ClimateId2	12345	30-03-2004	0.0	9.8	0.0	12.4212	1.5	1.6
ClimateId2	12345	31-03-2004	0.0	13.3	-1.4	17.4851	1.7	1.9
ClimateId2	12345	01-04-2004	0.0	14.1	2.0	12.3791	1.4	1.6
ClimateId2	12345	02-04-2004	0.0	15.0	7.7	10.3851	1.4	2.0
ClimateId2	12345	03-04-2004	0.0	19.5	3.7	17.1771	1.0	2.3
ClimateId2	12345	04-04-2004	5.8	20.7	7.0	15.4091	1.8	2.5
ClimateId2	12345	05-04-2004	6.2	12.7	9.4	7.2054	1.8	1.6
ClimateId2	12345	06-04-2004	10.9	7.9	4.2	5.5932	2.3	1.0
ClimateId2	12345	07-04-2004	0.9	8.5	3.6	7.8348	1.5	1.3
ClimateId2	12345	08-04-2004	0.0	13.4	-1.3	18.6425	2.1	2.2
ClimateId2	12345	09-04-2004	2.0	11.2	0.6	10.3022	1.6	1.5
ClimateId2	12345	10-04-2004	0.4	8.3	4.8	6.6016	1.1	1.1
ClimateId2	12345	11-04-2004	0.1	14.9	1.1	16.9567	1.7	2.2
ClimateId2	12345	12-04-2004	1.4	11.9	3.0	11.538	2.8	2.2
ClimateId2	12345	13-04-2004	2.3	11.1	5.6	8.4001	3.7	2.1
ClimateId2	12345	14-04-2004	0.0	11.2	6.9	7.743	2.7	2.1
ClimateId2	12345	15-04-2004	0.0	12.2	2.2	13.2319	1.5	1.7
ClimateId2	12345	16-04-2004	0.4	17.1	3.8	15.9661	3.1	2.6
ClimateId2	12345	17-04-2004	0.2	14.2	8.4	9.7855	1.7	1.8
ClimateId2	12345	18-04-2004	8.9	17.9	8.6	13.6477	1.7	2.4
ClimateId2	12345	19-04-2004	2.4	17.8	8.4	14.4233	2.3	2.6
ClimateId2	12345	20-04-2004	6.9	9.8	8.6	4.2652	2.5	1.0
ClimateId2	12345	21-04-2004	0.0	19.6	8.5	18.7849	1.3	3.0
ClimateId2	12345	22-04-2004	0.0	22.5	5.4	21.6126	1.2	3.2
ClimateId2	12345	23-04-2004	0.5	23.1	9.0	19.4755	1.6	3.4
ClimateId2	12345	24-04-2004	1.4	13.6	12.0	6.5484	2.3	2.0
ClimateId2	12345	25-04-2004	0.0	14.2	5.0	16.2869	3.2	2.8
ClimateId2	12345	26-04-2004	0.0	16.6	7.1	15.5936	1.8	2.8
ClimateId2	12345	27-04-2004	0.0	17.1	3.6	18.5118	1.4	2.6
ClimateId2	12345	28-04-2004	0.0	20.9	4.1	23.2521	2.0	3.5
ClimateId2	12345	29-04-2004	0.0	23.3	7.0	22.8356	3.2	4.1
ClimateId2	12345	30-04-2004	0.0	20.2	7.4	16.5725	2.3	3.1
ClimateId2	12345	01-05-2004	0.1	20.6	9.7	17.3202	1.4	3.1
ClimateId2	12345	02-05-2004	1.3	21.0	7.6	18.6664	1.7	3.2
ClimateId2	12345	03-05-2004	0.0	21.1	5.8	20.7757	2.5	3.5
ClimateId2	12345	04-05-2004	1.6	17.8	8.4	13.5689	1.5	2.4
ClimateId2	12345	05-05-2004	2.7	18.4	8.6	15.5086	2.7	2.8
ClimateId2	12345	06-05-2004	4.7	16.3	10.5	14.0507	2.5	2.8
ClimateId2	12345	07-05-2004	1.6	14.9	3.7	14.5381	2.0	2.3
ClimateId2	12345	08-05-2004	1.6	12.3	5.5	12.5462	1.5	2.0
ClimateId2	12345	09-05-2004	1.4	17.0	2.4	19.6833	2.1	2.9
ClimateId2	12345	10-05-2004	0.1	17.4	7.9	17.6194	1.6	3.1
ClimateId2	12345	11-05-2004	0.0	20.0	5.7	21.5158	1.1	3.3
ClimateId2	12345	12-05-2004	3.4	21.3	6.3	22.0611	1.8	3.6
ClimateId2	12345	13-05-2004	3.6	16.0	10.5	11.4939	3.0	2.5
ClimateId2	12345	14-05-2004	0.0	17.0	8.8	20.0988	2.9	3.8
ClimateId2	12345	15-05-2004	2.3	19.2	3.9	21.7195	1.3	3.3
ClimateId2	12345	16-05-2004	0.0	16.5	9.3	18.143	3.2	3.6
ClimateId2	12345	17-05-2004	0.1	13.3	6.9	12.9822	1.5	2.1
ClimateId2	12345	18-05-2004	0.0	21.4	5.0	24.4007	1.5	3.7
ClimateId2	12345	19-05-2004	0.1	23.8	8.7	22.2864	1.3	3.9
ClimateId2	12345	20-05-2004	0.0	26.6	9.0	27.1707	1.8	4.8
ClimateId2	12345	21-05-2004	4.4	25.8	10.2	24.6976	1.9	4.6
ClimateId2	12345	22-05-2004	22.0	13.1	12.4	5.5387	2.1	1.6
ClimateId2	12345	23-05-2004	0.8	14.8	7.1	18.2562	2.5	3.3
ClimateId2	12345	24-05-2004	0.0	16.0	1.5	23.6849	1.5	3.4
ClimateId2	12345	25-05-2004	0.0	19.1	4.4	24.0368	1.4	3.7
ClimateId2	12345	26-05-2004	1.3	22.9	5.0	24.8036	2.1	4.2
ClimateId2	12345	27-05-2004	6.8	20.7	9.4	19.6814	2.1	3.6
ClimateId2	12345	28-05-2004	12.7	12.5	10.7	5.8764	2.1	1.6
ClimateId2	12345	29-05-2004	0.0	16.8	9.1	13.6481	2.4	2.9
ClimateId2	12345	30-05-2004	0.0	21.8	8.7	24.9946	1.7	4.3
ClimateId2	12345	31-05-2004	2.5	24.2	7.9	26.0727	1.6	4.5
ClimateId2	12345	01-06-2004	1.9	20.0	11.2	16.3629	1.4	3.0
ClimateId2	12345	02-06-2004	0.3	18.2	13.0	12.638	1.4	2.6
ClimateId2	12345	03-06-2004	1.0	19.2	8.3	17.2983	1.9	3.1
ClimateId2	12345	04-06-2004	5.3	16.5	12.4	9.7689	1.7	2.0
ClimateId2	12345	05-06-2004	5.2	15.3	12.6	7.7795	1.0	1.7
ClimateId2	12345	06-06-2004	0.0	20.4	11.8	17.9373	1.9	3.6
ClimateId2	12345	07-06-2004	0.0	24.1	9.9	24.4287	1.4	4.4
ClimateId2	12345	08-06-2004	0.0	27.0	10.8	27.5257	1.2	5.0
ClimateId2	12345	09-06-2004	0.0	30.0	13.0	25.9725	1.9	5.4
ClimateId2	12345	10-06-2004	4.3	29.5	15.3	23.3787	1.6	5.0
ClimateId2	12345	11-06-2004	21.8	27.9	17.4	18.6084	1.6	4.3
ClimateId2	12345	12-06-2004	14.9	23.4	16.2	14.5874	2.1	3.5
ClimateId2	12345	13-06-2004	1.9	17.0	11.6	9.7602	2.2	2.4
ClimateId2	12345	14-06-2004	0.1	22.5	13.5	22.309	2.1	4.5
ClimateId2	12345	15-06-2004	0.0	24.7	10.6	25.4839	1.5	4.6
ClimateId2	12345	16-06-2004	0.3	20.7	13.1	16.2895	1.4	3.2
ClimateId2	12345	17-06-2004	0.0	22.3	9.4	24.819	1.7	4.3
ClimateId2	12345	18-06-2004	9.2	23.7	10.6	21.3959	1.4	3.9
ClimateId2	12345	19-06-2004	24.1	23.3	13.8	18.1272	1.7	3.6
ClimateId2	12345	20-06-2004	30.9	16.6	13.5	8.9795	1.6	1.9
ClimateId2	12345	21-06-2004	9.4	20.8	11.5	20.6243	1.6	3.7
ClimateId2	12345	22-06-2004	2.1	24.6	11.6	23.6844	1.7	4.4
ClimateId2	12345	23-06-2004	2.5	25.6	11.2	23.6991	1.9	4.4
ClimateId2	12345	24-06-2004	9.7	25.4	15.6	19.8041	1.8	4.3
ClimateId2	12345	25-06-2004	27.9	16.2	15.1	10.0409	1.5	2.2
ClimateId2	12345	26-06-2004	0.0	23.4	8.8	26.4941	1.5	4.5
ClimateId2	12345	27-06-2004	0.1	26.5	11.5	24.0766	1.3	4.5
ClimateId2	12345	28-06-2004	14.5	28.2	16.8	18.8197	1.2	4.2
ClimateId2	12345	29-06-2004	2.1	20.8	13.4	18.0837	1.5	3.4
ClimateId2	12345	30-06-2004	0.0	24.7	11.5	25.1665	1.6	4.6
ClimateId2	12345	01-07-2004	9.9	27.9	13.4	23.9967	2.2	4.9
ClimateId2	12345	02-07-2004	17.9	16.7	14.8	5.909	1.2	1.6
ClimateId2	12345	03-07-2004	0.0	23.5	10.7	25.5749	1.7	4.5
ClimateId2	12345	04-07-2004	0.0	24.3	13.1	22.6317	1.4	4.3
ClimateId2	12345	05-07-2004	0.3	29.3	13.1	26.0585	1.7	5.2
ClimateId2	12345	06-07-2004	12.1	26.8	15.2	20.9539	1.8	4.5
ClimateId2	12345	07-07-2004	0.0	23.3	14.0	20.2758	1.4	3.9
ClimateId2	12345	08-07-2004	0.0	28.6	14.5	21.3527	2.4	4.7
ClimateId2	12345	09-07-2004	0.0	26.9	17.4	21.815	2.5	5.0
ClimateId2	12345	10-07-2004	2.6	22.4	12.6	19.7074	1.8	3.9
ClimateId2	12345	11-07-2004	3.4	16.8	11.0	14.1378	1.4	2.6
ClimateId2	12345	12-07-2004	0.1	20.2	6.8	20.8414	1.4	3.4
ClimateId2	12345	13-07-2004	0.0	22.0	9.1	22.2446	1.8	4.0
ClimateId2	12345	14-07-2004	0.0	20.4	11.9	15.7646	1.2	3.2
ClimateId2	12345	15-07-2004	0.1	22.9	11.2	17.3506	1.1	3.3
ClimateId2	12345	16-07-2004	0.0	27.0	14.5	21.7703	1.4	4.4
ClimateId2	12345	17-07-2004	0.0	28.3	14.2	23.3262	1.3	4.6
ClimateId2	12345	18-07-2004	0.0	30.5	15.2	25.5946	1.7	5.4
ClimateId2	12345	19-07-2004	0.1	29.0	14.3	21.0575	1.6	4.4
ClimateId2	12345	20-07-2004	0.0	30.4	15.7	24.5079	1.8	5.1
ClimateId2	12345	21-07-2004	0.0	30.4	17.2	24.9814	1.2	5.2
ClimateId2	12345	22-07-2004	4.1	32.0	17.6	23.7243	1.5	5.2
ClimateId2	12345	23-07-2004	0.1	29.0	16.6	21.4783	1.3	4.5
ClimateId2	12345	24-07-2004	10.9	27.1	16.2	17.7012	1.6	3.8
ClimateId2	12345	25-07-2004	0.0	26.1	18.6	16.0348	2.4	4.1
ClimateId2	12345	26-07-2004	5.6	25.3	15.3	14.1145	1.9	3.5
ClimateId2	12345	27-07-2004	0.4	22.6	14.9	14.9135	2.8	3.9
ClimateId2	12345	28-07-2004	0.3	20.8	11.3	17.5465	2.3	3.5
ClimateId2	12345	29-07-2004	0.0	18.8	14.2	11.3478	2.1	2.7
ClimateId2	12345	30-07-2004	0.0	25.5	12.0	19.9603	2.1	3.9
ClimateId2	12345	31-07-2004	0.0	28.9	13.3	24.9676	1.5	4.8
ClimateId2	12345	01-08-2004	0.9	28.2	13.7	19.8032	1.4	4.0
ClimateId2	12345	02-08-2004	0.0	27.0	14.2	20.9021	1.3	4.1
ClimateId2	12345	03-08-2004	2.1	27.4	14.8	20.0233	1.3	4.0
ClimateId2	12345	04-08-2004	0.0	27.9	14.7	21.5097	1.2	4.2
ClimateId2	12345	05-08-2004	0.0	28.7	14.4	21.9732	1.0	4.3
ClimateId2	12345	06-08-2004	0.0	27.5	14.9	18.6617	1.2	3.8
ClimateId2	12345	07-08-2004	0.4	23.0	16.7	13.3337	1.2	2.8
ClimateId2	12345	08-08-2004	0.0	25.4	14.9	18.5063	1.4	3.6
ClimateId2	12345	09-08-2004	1.7	26.2	14.5	18.8758	1.5	3.8
ClimateId2	12345	10-08-2004	0.0	27.0	12.0	22.6016	1.3	4.0
ClimateId2	12345	11-08-2004	0.0	27.7	13.5	21.1447	1.5	4.0
ClimateId2	12345	12-08-2004	0.0	29.8	16.0	21.8642	1.9	4.4
ClimateId2	12345	13-08-2004	9.5	21.8	19.8	8.8035	1.5	2.5
ClimateId2	12345	14-08-2004	0.4	24.6	13.9	17.6873	1.7	3.5
ClimateId2	12345	15-08-2004	0.0	24.9	14.7	17.2112	1.4	3.5
ClimateId2	12345	16-08-2004	0.0	26.2	12.1	21.4499	1.8	3.8
ClimateId2	12345	17-08-2004	0.0	28.0	12.6	22.5487	2.1	4.2
ClimateId2	12345	18-08-2004	0.0	31.1	17.1	21.6375	3.5	5.5
ClimateId2	12345	19-08-2004	0.0	33.2	17.0	22.4912	2.1	5.1
ClimateId2	12345	20-08-2004	13.1	30.8	16.5	18.578	2.2	4.3
ClimateId2	12345	21-08-2004	6.6	24.2	15.6	13.1967	1.9	3.1
ClimateId2	12345	22-08-2004	0.0	23.3	12.5	18.9373	2.1	3.6
ClimateId2	12345	23-08-2004	0.0	24.8	10.1	20.0528	1.3	3.3
ClimateId2	12345	24-08-2004	0.0	26.0	10.8	17.6028	2.0	3.3
ClimateId2	12345	25-08-2004	3.9	22.5	15.5	11.755	1.4	2.5
ClimateId2	12345	26-08-2004	19.9	16.2	14.8	5.719	1.7	1.5
ClimateId2	12345	27-08-2004	0.1	23.4	9.1	19.579	1.5	3.2
ClimateId2	12345	28-08-2004	0.0	25.4	9.2	21.2807	1.2	3.3
ClimateId2	12345	29-08-2004	4.4	26.1	10.4	20.2106	1.6	3.3
ClimateId2	12345	30-08-2004	0.1	26.0	12.5	18.5179	1.4	3.2
ClimateId2	12345	31-08-2004	18.4	16.3	14.2	5.3829	1.4	1.4
ClimateId2	12345	01-09-2004	0.4	19.0	12.1	12.0132	1.2	2.2
ClimateId2	12345	02-09-2004	0.0	19.8	7.7	13.6908	1.1	2.0
ClimateId2	12345	03-09-2004	0.0	22.8	10.6	17.065	1.2	2.6
ClimateId2	12345	04-09-2004	1.3	25.3	11.6	16.6592	1.2	2.8
ClimateId2	12345	05-09-2004	0.0	23.2	12.3	15.4013	1.5	2.8
ClimateId2	12345	06-09-2004	0.0	24.7	11.6	17.6697	1.1	2.9
ClimateId2	12345	07-09-2004	0.0	24.5	10.4	17.504	1.0	2.8
ClimateId2	12345	08-09-2004	0.0	25.6	9.9	16.9141	2.0	3.1
ClimateId2	12345	09-09-2004	0.0	19.9	9.0	17.6183	2.1	2.9
ClimateId2	12345	10-09-2004	0.0	19.0	4.3	17.8473	1.3	2.3
ClimateId2	12345	11-09-2004	0.0	21.0	4.0	17.19	1.5	2.3
ClimateId2	12345	12-09-2004	12.0	24.9	7.5	16.7685	1.6	2.5
ClimateId2	12345	13-09-2004	0.0	22.4	11.4	14.9423	1.7	2.4
ClimateId2	12345	14-09-2004	0.1	26.2	9.0	17.7422	1.8	2.7
ClimateId2	12345	15-09-2004	12.7	20.5	16.0	7.2955	1.8	1.8
ClimateId2	12345	16-09-2004	1.9	17.1	12.5	6.4231	1.7	1.8
ClimateId2	12345	17-09-2004	0.0	19.1	9.5	14.541	1.3	2.3
ClimateId2	12345	18-09-2004	0.0	19.8	4.7	16.9063	1.2	2.0
ClimateId2	12345	19-09-2004	0.0	20.5	4.8	14.7725	1.1	1.8
ClimateId2	12345	20-09-2004	0.0	23.1	7.9	15.3793	1.5	2.1
ClimateId2	12345	21-09-2004	2.4	22.9	8.9	12.9223	1.3	1.9
ClimateId2	12345	22-09-2004	0.6	18.5	11.1	10.6059	2.1	1.9
ClimateId2	12345	23-09-2004	1.4	21.1	10.0	12.2428	1.9	2.0
ClimateId2	12345	24-09-2004	8.3	10.6	10.0	2.0046	1.7	0.8
ClimateId2	12345	25-09-2004	0.3	15.4	8.3	7.7967	1.9	1.6
ClimateId2	12345	26-09-2004	0.0	16.6	8.4	10.3519	2.2	1.9
ClimateId2	12345	27-09-2004	0.0	17.4	4.7	10.5248	1.4	1.5
ClimateId2	12345	28-09-2004	0.0	18.5	10.3	8.6603	0.9	1.5
ClimateId2	12345	29-09-2004	0.3	20.9	10.2	12.1163	1.4	1.8
ClimateId2	12345	30-09-2004	0.1	19.3	11.2	10.3068	1.5	1.6
ClimateId2	12345	01-10-2004	0.9	16.9	11.0	6.9404	0.7	1.1
ClimateId2	12345	02-10-2004	0.0	18.8	10.8	8.7795	1.1	1.3
ClimateId2	12345	03-10-2004	0.0	19.6	10.4	9.0598	1.0	1.4
ClimateId2	12345	04-10-2004	0.0	20.4	9.2	11.8656	1.5	1.6
ClimateId2	12345	05-10-2004	0.0	21.6	7.8	12.067	0.8	1.4
ClimateId2	12345	06-10-2004	0.0	21.3	10.5	10.3646	1.2	1.4
ClimateId2	12345	07-10-2004	0.0	21.5	10.1	9.9319	0.8	1.3
ClimateId2	12345	08-10-2004	0.0	21.8	10.3	10.9649	1.1	1.4
ClimateId2	12345	09-10-2004	13.1	17.0	10.8	6.6233	1.4	1.1
ClimateId2	12345	10-10-2004	19.3	9.8	8.2	2.3088	1.6	0.8
ClimateId2	12345	11-10-2004	0.3	10.2	6.1	4.5601	2.0	1.1
ClimateId2	12345	12-10-2004	1.8	8.9	2.9	5.9477	1.7	0.9
ClimateId2	12345	13-10-2004	1.0	5.1	4.4	1.463	1.7	0.6
ClimateId2	12345	14-10-2004	1.0	6.0	3.4	3.021	1.1	0.5
ClimateId2	12345	15-10-2004	2.3	9.3	5.5	4.4969	1.5	0.6
ClimateId2	12345	16-10-2004	6.8	11.5	6.9	4.811	1.3	0.7
ClimateId2	12345	17-10-2004	0.1	11.8	4.2	7.6901	1.5	0.8
ClimateId2	12345	18-10-2004	0.1	16.2	0.5	10.4187	1.1	0.8
ClimateId2	12345	19-10-2004	0.0	14.0	3.1	7.2193	1.1	0.6
ClimateId2	12345	20-10-2004	0.0	15.9	4.7	8.3211	1.0	0.6
ClimateId2	12345	21-10-2004	1.4	19.5	9.1	7.0118	0.9	0.9
ClimateId2	12345	22-10-2004	5.6	15.0	12.7	2.3996	0.9	0.6
ClimateId2	12345	23-10-2004	0.0	17.6	11.6	5.936	1.0	0.9
ClimateId2	12345	24-10-2004	0.0	19.6	9.4	8.5548	1.0	0.9
ClimateId2	12345	25-10-2004	0.0	17.6	6.2	8.1989	0.8	0.7
ClimateId2	12345	26-10-2004	0.0	20.8	6.1	9.0947	1.1	0.8
ClimateId2	12345	27-10-2004	0.0	20.1	7.0	7.8818	1.1	0.8
ClimateId2	12345	28-10-2004	0.0	20.0	9.7	6.5973	3.0	1.2
ClimateId2	12345	29-10-2004	0.1	18.7	10.7	5.6892	2.9	1.2
ClimateId2	12345	30-10-2004	6.4	20.0	13.2	5.158	2.3	1.2
ClimateId2	12345	31-10-2004	7.6	12.6	10.9	2.0445	1.4	0.6
ClimateId2	12345	01-11-2004	0.1	13.1	8.9	3.0849	1.1	0.5
ClimateId2	12345	02-11-2004	0.2	14.2	11.5	1.8763	0.9	0.6
ClimateId2	12345	03-11-2004	0.1	14.0	11.7	1.8381	1.0	0.6
ClimateId2	12345	04-11-2004	0.0	12.9	12.0	1.6094	1.0	0.7
ClimateId2	12345	05-11-2004	0.1	11.8	9.2	1.6968	0.7	0.6
ClimateId2	12345	06-11-2004	0.0	10.5	7.3	2.6043	1.2	0.8
ClimateId2	12345	07-11-2004	0.3	9.1	3.2	4.3754	1.2	0.5
ClimateId2	12345	08-11-2004	0.7	7.5	-0.3	4.4637	3.8	0.8
ClimateId2	12345	09-11-2004	4.6	3.5	2.0	2.2686	2.2	0.5
ClimateId2	12345	10-11-2004	17.6	4.5	0.4	2.4793	2.2	0.3
ClimateId2	12345	11-11-2004	0.1	8.2	3.5	2.8887	1.6	0.4
ClimateId2	12345	12-11-2004	1.3	9.7	5.4	2.208	1.3	0.4
ClimateId2	12345	13-11-2004	6.7	7.3	4.5	2.0498	2.5	0.7
ClimateId2	12345	14-11-2004	0.0	5.2	3.4	1.968	5.7	2.0
ClimateId2	12345	15-11-2004	0.0	5.1	2.7	2.3829	3.1	1.4
ClimateId2	12345	16-11-2004	0.0	6.8	-3.3	5.2135	1.2	0.2
ClimateId2	12345	17-11-2004	0.0	11.7	-0.9	5.6499	1.1	0.3
ClimateId2	12345	18-11-2004	0.0	12.1	0.4	5.0434	0.9	0.3
ClimateId2	12345	19-11-2004	0.9	12.0	1.1	4.8095	3.4	1.0
ClimateId2	12345	20-11-2004	0.0	6.0	-3.1	5.4125	2.3	0.6
ClimateId2	12345	21-11-2004	0.0	6.3	-2.3	5.0045	1.9	0.7
ClimateId2	12345	22-11-2004	0.0	3.5	-5.0	3.6044	0.9	0.3
ClimateId2	12345	23-11-2004	0.0	12.1	-1.5	5.5609	2.0	0.4
ClimateId2	12345	24-11-2004	0.0	7.3	-1.4	5.5169	2.3	0.7
ClimateId2	12345	25-11-2004	0.0	4.2	-6.1	5.6873	1.4	0.2
ClimateId2	12345	26-11-2004	0.0	8.5	-5.7	6.604	1.0	0.0
ClimateId2	12345	27-11-2004	0.0	4.9	-4.1	3.8931	1.1	0.2
ClimateId2	12345	28-11-2004	0.0	7.5	-3.5	4.4952	1.4	0.1
ClimateId2	12345	29-11-2004	0.0	8.3	0.6	3.0977	1.2	0.4
ClimateId2	12345	30-11-2004	4.8	3.5	1.5	0.9896	1.2	0.4
ClimateId2	12345	01-12-2004	0.0	4.6	2.5	0.9338	1.1	0.4
ClimateId2	12345	02-12-2004	0.0	11.6	2.8	4.3189	1.9	0.2
ClimateId2	12345	03-12-2004	0.0	7.3	2.5	2.7676	1.4	0.4
ClimateId2	12345	04-12-2004	0.0	5.9	-1.6	3.3086	0.8	0.1
ClimateId2	12345	05-12-2004	0.4	4.7	0.8	1.8824	1.1	0.3
ClimateId2	12345	06-12-2004	0.0	5.4	2.1	2.0617	1.2	0.3
ClimateId2	12345	07-12-2004	0.0	4.3	-0.4	2.4756	1.1	0.2
ClimateId2	12345	08-12-2004	0.0	2.2	1.2	0.5479	1.3	0.5
ClimateId2	12345	09-12-2004	0.0	0.8	0.1	0.3219	1.2	0.6
ClimateId2	12345	10-12-2004	0.0	-0.6	-1.3	0.745	1.4	0.6
ClimateId2	12345	11-12-2004	0.0	1.4	-2.6	2.7694	1.4	0.3
ClimateId2	12345	12-12-2004	0.0	-2.8	-4.6	0.4323	0.9	0.3
ClimateId2	12345	13-12-2004	0.0	-2.5	-3.5	0.6393	0.9	0.4
ClimateId2	12345	14-12-2004	0.0	-3.1	-3.9	0.5449	1.3	0.4
ClimateId2	12345	15-12-2004	0.0	-3.8	-4.4	0.0756	1.3	0.4
ClimateId2	12345	16-12-2004	0.0	-3.9	-4.8	0.1566	1.3	0.4
ClimateId2	12345	17-12-2004	0.6	-0.9	-4.2	1.1175	0.9	0.2
ClimateId2	12345	18-12-2004	0.0	3.3	-1.3	2.3726	1.4	0.3
ClimateId2	12345	19-12-2004	0.0	4.3	-6.5	4.2024	1.7	0.2
ClimateId2	12345	20-12-2004	0.0	3.5	-1.9	3.976	2.4	0.6
ClimateId2	12345	21-12-2004	0.0	2.9	-8.2	4.8714	1.1	0.1
ClimateId2	12345	22-12-2004	0.0	0.9	-7.7	3.6919	1.3	0.1
ClimateId2	12345	23-12-2004	0.0	1.9	-6.8	3.1322	1.3	0.2
ClimateId2	12345	24-12-2004	0.0	7.3	-4.7	3.7935	1.1	0.3
ClimateId2	12345	25-12-2004	0.0	11.5	-3.6	4.7281	3.2	0.2
ClimateId2	12345	26-12-2004	16.3	5.3	3.2	0.5389	1.4	0.5
ClimateId2	12345	27-12-2004	7.0	4.5	1.4	1.2018	1.2	0.3
ClimateId2	12345	28-12-2004	1.9	1.9	1.6	0.112	1.0	0.5
ClimateId2	12345	29-12-2004	0.0	5.5	0.2	3.4077	2.2	0.4
ClimateId2	12345	30-12-2004	0.0	4.9	-2.9	3.9602	1.5	0.3
ClimateId2	12345	31-12-2004	0.0	5.6	-4.3	5.1714	1.0	0.0
ClimateId2	12345	01-01-2005	0.0	6.9	-2.6	3.9266	0.9	0.1
ClimateId2	12345	02-01-2005	0.9	8.8	-2.6	3.729	1.2	0.2
ClimateId2	12345	03-01-2005	0.0	7.2	-1.9	4.4468	2.0	0.4
ClimateId2	12345	04-01-2005	0.0	8.0	-1.0	3.5188	1.5	0.5
ClimateId2	12345	05-01-2005	0.0	12.1	-2.3	5.1438	1.2	0.2
ClimateId2	12345	06-01-2005	0.0	12.3	-1.6	5.184	1.8	0.3
ClimateId2	12345	07-01-2005	0.0	10.2	-2.0	4.8983	1.4	0.2
ClimateId2	12345	08-01-2005	0.0	11.8	-2.4	5.4601	1.1	0.2
ClimateId2	12345	09-01-2005	0.0	7.3	-2.4	3.9917	0.9	0.2
ClimateId2	12345	10-01-2005	0.0	10.2	-3.2	5.7192	1.1	0.0
ClimateId2	12345	11-01-2005	0.0	8.6	-3.3	5.4161	1.1	0.1
ClimateId2	12345	12-01-2005	0.0	9.3	-3.7	5.6251	0.8	0.1
ClimateId2	12345	13-01-2005	0.1	5.1	-3.5	3.9557	1.1	0.1
ClimateId2	12345	14-01-2005	0.0	6.0	-2.9	4.6199	1.5	0.3
ClimateId2	12345	15-01-2005	0.0	5.9	-4.6	5.0857	2.2	0.4
ClimateId2	12345	16-01-2005	0.0	3.5	-5.4	5.0343	1.3	0.2
ClimateId2	12345	17-01-2005	0.0	2.9	-7.6	6.0628	1.3	0.1
ClimateId2	12345	18-01-2005	0.0	-1.5	-8.8	4.2121	1.3	0.0
ClimateId2	12345	19-01-2005	0.0	0.9	-3.8	3.2414	1.1	0.3
ClimateId2	12345	20-01-2005	1.9	2.9	-7.5	4.0028	2.2	0.3
ClimateId2	12345	21-01-2005	3.4	8.0	-1.2	4.7337	3.2	0.7
ClimateId2	12345	22-01-2005	0.0	6.6	-2.8	5.7016	2.5	0.6
ClimateId2	12345	23-01-2005	0.0	6.0	-5.2	5.4151	1.3	0.4
ClimateId2	12345	24-01-2005	0.3	0.7	-6.2	3.1106	1.4	0.3
ClimateId2	12345	25-01-2005	0.1	0.5	-2.7	3.0353	4.2	1.1
ClimateId2	12345	26-01-2005	0.1	-2.0	-3.4	1.0164	6.9	1.5
ClimateId2	12345	27-01-2005	0.4	-1.4	-4.7	2.6776	3.7	1.1
ClimateId2	12345	28-01-2005	0.0	-2.9	-10.8	4.3457	1.7	0.3
ClimateId2	12345	29-01-2005	0.0	-2.1	-7.2	4.0626	3.0	0.6
ClimateId2	12345	30-01-2005	0.0	0.2	-11.2	7.3627	2.2	0.4
ClimateId2	12345	31-01-2005	0.0	4.2	-11.7	4.8281	1.8	0.4
ClimateId2	12345	01-02-2005	0.0	6.2	-2.2	5.5835	2.6	0.8
ClimateId2	12345	02-02-2005	8.8	4.3	-5.8	5.1684	1.5	0.4
ClimateId2	12345	03-02-2005	9.8	0.7	-0.7	1.8285	0.9	0.4
ClimateId2	12345	04-02-2005	0.0	1.7	-4.7	4.9112	1.8	0.5
ClimateId2	12345	05-02-2005	0.0	-1.4	-13.7	7.8943	1.2	0.1
ClimateId2	12345	06-02-2005	0.0	-1.3	-16.3	8.3812	0.9	0.2
ClimateId2	12345	07-02-2005	0.0	-4.8	-18.5	8.0031	0.8	0.1
ClimateId2	12345	08-02-2005	0.0	-3.6	-20.0	9.3346	1.0	0.2
ClimateId2	12345	09-02-2005	0.0	-2.9	-20.0	9.3104	0.9	0.2
ClimateId2	12345	10-02-2005	0.0	1.5	-18.1	9.76	0.9	0.1
ClimateId2	12345	11-02-2005	0.0	4.9	-5.0	5.1411	0.9	0.5
ClimateId2	12345	12-02-2005	0.2	5.8	-0.2	3.9315	2.0	0.7
ClimateId2	12345	13-02-2005	0.0	9.1	1.4	6.9801	2.3	0.9
ClimateId2	12345	14-02-2005	0.0	6.7	-2.8	7.5265	1.8	0.8
ClimateId2	12345	15-02-2005	0.0	2.7	-3.3	4.6557	3.6	1.0
ClimateId2	12345	16-02-2005	0.0	4.2	-0.7	5.2004	3.4	1.3
ClimateId2	12345	17-02-2005	0.0	4.7	-0.3	4.2923	3.7	1.5
ClimateId2	12345	18-02-2005	0.0	5.0	-1.2	6.9655	1.7	0.9
ClimateId2	12345	19-02-2005	0.0	0.7	-5.2	4.5165	0.9	0.5
ClimateId2	12345	20-02-2005	1.4	2.8	-6.0	5.5011	1.1	0.5
ClimateId2	12345	21-02-2005	13.0	-1.0	-2.5	1.8828	2.1	0.5
ClimateId2	12345	22-02-2005	0.0	2.2	-3.4	5.9897	1.9	0.5
ClimateId2	12345	23-02-2005	4.3	2.8	-3.4	5.9353	1.7	0.5
ClimateId2	12345	24-02-2005	0.0	5.2	-0.3	7.757	2.0	0.9
ClimateId2	12345	25-02-2005	3.7	0.1	-6.1	3.7592	1.5	0.3
ClimateId2	12345	26-02-2005	0.3	1.4	-2.2	4.0452	1.2	0.6
ClimateId2	12345	27-02-2005	0.0	0.3	-4.1	3.9637	4.3	1.4
ClimateId2	12345	28-02-2005	0.0	-3.0	-12.3	10.3754	2.7	0.8
ClimateId2	12345	01-03-2005	0.0	-2.5	-18.7	12.1592	1.5	0.5
ClimateId2	12345	02-03-2005	0.0	-3.0	-18.5	12.6905	1.1	0.5
ClimateId2	12345	03-03-2005	4.5	-0.9	-17.1	11.0413	1.3	0.5
ClimateId2	12345	04-03-2005	0.5	-0.4	-6.1	5.2882	1.7	0.5
ClimateId2	12345	05-03-2005	0.0	0.5	-6.8	7.0811	1.2	0.7
ClimateId2	12345	06-03-2005	0.0	1.9	-13.6	11.5884	1.8	0.7
ClimateId2	12345	07-03-2005	0.0	3.1	-14.4	12.7753	1.7	0.8
ClimateId2	12345	08-03-2005	0.0	5.5	-4.5	8.9624	1.4	1.1
ClimateId2	12345	09-03-2005	3.0	6.4	-3.9	8.9019	1.4	0.9
ClimateId2	12345	10-03-2005	0.2	-0.1	-4.3	8.6718	2.6	1.0
ClimateId2	12345	11-03-2005	0.0	2.3	-13.7	11.4876	1.4	0.7
ClimateId2	12345	12-03-2005	0.2	8.8	-7.3	13.7976	2.9	1.0
ClimateId2	12345	13-03-2005	0.0	9.5	-3.8	13.4702	1.7	1.3
ClimateId2	12345	14-03-2005	0.0	11.0	-5.6	14.3312	1.4	1.2
ClimateId2	12345	15-03-2005	0.0	12.2	-3.0	14.3051	1.3	1.3
ClimateId2	12345	16-03-2005	0.0	18.9	-1.7	16.1735	1.4	1.7
ClimateId2	12345	17-03-2005	0.0	21.7	-0.1	15.911	1.6	2.0
ClimateId2	12345	18-03-2005	0.0	22.2	5.1	14.7398	2.0	2.4
ClimateId2	12345	19-03-2005	5.3	16.1	8.0	7.9914	2.7	2.2
ClimateId2	12345	20-03-2005	0.0	5.6	-1.9	10.1578	1.6	1.2
ClimateId2	12345	21-03-2005	0.0	8.9	-2.1	11.3021	1.1	1.2
ClimateId2	12345	22-03-2005	0.0	11.9	0.2	12.2617	1.6	1.6
ClimateId2	12345	23-03-2005	0.0	14.0	-0.9	14.1662	1.0	1.5
ClimateId2	12345	24-03-2005	0.0	18.1	0.7	17.0924	1.2	1.9
ClimateId2	12345	25-03-2005	5.0	14.4	2.9	10.4899	1.2	1.2
ClimateId2	12345	26-03-2005	0.0	17.9	6.3	13.0468	1.7	1.9
ClimateId2	12345	27-03-2005	6.7	18.3	4.5	15.3454	1.6	1.9
ClimateId2	12345	28-03-2005	0.0	18.0	9.7	12.3428	2.9	2.6
ClimateId2	12345	29-03-2005	0.2	16.5	7.2	10.9447	1.5	1.8
ClimateId2	12345	30-03-2005	4.3	11.3	6.4	7.6336	1.5	1.2
ClimateId2	12345	31-03-2005	0.0	12.6	5.1	11.4551	1.9	2.1
ClimateId2	12345	01-04-2005	0.0	11.7	0.3	16.7641	2.0	2.2
ClimateId2	12345	02-04-2005	0.0	13.3	-1.8	18.3687	1.6	2.1
ClimateId2	12345	03-04-2005	0.0	15.8	-2.1	19.672	1.8	2.3
ClimateId2	12345	04-04-2005	0.0	17.6	-1.0	19.8136	2.0	2.5
ClimateId2	12345	05-04-2005	0.0	19.3	-0.3	20.2224	1.7	2.7
ClimateId2	12345	06-04-2005	0.0	20.0	2.3	20.1024	1.8	2.9
ClimateId2	12345	07-04-2005	0.0	18.0	1.7	14.4974	4.0	2.9
ClimateId2	12345	08-04-2005	0.6	18.3	10.4	13.2333	4.7	3.8
ClimateId2	12345	09-04-2005	20.7	9.8	9.1	2.8417	2.2	1.2
ClimateId2	12345	10-04-2005	4.5	9.2	5.9	6.7722	3.7	1.9
ClimateId2	12345	11-04-2005	3.6	8.6	4.0	7.2238	3.2	1.5
ClimateId2	12345	12-04-2005	2.9	10.3	5.6	7.6684	2.1	1.4
ClimateId2	12345	13-04-2005	2.1	12.6	6.9	9.384	1.5	1.6
ClimateId2	12345	14-04-2005	0.4	19.7	5.2	17.7455	1.8	2.7
ClimateId2	12345	15-04-2005	0.0	21.4	5.0	20.7291	2.3	3.2
ClimateId2	12345	16-04-2005	0.0	20.6	5.9	18.6742	2.7	3.3
ClimateId2	12345	17-04-2005	0.0	16.8	8.8	14.6878	2.0	2.8
ClimateId2	12345	18-04-2005	13.3	14.1	4.6	11.8805	2.4	2.0
ClimateId2	12345	19-04-2005	9.2	12.9	9.3	7.9251	1.8	1.5
ClimateId2	12345	20-04-2005	8.4	10.8	6.1	7.9209	1.6	1.3
ClimateId2	12345	21-04-2005	0.0	9.7	3.9	15.5969	3.8	3.0
ClimateId2	12345	22-04-2005	0.0	13.8	-2.3	22.2594	1.8	2.7
ClimateId2	12345	23-04-2005	0.0	18.0	-0.7	22.4342	2.3	3.1
ClimateId2	12345	24-04-2005	0.1	18.6	4.3	18.4342	3.5	3.2
ClimateId2	12345	25-04-2005	2.1	18.1	10.8	13.0853	3.7	3.2
ClimateId2	12345	26-04-2005	0.7	18.1	8.9	15.6495	2.0	3.0
ClimateId2	12345	27-04-2005	8.0	23.1	5.6	21.5593	2.3	3.7
ClimateId2	12345	28-04-2005	0.0	19.7	8.1	18.0067	1.9	3.3
ClimateId2	12345	29-04-2005	0.1	20.0	4.7	21.2227	1.6	3.3
ClimateId2	12345	30-04-2005	0.0	20.7	9.3	19.3549	1.2	3.3
ClimateId2	12345	01-05-2005	0.1	25.3	7.1	23.3347	1.5	3.9
ClimateId2	12345	02-05-2005	0.0	28.6	9.8	23.5271	1.6	4.4
ClimateId2	12345	03-05-2005	4.0	28.1	11.3	19.8978	2.5	4.4
ClimateId2	12345	04-05-2005	5.2	20.7	13.9	15.1379	2.1	3.3
ClimateId2	12345	05-05-2005	2.6	17.0	10.6	12.2514	1.8	2.4
ClimateId2	12345	06-05-2005	0.0	17.5	9.0	16.9002	2.4	3.3
ClimateId2	12345	07-05-2005	5.4	17.0	5.2	18.3772	1.8	3.0
ClimateId2	12345	08-05-2005	1.5	14.6	7.1	17.4691	2.8	3.2
ClimateId2	12345	09-05-2005	0.0	12.8	3.3	15.6764	2.0	2.4
ClimateId2	12345	10-05-2005	1.6	13.2	1.3	16.0491	1.8	2.1
ClimateId2	12345	11-05-2005	0.7	16.4	7.3	17.7025	2.1	3.3
ClimateId2	12345	12-05-2005	0.0	17.4	1.8	24.3841	1.5	3.4
ClimateId2	12345	13-05-2005	0.0	19.4	2.8	24.3356	1.9	3.6
ClimateId2	12345	14-05-2005	1.3	22.1	5.0	21.9571	2.5	3.7
ClimateId2	12345	15-05-2005	0.6	19.2	12.2	13.1059	1.7	2.7
ClimateId2	12345	16-05-2005	0.0	20.6	10.8	15.1801	1.5	3.0
ClimateId2	12345	17-05-2005	6.5	21.9	11.9	16.7279	2.4	3.6
ClimateId2	12345	18-05-2005	31.6	14.8	11.9	8.1779	3.1	2.1
ClimateId2	12345	19-05-2005	0.0	13.6	9.2	10.965	4.3	3.1
ClimateId2	12345	20-05-2005	0.0	19.7	3.9	25.2801	1.7	3.9
ClimateId2	12345	21-05-2005	0.0	23.7	4.8	26.875	1.6	4.2
ClimateId2	12345	22-05-2005	0.0	24.7	9.0	23.2928	2.0	4.2
ClimateId2	12345	23-05-2005	0.5	26.5	10.2	21.029	2.5	4.3
ClimateId2	12345	24-05-2005	0.0	22.4	12.8	19.8807	2.5	4.3
ClimateId2	12345	25-05-2005	0.0	24.0	9.5	25.5496	2.3	4.7
ClimateId2	12345	26-05-2005	0.0	24.1	9.5	24.4473	1.5	4.4
ClimateId2	12345	27-05-2005	0.0	28.7	10.3	24.9506	1.9	4.7
ClimateId2	12345	28-05-2005	0.0	29.9	12.7	26.9824	1.6	5.3
ClimateId2	12345	29-05-2005	0.0	30.6	13.8	26.026	1.7	5.4
ClimateId2	12345	30-05-2005	1.9	31.6	14.8	25.6593	2.6	5.8
ClimateId2	12345	31-05-2005	0.1	20.3	14.9	14.0109	2.6	3.7
ClimateId2	12345	01-06-2005	0.0	21.4	8.9	22.7879	1.5	4.1
ClimateId2	12345	02-06-2005	0.0	22.9	9.4	24.4691	1.6	4.4
ClimateId2	12345	03-06-2005	0.0	25.3	9.5	26.5214	2.2	5.0
ClimateId2	12345	04-06-2005	19.6	27.1	11.3	24.716	2.2	4.9
ClimateId2	12345	05-06-2005	6.0	18.5	13.4	12.8275	1.6	2.7
ClimateId2	12345	06-06-2005	2.6	21.2	10.9	18.6674	1.5	3.6
ClimateId2	12345	07-06-2005	5.4	15.7	8.6	15.8734	2.2	3.0
ClimateId2	12345	08-06-2005	0.4	16.0	5.3	20.7405	4.3	4.0
ClimateId2	12345	09-06-2005	0.0	13.6	8.2	13.5822	4.8	3.6
ClimateId2	12345	10-06-2005	0.0	18.3	9.5	17.1353	3.7	4.2
ClimateId2	12345	11-06-2005	2.5	21.0	6.9	21.4171	1.9	3.9
ClimateId2	12345	12-06-2005	0.1	21.6	11.3	19.5433	2.2	3.9
ClimateId2	12345	13-06-2005	0.0	25.9	9.6	28.0963	2.9	5.3
ClimateId2	12345	14-06-2005	0.0	26.4	11.0	21.9143	2.7	4.7
ClimateId2	12345	15-06-2005	10.0	26.0	15.2	20.7092	1.9	4.5
ClimateId2	12345	16-06-2005	10.1	25.7	15.9	20.4553	1.8	4.4
ClimateId2	12345	17-06-2005	0.0	27.9	13.4	23.8211	1.6	4.9
ClimateId2	12345	18-06-2005	0.0	27.1	16.1	20.7253	1.7	4.7
ClimateId2	12345	19-06-2005	0.0	24.2	11.4	25.5646	2.2	4.9
ClimateId2	12345	20-06-2005	0.0	25.8	11.5	25.2602	1.7	4.8
ClimateId2	12345	21-06-2005	0.0	27.3	12.6	26.6977	1.5	5.2
ClimateId2	12345	22-06-2005	0.8	29.5	12.9	24.2318	1.7	5.0
ClimateId2	12345	23-06-2005	0.0	27.4	15.7	23.5532	1.8	5.1
ClimateId2	12345	24-06-2005	0.0	27.6	14.7	24.9314	1.8	5.2
ClimateId2	12345	25-06-2005	0.0	30.5	14.8	25.043	1.6	5.3
ClimateId2	12345	26-06-2005	0.0	28.0	17.5	19.7093	1.4	4.4
ClimateId2	12345	27-06-2005	0.6	27.9	15.9	21.8904	1.5	4.5
ClimateId2	12345	28-06-2005	1.3	30.6	15.4	24.265	1.5	5.2
ClimateId2	12345	29-06-2005	15.6	28.2	14.5	20.2301	1.5	4.3
ClimateId2	12345	30-06-2005	14.2	27.2	16.5	19.2595	2.0	4.3
ClimateId2	12345	01-07-2005	17.2	19.0	16.9	7.6371	1.6	2.0
ClimateId2	12345	02-07-2005	0.0	21.0	12.5	15.758	3.3	3.7
ClimateId2	12345	03-07-2005	0.0	26.0	14.7	25.6483	2.8	5.6
ClimateId2	12345	04-07-2005	0.0	26.2	11.5	27.012	2.1	5.1
ClimateId2	12345	05-07-2005	21.9	20.1	14.7	11.9638	1.8	2.8
ClimateId2	12345	06-07-2005	1.3	22.6	7.9	26.4444	1.7	4.4
ClimateId2	12345	07-07-2005	6.9	23.5	11.2	19.2866	1.5	3.7
ClimateId2	12345	08-07-2005	17.3	16.1	14.5	6.886	1.9	1.7
ClimateId2	12345	09-07-2005	5.6	17.2	12.7	10.7837	1.2	2.1
ClimateId2	12345	10-07-2005	4.6	22.5	13.0	16.7067	1.2	3.2
ClimateId2	12345	11-07-2005	7.1	20.7	14.8	13.4826	2.0	2.9
ClimateId2	12345	12-07-2005	7.8	17.6	15.3	8.6108	2.8	2.0
ClimateId2	12345	13-07-2005	3.9	26.6	14.8	22.9737	2.6	5.0
ClimateId2	12345	14-07-2005	0.3	27.4	14.1	23.3263	2.1	4.9
ClimateId2	12345	15-07-2005	0.2	28.4	12.8	26.6508	1.7	5.1
ClimateId2	12345	16-07-2005	5.4	28.4	17.4	19.4867	2.0	4.6
ClimateId2	12345	17-07-2005	0.0	29.5	15.5	23.7137	1.6	5.0
ClimateId2	12345	18-07-2005	0.4	30.6	15.9	24.1256	2.0	5.2
ClimateId2	12345	19-07-2005	3.4	25.9	19.1	17.2798	1.9	4.2
ClimateId2	12345	20-07-2005	2.0	25.5	13.0	23.6169	1.8	4.5
ClimateId2	12345	21-07-2005	5.5	20.4	15.7	16.1398	2.0	3.3
ClimateId2	12345	22-07-2005	1.7	24.7	11.3	19.8491	1.3	3.7
ClimateId2	12345	23-07-2005	4.0	21.4	14.8	14.1776	1.4	2.9
ClimateId2	12345	24-07-2005	0.0	24.8	14.6	21.053	1.4	4.1
ClimateId2	12345	25-07-2005	5.6	28.3	15.6	22.2746	2.1	4.7
ClimateId2	12345	26-07-2005	26.0	26.7	16.0	17.8046	1.8	3.8
ClimateId2	12345	27-07-2005	0.0	29.5	17.2	23.9051	1.3	4.9
ClimateId2	12345	28-07-2005	0.0	32.5	17.6	25.3502	1.6	5.5
ClimateId2	12345	29-07-2005	0.0	32.6	17.9	25.0761	1.8	5.4
ClimateId2	12345	30-07-2005	0.0	31.6	20.4	21.704	1.5	5.0
ClimateId2	12345	31-07-2005	0.0	27.3	20.2	16.7204	2.3	4.4
ClimateId2	12345	01-08-2005	0.0	27.8	17.4	22.4254	1.6	4.8
ClimateId2	12345	02-08-2005	0.0	28.5	14.5	21.7998	1.4	4.4
ClimateId2	12345	03-08-2005	18.9	22.0	16.1	8.3024	1.7	2.0
ClimateId2	12345	04-08-2005	0.2	19.2	15.9	7.8854	3.0	2.8
ClimateId2	12345	05-08-2005	0.1	22.1	15.2	15.5979	3.4	4.3
ClimateId2	12345	06-08-2005	7.8	24.4	9.1	19.353	1.8	3.6
ClimateId2	12345	07-08-2005	2.0	16.7	12.5	10.2495	1.7	2.2
ClimateId2	12345	08-08-2005	0.0	19.9	6.6	21.0717	2.1	3.5
ClimateId2	12345	09-08-2005	0.0	22.5	6.1	23.4837	1.9	3.7
ClimateId2	12345	10-08-2005	0.0	25.6	8.9	23.698	1.8	4.0
ClimateId2	12345	11-08-2005	3.9	22.8	11.2	16.3489	1.2	2.9
ClimateId2	12345	12-08-2005	0.6	20.4	16.0	11.5244	1.2	2.6
ClimateId2	12345	13-08-2005	5.9	25.4	9.4	20.6617	1.4	3.5
ClimateId2	12345	14-08-2005	30.9	23.1	14.4	16.1143	2.2	3.3
ClimateId2	12345	15-08-2005	2.4	16.9	12.1	9.2093	1.7	1.9
ClimateId2	12345	16-08-2005	4.5	17.0	12.5	7.9969	1.6	1.7
ClimateId2	12345	17-08-2005	4.2	18.1	14.8	8.4015	2.6	1.9
ClimateId2	12345	18-08-2005	0.0	25.0	14.4	19.3119	1.6	3.7
ClimateId2	12345	19-08-2005	6.6	25.8	13.6	17.3824	1.4	3.3
ClimateId2	12345	20-08-2005	40.0	25.2	14.2	15.669	1.5	3.0
ClimateId2	12345	21-08-2005	48.4	19.1	16.8	6.2929	1.7	1.5
ClimateId2	12345	22-08-2005	13.7	20.4	16.1	10.3186	1.8	2.3
ClimateId2	12345	23-08-2005	8.6	22.6	12.0	15.2804	1.1	2.7
ClimateId2	12345	24-08-2005	0.0	24.0	14.3	14.4417	1.2	2.9
ClimateId2	12345	25-08-2005	0.4	25.6	11.3	21.1615	1.5	3.5
ClimateId2	12345	26-08-2005	20.8	20.8	16.5	8.0602	1.4	2.0
ClimateId2	12345	27-08-2005	5.5	17.9	14.5	7.6975	1.2	1.6
ClimateId2	12345	28-08-2005	0.0	20.4	15.0	9.0	1.2	1.9
ClimateId2	12345	29-08-2005	0.0	25.0	14.1	17.4964	1.2	3.1
ClimateId2	12345	30-08-2005	0.5	25.3	13.3	16.8327	1.2	2.9
ClimateId2	12345	31-08-2005	0.1	25.9	14.8	16.7139	1.2	3.1
ClimateId2	12345	01-09-2005	0.0	27.1	14.2	18.8072	1.1	3.3
ClimateId2	12345	02-09-2005	2.6	26.8	15.4	16.7358	1.4	3.1
ClimateId2	12345	03-09-2005	0.4	24.0	15.2	13.6121	1.4	2.7
ClimateId2	12345	04-09-2005	0.0	21.4	13.7	10.7571	1.3	2.3
ClimateId2	12345	05-09-2005	0.0	22.7	9.6	18.3344	0.9	2.7
ClimateId2	12345	06-09-2005	0.0	23.3	9.4	18.1502	1.4	2.8
ClimateId2	12345	07-09-2005	0.0	24.6	9.1	18.474	2.2	2.9
ClimateId2	12345	08-09-2005	0.0	26.4	10.8	19.1339	1.8	3.1
ClimateId2	12345	09-09-2005	0.4	25.5	14.8	13.446	2.7	2.9
ClimateId2	12345	10-09-2005	0.0	24.3	16.6	12.0273	1.6	2.5
ClimateId2	12345	11-09-2005	0.1	24.2	14.6	13.1907	1.4	2.5
ClimateId2	12345	12-09-2005	0.0	26.0	13.6	17.3262	2.0	3.2
ClimateId2	12345	13-09-2005	19.3	25.0	11.9	15.1275	1.2	2.6
ClimateId2	12345	14-09-2005	0.0	23.5	11.3	15.8977	1.0	2.4
ClimateId2	12345	15-09-2005	0.0	24.0	10.1	15.9038	0.9	2.4
ClimateId2	12345	16-09-2005	15.4	24.8	11.5	15.292	2.0	2.6
ClimateId2	12345	17-09-2005	14.1	15.2	14.4	3.7359	2.4	1.4
ClimateId2	12345	18-09-2005	8.6	11.2	9.3	4.149	2.8	1.2
ClimateId2	12345	19-09-2005	14.5	11.4	9.1	4.3448	1.6	1.0
ClimateId2	12345	20-09-2005	1.5	12.0	9.4	4.8419	2.3	1.1
ClimateId2	12345	21-09-2005	0.2	14.5	9.5	6.5142	1.7	1.4
ClimateId2	12345	22-09-2005	0.5	15.3	11.6	5.1436	1.4	1.1
ClimateId2	12345	23-09-2005	0.0	19.1	8.8	11.8995	0.9	1.7
ClimateId2	12345	24-09-2005	0.0	20.8	6.9	14.622	1.0	1.8
ClimateId2	12345	25-09-2005	0.0	21.1	7.6	14.8005	1.1	1.8
ClimateId2	12345	26-09-2005	0.0	21.7	7.7	15.0507	1.1	1.8
ClimateId2	12345	27-09-2005	9.8	20.3	9.0	9.9218	1.3	1.5
ClimateId2	12345	28-09-2005	0.0	19.3	11.8	8.4765	1.2	1.5
ClimateId2	12345	29-09-2005	16.9	14.4	10.9	3.9894	1.2	0.9
ClimateId2	12345	30-09-2005	0.0	16.2	7.2	12.7424	2.0	1.7
ClimateId2	12345	01-10-2005	0.0	16.0	3.4	14.218	1.4	1.4
ClimateId2	12345	02-10-2005	2.1	15.7	6.7	8.3104	1.5	1.2
ClimateId2	12345	03-10-2005	4.3	14.2	11.0	3.5299	1.9	0.8
ClimateId2	12345	04-10-2005	3.5	17.0	13.5	4.4664	1.7	0.9
ClimateId2	12345	05-10-2005	0.0	18.2	13.8	5.1254	2.2	1.4
ClimateId2	12345	06-10-2005	0.0	18.8	9.6	8.6727	1.9	1.4
ClimateId2	12345	07-10-2005	0.0	17.1	7.5	9.7374	1.7	1.2
ClimateId2	12345	08-10-2005	0.0	14.8	8.0	6.9276	2.1	1.3
ClimateId2	12345	09-10-2005	0.0	15.6	7.5	8.2027	1.4	1.2
ClimateId2	12345	10-10-2005	0.0	18.0	4.6	12.0577	1.2	1.2
ClimateId2	12345	11-10-2005	0.0	15.2	4.4	8.1449	1.0	0.9
ClimateId2	12345	12-10-2005	0.0	14.9	5.7	8.8879	1.1	1.0
ClimateId2	12345	13-10-2005	0.0	15.5	4.0	10.0107	1.0	1.0
ClimateId2	12345	14-10-2005	0.0	16.6	5.4	10.231	1.1	1.0
ClimateId2	12345	15-10-2005	0.0	15.6	4.8	9.5603	1.1	0.9
ClimateId2	12345	16-10-2005	0.0	14.5	3.0	10.9015	2.0	1.1
ClimateId2	12345	17-10-2005	0.0	12.0	2.7	9.8142	2.2	1.1
ClimateId2	12345	18-10-2005	0.0	12.4	0.0	11.4629	1.4	0.8
ClimateId2	12345	19-10-2005	0.0	10.4	-2.1	9.5524	1.3	0.6
ClimateId2	12345	20-10-2005	0.0	12.1	-0.6	8.1676	1.3	0.5
ClimateId2	12345	21-10-2005	0.0	16.6	6.2	7.9906	2.0	1.0
ClimateId2	12345	22-10-2005	0.0	19.5	6.8	10.2659	1.8	1.1
ClimateId2	12345	23-10-2005	3.8	21.7	6.4	10.4852	2.1	1.1
ClimateId2	12345	24-10-2005	0.0	18.0	10.5	8.0255	1.7	1.0
ClimateId2	12345	25-10-2005	0.0	18.3	6.5	7.5821	1.6	0.9
ClimateId2	12345	26-10-2005	0.0	20.6	5.0	9.2611	1.2	0.8
ClimateId2	12345	27-10-2005	0.0	19.9	5.6	10.0582	1.1	0.7
ClimateId2	12345	28-10-2005	0.0	17.2	5.0	8.2401	1.2	0.6
ClimateId2	12345	29-10-2005	0.0	13.8	8.6	4.3838	1.6	1.2
ClimateId2	12345	30-10-2005	0.0	9.1	5.0	3.2483	1.5	0.7
ClimateId2	12345	31-10-2005	0.0	7.7	5.4	2.6026	1.4	0.7
ClimateId2	12345	01-11-2005	0.0	8.2	1.8	3.6693	1.3	0.4
ClimateId2	12345	02-11-2005	0.0	14.1	5.2	5.9718	0.9	0.6
ClimateId2	12345	03-11-2005	0.0	11.5	5.5	3.2079	1.2	0.5
ClimateId2	12345	04-11-2005	0.0	12.0	7.8	3.4207	1.5	0.6
ClimateId2	12345	05-11-2005	0.1	12.7	6.9	3.3727	1.0	0.6
ClimateId2	12345	06-11-2005	0.3	11.8	8.7	2.471	1.1	0.7
ClimateId2	12345	07-11-2005	0.9	11.0	6.7	2.7114	0.9	0.5
ClimateId2	12345	08-11-2005	0.0	13.1	6.6	5.9078	1.0	0.5
ClimateId2	12345	09-11-2005	0.0	10.5	1.9	5.9994	1.0	0.2
ClimateId2	12345	10-11-2005	0.0	6.1	1.7	3.3634	1.1	0.2
ClimateId2	12345	11-11-2005	0.0	7.0	3.7	2.0989	1.6	0.4
ClimateId2	12345	12-11-2005	0.1	5.3	4.0	1.4066	1.7	0.5
ClimateId2	12345	13-11-2005	0.0	4.5	3.7	1.2818	1.5	0.5
ClimateId2	12345	14-11-2005	0.0	3.8	2.7	1.2804	2.0	0.5
ClimateId2	12345	15-11-2005	0.0	11.1	2.1	5.7815	1.9	0.3
ClimateId2	12345	16-11-2005	1.3	11.1	0.5	5.4655	1.4	0.2
ClimateId2	12345	17-11-2005	0.1	9.2	3.6	5.3315	1.6	0.6
ClimateId2	12345	18-11-2005	0.7	7.6	-3.8	5.757	1.2	0.2
ClimateId2	12345	19-11-2005	0.0	4.0	-2.2	4.5676	1.9	0.4
ClimateId2	12345	20-11-2005	0.0	3.6	-5.0	3.9128	1.2	0.3
ClimateId2	12345	21-11-2005	0.7	3.1	-3.6	3.1752	1.6	0.3
ClimateId2	12345	22-11-2005	0.5	1.6	-2.8	2.6288	2.8	0.5
ClimateId2	12345	23-11-2005	1.0	0.3	-2.3	3.5549	3.8	0.6
ClimateId2	12345	24-11-2005	1.4	-1.1	-3.3	1.4404	2.2	0.4
ClimateId2	12345	25-11-2005	11.7	0.1	-5.3	2.8609	1.9	0.2
ClimateId2	12345	26-11-2005	15.0	0.6	-2.0	1.5681	1.1	0.2
ClimateId2	12345	27-11-2005	7.7	1.6	0.1	1.1855	1.3	0.3
ClimateId2	12345	28-11-2005	1.7	2.1	0.0	2.173	1.2	0.3
ClimateId2	12345	29-11-2005	1.5	1.0	-3.9	2.1792	1.3	0.1
ClimateId2	12345	30-11-2005	0.0	1.5	-0.6	1.9286	1.1	0.3
ClimateId2	12345	01-12-2005	0.0	1.5	-2.8	2.2294	1.3	0.2
ClimateId2	12345	02-12-2005	0.0	-0.4	-3.8	2.1547	1.6	0.2
ClimateId2	12345	03-12-2005	0.0	7.6	-3.6	3.0449	2.0	0.1
ClimateId2	12345	04-12-2005	0.0	7.6	-1.6	4.5636	2.0	0.1
ClimateId2	12345	05-12-2005	10.0	6.6	2.5	2.1762	1.8	0.4
ClimateId2	12345	06-12-2005	10.2	4.8	1.5	1.7288	2.3	0.4
ClimateId2	12345	07-12-2005	0.1	8.2	0.3	4.5269	1.0	0.1
ClimateId2	12345	08-12-2005	0.0	7.2	-2.6	4.5688	1.1	0.1
ClimateId2	12345	09-12-2005	0.0	6.5	-2.6	4.4793	1.9	0.2
ClimateId2	12345	10-12-2005	0.0	2.8	-0.1	2.9198	2.6	0.7
ClimateId2	12345	11-12-2005	0.0	1.1	-6.6	4.7259	1.2	0.1
ClimateId2	12345	12-12-2005	2.4	1.0	-7.5	3.5123	1.0	0.1
ClimateId2	12345	13-12-2005	0.1	0.8	-1.8	1.3069	0.9	0.3
ClimateId2	12345	14-12-2005	0.0	2.0	-0.9	1.7572	1.5	0.4
ClimateId2	12345	15-12-2005	0.0	5.2	-2.0	3.8769	1.5	0.2
ClimateId2	12345	16-12-2005	0.6	5.1	-2.5	2.5277	2.9	0.6
ClimateId2	12345	17-12-2005	0.0	5.4	-1.3	4.0233	2.7	0.5
ClimateId2	12345	18-12-2005	0.0	3.2	-4.2	4.5577	2.0	0.3
ClimateId2	12345	19-12-2005	0.0	5.0	-4.8	4.4192	1.8	0.3
ClimateId2	12345	20-12-2005	0.0	6.3	-3.4	3.6153	1.3	0.3
ClimateId2	12345	21-12-2005	0.0	4.9	-1.4	4.5717	1.9	0.3
ClimateId2	12345	22-12-2005	0.0	0.7	-5.9	2.6384	1.2	0.2
ClimateId2	12345	23-12-2005	0.0	3.4	-5.4	2.8905	0.9	0.1
ClimateId2	12345	24-12-2005	0.0	6.8	-1.7	3.3541	1.0	0.3
ClimateId2	12345	25-12-2005	0.0	6.1	-3.7	3.5194	1.1	0.1
ClimateId2	12345	26-12-2005	6.8	1.0	-1.6	1.2146	0.9	0.3
ClimateId2	12345	27-12-2005	12.7	-1.4	-2.3	1.0496	1.6	0.3
ClimateId2	12345	28-12-2005	4.8	-0.5	-3.0	1.2343	1.4	0.3
ClimateId2	12345	29-12-2005	6.5	-1.6	-3.3	1.0584	1.8	0.3
ClimateId2	12345	30-12-2005	0.6	-0.6	-4.0	2.7593	2.1	0.5
ClimateId2	12345	31-12-2005	0.0	-1.1	-13.6	3.8024	1.3	0.1
ClimateId2	12345	01-01-2006	16.9	1.3	-7.5	2.2424	1.8	0.1
ClimateId2	12345	02-01-2006	8.3	1.8	0.0	1.007	2.3	0.4
ClimateId2	12345	03-01-2006	0.0	3.0	0.2	1.3667	1.8	0.4
ClimateId2	12345	04-01-2006	1.0	1.8	-0.8	1.3506	2.1	0.4
ClimateId2	12345	05-01-2006	11.0	0.8	-0.2	1.2366	2.2	0.3
ClimateId2	12345	06-01-2006	1.4	1.6	0.0	1.472	1.4	0.3
ClimateId2	12345	07-01-2006	0.7	1.5	0.0	1.2895	1.3	0.4
ClimateId2	12345	08-01-2006	0.1	0.6	-1.7	1.5954	1.5	0.4
ClimateId2	12345	09-01-2006	0.0	-0.8	-9.3	3.5972	1.5	0.1
ClimateId2	12345	10-01-2006	0.0	-0.4	-10.9	3.2451	1.1	0.1
ClimateId2	12345	11-01-2006	0.0	1.0	-11.2	4.9286	1.1	0.1
ClimateId2	12345	12-01-2006	0.0	1.9	-10.4	4.74	1.3	0.1
ClimateId2	12345	13-01-2006	0.0	-2.2	-10.1	2.4538	1.2	0.2
ClimateId2	12345	14-01-2006	0.0	-3.5	-5.1	1.4489	1.6	0.5
ClimateId2	12345	15-01-2006	0.0	-1.0	-4.9	3.5459	1.7	0.3
ClimateId2	12345	16-01-2006	0.0	-2.7	-8.1	3.0898	1.8	0.3
ClimateId2	12345	17-01-2006	0.0	-5.4	-11.0	2.2848	1.6	0.2
ClimateId2	12345	18-01-2006	0.0	2.6	-6.7	4.3584	1.5	0.1
ClimateId2	12345	19-01-2006	0.0	2.0	-4.8	4.1037	1.6	0.3
ClimateId2	12345	20-01-2006	0.0	1.1	-9.7	4.597	1.2	0.2
ClimateId2	12345	21-01-2006	0.0	5.4	-7.6	5.2405	1.7	0.3
ClimateId2	12345	22-01-2006	0.0	3.8	-3.5	3.2945	2.8	0.8
ClimateId2	12345	23-01-2006	0.0	-7.3	-12.8	4.6871	2.6	0.4
ClimateId2	12345	24-01-2006	0.0	-6.1	-17.1	6.2196	1.2	0.2
ClimateId2	12345	25-01-2006	0.0	-6.8	-18.9	5.8361	2.4	0.3
ClimateId2	12345	26-01-2006	0.0	-7.0	-16.0	4.6344	1.8	0.3
ClimateId2	12345	27-01-2006	0.0	-6.0	-16.3	3.6994	1.5	0.2
ClimateId2	12345	28-01-2006	0.0	-1.0	-11.7	5.252	1.5	0.2
ClimateId2	12345	29-01-2006	0.0	-1.9	-10.8	3.3863	1.5	0.3
ClimateId2	12345	30-01-2006	0.0	-1.0	-4.8	2.604	1.3	0.4
ClimateId2	12345	31-01-2006	0.0	-1.6	-4.6	2.5719	1.6	0.6
ClimateId2	12345	01-02-2006	0.0	0.8	-5.8	4.6816	1.4	0.4
ClimateId2	12345	02-02-2006	0.0	-1.6	-5.8	3.0986	1.3	0.5
ClimateId2	12345	03-02-2006	0.0	-3.3	-8.1	3.0963	1.3	0.5
ClimateId2	12345	04-02-2006	0.0	-2.5	-7.8	3.6229	1.8	0.4
ClimateId2	12345	05-02-2006	0.0	-2.0	-8.5	7.0442	1.8	0.4
ClimateId2	12345	06-02-2006	0.0	-2.2	-11.8	6.3622	1.6	0.4
ClimateId2	12345	07-02-2006	0.0	-1.1	-15.0	5.9023	1.9	0.2
ClimateId2	12345	08-02-2006	0.0	5.5	-5.5	4.9521	1.9	0.6
ClimateId2	12345	09-02-2006	0.1	7.3	-4.2	7.1013	1.8	0.6
ClimateId2	12345	10-02-2006	0.0	5.2	-5.2	4.6661	1.7	0.6
ClimateId2	12345	11-02-2006	0.0	4.7	-5.9	6.9814	2.7	0.7
ClimateId2	12345	12-02-2006	0.0	3.9	-6.4	6.8835	1.8	0.6
ClimateId2	12345	13-02-2006	0.0	2.0	-6.0	4.4557	1.3	0.5
ClimateId2	12345	14-02-2006	0.0	3.3	-6.7	5.5256	1.2	0.5
ClimateId2	12345	15-02-2006	0.0	4.5	-4.6	5.6318	2.0	0.6
ClimateId2	12345	16-02-2006	0.5	9.6	0.1	5.4927	2.7	0.8
ClimateId2	12345	17-02-2006	1.4	8.4	-0.3	5.7413	1.9	0.7
ClimateId2	12345	18-02-2006	2.0	11.1	-1.4	8.2957	2.8	0.8
ClimateId2	12345	19-02-2006	0.0	11.5	-0.5	8.5626	2.8	0.8
ClimateId2	12345	20-02-2006	1.2	11.2	3.1	6.4019	3.3	1.1
ClimateId2	12345	21-02-2006	0.0	11.0	0.2	8.2285	1.9	0.7
ClimateId2	12345	22-02-2006	0.0	4.8	1.6	3.4844	1.6	0.7
ClimateId2	12345	23-02-2006	0.2	3.1	0.1	3.6806	1.9	0.8
ClimateId2	12345	24-02-2006	12.1	2.5	0.5	3.6594	3.7	0.7
ClimateId2	12345	25-02-2006	6.4	1.0	-0.9	3.3377	2.3	0.5
ClimateId2	12345	26-02-2006	1.8	0.9	-2.0	3.5757	1.7	0.6
ClimateId2	12345	27-02-2006	0.0	1.4	-4.2	7.3064	1.7	0.7
ClimateId2	12345	28-02-2006	0.0	0.6	-9.2	8.7089	1.3	0.6
ClimateId2	12345	01-03-2006	0.0	4.9	-9.4	10.5178	1.9	0.7
ClimateId2	12345	02-03-2006	0.0	2.0	-3.7	5.8182	1.5	0.7
ClimateId2	12345	03-03-2006	0.0	6.5	-8.6	10.342	3.7	0.7
ClimateId2	12345	04-03-2006	3.1	8.4	1.8	5.5157	4.2	1.2
ClimateId2	12345	05-03-2006	9.7	-0.2	-1.3	2.9664	2.5	0.6
ClimateId2	12345	06-03-2006	0.0	3.7	-8.1	9.4261	2.0	0.7
ClimateId2	12345	07-03-2006	0.0	4.5	-8.8	10.6081	2.5	0.9
ClimateId2	12345	08-03-2006	0.0	3.7	-8.3	11.4819	2.5	0.9
ClimateId2	12345	09-03-2006	0.0	8.1	-1.1	8.5038	3.2	1.2
ClimateId2	12345	10-03-2006	6.4	5.6	1.1	5.0004	2.1	0.9
ClimateId2	12345	11-03-2006	0.3	9.3	-0.8	10.247	1.7	1.2
ClimateId2	12345	12-03-2006	0.4	3.2	-3.2	5.628	4.7	1.4
ClimateId2	12345	13-03-2006	0.0	1.6	-1.9	5.4798	5.9	1.9
ClimateId2	12345	14-03-2006	0.1	1.0	-2.3	4.8374	2.6	0.9
ClimateId2	12345	15-03-2006	0.1	1.2	-2.3	5.1355	1.3	0.8
ClimateId2	12345	16-03-2006	0.1	2.5	-1.5	5.2566	1.1	0.8
ClimateId2	12345	17-03-2006	0.3	4.6	-0.1	5.6859	1.6	0.9
ClimateId2	12345	18-03-2006	0.0	4.7	-0.6	6.4459	1.2	0.9
ClimateId2	12345	19-03-2006	0.0	10.0	-3.7	14.4826	1.8	1.3
ClimateId2	12345	20-03-2006	0.0	13.6	-3.5	14.8258	1.6	1.6
ClimateId2	12345	21-03-2006	0.0	14.2	-2.0	12.4024	2.5	1.6
ClimateId2	12345	22-03-2006	0.7	16.4	4.2	11.8	2.7	2.0
ClimateId2	12345	23-03-2006	0.0	9.3	3.0	8.3385	3.3	1.9
ClimateId2	12345	24-03-2006	0.0	9.8	-4.2	14.753	2.3	1.5
ClimateId2	12345	25-03-2006	0.0	14.2	-1.2	12.3044	1.5	1.5
ClimateId2	12345	26-03-2006	0.0	14.3	1.4	9.7307	1.5	1.4
ClimateId2	12345	27-03-2006	0.0	20.6	5.1	14.3698	2.3	2.3
ClimateId2	12345	28-03-2006	8.0	17.5	5.5	11.6046	3.2	2.0
ClimateId2	12345	29-03-2006	0.4	14.8	6.1	11.7279	3.1	2.1
ClimateId2	12345	30-03-2006	0.1	17.4	2.3	14.1176	2.6	2.4
ClimateId2	12345	31-03-2006	0.5	17.5	7.2	11.0264	2.1	2.1
ClimateId2	12345	01-04-2006	0.0	20.0	2.5	15.3196	1.8	2.3
ClimateId2	12345	02-04-2006	0.2	19.0	5.4	12.5722	2.0	2.1
ClimateId2	12345	03-04-2006	6.2	15.2	6.1	9.096	2.3	1.8
ClimateId2	12345	04-04-2006	0.0	15.1	1.4	15.7445	2.2	2.1
ClimateId2	12345	05-04-2006	0.4	12.8	2.2	10.269	3.1	1.7
ClimateId2	12345	06-04-2006	0.8	6.7	3.9	6.5532	3.2	1.6
ClimateId2	12345	07-04-2006	0.0	11.8	-2.1	17.9418	2.0	2.1
ClimateId2	12345	08-04-2006	0.0	16.3	-2.0	19.0638	2.3	2.4
ClimateId2	12345	09-04-2006	0.0	17.9	-0.4	18.5973	3.0	2.7
ClimateId2	12345	10-04-2006	13.3	18.3	6.8	14.1071	3.6	2.8
ClimateId2	12345	11-04-2006	9.8	9.8	6.7	6.1198	4.1	1.6
ClimateId2	12345	12-04-2006	0.0	11.1	4.1	9.805	3.6	2.2
ClimateId2	12345	13-04-2006	0.0	13.6	3.6	13.2072	2.3	2.3
ClimateId2	12345	14-04-2006	0.0	19.2	3.3	15.9297	1.9	2.6
ClimateId2	12345	15-04-2006	0.0	17.2	2.7	14.6698	2.6	2.2
ClimateId2	12345	16-04-2006	8.5	14.1	7.8	8.4317	2.3	1.7
ClimateId2	12345	17-04-2006	1.6	17.8	4.3	14.035	1.6	2.2
ClimateId2	12345	18-04-2006	2.0	15.7	7.5	9.955	2.0	1.9
ClimateId2	12345	19-04-2006	0.0	18.3	9.4	12.5938	2.7	2.9
ClimateId2	12345	20-04-2006	0.4	20.0	7.0	17.7705	1.6	3.0
ClimateId2	12345	21-04-2006	0.0	20.9	5.3	19.7525	1.9	3.2
ClimateId2	12345	22-04-2006	0.0	22.2	5.0	19.8026	1.9	3.2
ClimateId2	12345	23-04-2006	4.1	23.2	5.8	18.8456	2.1	3.2
ClimateId2	12345	24-04-2006	0.0	23.4	6.4	20.1255	2.0	3.3
ClimateId2	12345	25-04-2006	0.0	24.6	8.4	17.9992	1.8	3.4
ClimateId2	12345	26-04-2006	3.1	23.3	9.1	14.6552	1.5	3.0
ClimateId2	12345	27-04-2006	9.1	15.4	12.0	6.9173	2.2	1.6
ClimateId2	12345	28-04-2006	21.8	14.5	11.2	7.6046	2.2	1.5
ClimateId2	12345	29-04-2006	15.9	10.8	10.1	4.6298	2.5	1.3
ClimateId2	12345	30-04-2006	8.0	7.1	4.9	7.0648	2.2	1.2
ClimateId2	12345	01-05-2006	0.4	14.9	5.2	16.9313	1.5	2.3
ClimateId2	12345	02-05-2006	0.1	17.4	4.5	15.679	1.4	2.3
ClimateId2	12345	03-05-2006	0.0	19.4	5.1	18.4807	1.6	2.8
ClimateId2	12345	04-05-2006	0.0	18.3	6.4	18.2007	2.2	3.0
ClimateId2	12345	05-05-2006	0.0	20.2	4.5	20.0817	2.0	3.3
ClimateId2	12345	06-05-2006	2.9	20.3	5.7	19.7564	2.3	3.5
ClimateId2	12345	07-05-2006	0.6	17.0	6.3	15.7741	2.0	2.6
ClimateId2	12345	08-05-2006	0.0	19.8	6.0	18.7458	1.8	3.2
ClimateId2	12345	09-05-2006	5.3	20.0	5.5	19.2833	2.1	3.0
ClimateId2	12345	10-05-2006	0.0	21.2	8.9	19.7882	3.2	4.0
ClimateId2	12345	11-05-2006	0.1	20.0	6.5	21.4004	2.3	3.7
ClimateId2	12345	12-05-2006	0.1	23.1	5.7	23.1899	2.1	3.9
ClimateId2	12345	13-05-2006	0.8	24.6	7.5	21.0085	1.9	3.8
ClimateId2	12345	14-05-2006	12.3	21.3	9.5	16.5579	2.0	3.1
ClimateId2	12345	15-05-2006	0.1	21.9	8.1	21.1292	2.0	3.6
ClimateId2	12345	16-05-2006	0.9	25.6	9.8	20.3991	1.9	3.9
ClimateId2	12345	17-05-2006	2.7	23.7	13.8	17.7473	2.3	3.7
ClimateId2	12345	18-05-2006	2.9	25.6	9.0	21.9476	2.2	3.9
ClimateId2	12345	19-05-2006	19.0	19.3	15.4	9.1109	2.2	2.3
ClimateId2	12345	20-05-2006	0.6	17.7	11.3	12.7423	2.2	2.4
ClimateId2	12345	21-05-2006	4.3	17.0	12.7	9.3339	1.8	2.0
ClimateId2	12345	22-05-2006	0.0	25.1	11.4	21.9638	3.5	4.4
ClimateId2	12345	23-05-2006	10.2	23.9	13.8	18.0523	2.6	4.1
ClimateId2	12345	24-05-2006	12.9	12.2	10.7	5.908	2.2	1.4
ClimateId2	12345	25-05-2006	0.0	20.1	6.6	21.5675	1.9	3.5
ClimateId2	12345	26-05-2006	0.3	22.6	9.3	19.0722	1.8	3.5
ClimateId2	12345	27-05-2006	0.4	23.7	12.5	15.665	1.9	3.3
ClimateId2	12345	28-05-2006	5.4	25.1	12.8	16.2518	2.1	3.6
ClimateId2	12345	29-05-2006	23.5	13.0	12.5	4.7959	1.9	1.4
ClimateId2	12345	30-05-2006	4.8	10.6	8.6	6.2261	1.9	1.4
ClimateId2	12345	31-05-2006	1.9	16.6	4.2	21.0727	2.3	3.4
ClimateId2	12345	01-06-2006	0.3	16.8	3.4	19.2403	2.1	3.0
ClimateId2	12345	02-06-2006	4.9	11.8	5.7	9.0651	4.8	2.0
ClimateId2	12345	03-06-2006	0.0	13.4	8.7	11.0302	4.2	2.3
ClimateId2	12345	04-06-2006	0.0	17.8	7.8	16.3874	2.6	3.2
ClimateId2	12345	05-06-2006	0.7	17.4	6.6	18.0466	1.8	3.1
ClimateId2	12345	06-06-2006	3.7	14.7	9.3	10.6174	2.0	2.1
ClimateId2	12345	07-06-2006	1.9	17.8	5.9	20.9106	3.0	3.5
ClimateId2	12345	08-06-2006	0.0	19.3	6.4	22.0963	2.5	3.8
ClimateId2	12345	09-06-2006	0.6	20.5	7.0	22.642	2.1	3.9
ClimateId2	12345	10-06-2006	2.9	18.5	10.8	15.4958	2.5	3.2
ClimateId2	12345	11-06-2006	0.0	19.7	10.3	17.9309	2.1	3.4
ClimateId2	12345	12-06-2006	0.0	24.7	8.5	24.2522	1.5	4.2
ClimateId2	12345	13-06-2006	3.0	25.9	11.4	24.61	2.0	4.8
ClimateId2	12345	14-06-2006	0.0	25.8	12.0	23.5651	1.7	4.4
ClimateId2	12345	15-06-2006	0.0	27.3	12.4	23.7443	1.5	4.6
ClimateId2	12345	16-06-2006	0.0	28.8	14.7	21.4826	1.4	4.4
ClimateId2	12345	17-06-2006	2.4	28.1	16.1	19.1871	1.7	4.2
ClimateId2	12345	18-06-2006	0.0	29.3	15.8	21.5151	1.7	4.5
ClimateId2	12345	19-06-2006	2.1	30.7	17.4	22.4524	2.2	5.1
ClimateId2	12345	20-06-2006	0.0	31.3	19.0	24.434	2.1	5.6
ClimateId2	12345	21-06-2006	0.0	30.9	18.1	16.9575	1.6	4.1
ClimateId2	12345	22-06-2006	12.1	29.2	18.6	20.2488	2.1	4.7
ClimateId2	12345	23-06-2006	0.1	25.9	17.7	19.1289	1.8	4.1
ClimateId2	12345	24-06-2006	0.1	28.7	16.8	22.4588	1.4	4.6
ClimateId2	12345	25-06-2006	0.0	30.2	16.8	23.0033	2.3	5.0
ClimateId2	12345	26-06-2006	0.0	33.3	18.4	23.8721	2.3	5.7
ClimateId2	12345	27-06-2006	5.6	31.0	19.0	21.4324	2.1	5.0
ClimateId2	12345	28-06-2006	30.0	30.5	15.6	23.9559	2.1	5.2
ClimateId2	12345	29-06-2006	19.9	25.1	17.6	14.4604	1.7	3.3
ClimateId2	12345	30-06-2006	5.0	26.2	15.8	21.782	1.6	4.7
ClimateId2	12345	01-07-2006	2.1	23.8	16.1	16.8515	2.7	4.2
ClimateId2	12345	02-07-2006	2.4	21.1	15.1	11.893	1.9	2.8
ClimateId2	12345	03-07-2006	14.1	18.6	16.1	7.5211	1.3	1.8
ClimateId2	12345	04-07-2006	0.0	24.2	14.8	18.8848	1.4	3.7
ClimateId2	12345	05-07-2006	0.0	25.7	11.3	23.732	2.1	4.5
ClimateId2	12345	06-07-2006	0.0	28.0	12.7	24.1576	2.0	4.7
ClimateId2	12345	07-07-2006	10.9	29.5	15.2	19.8895	1.8	4.4
ClimateId2	12345	08-07-2006	0.0	28.3	16.8	21.8621	2.3	4.7
ClimateId2	12345	09-07-2006	0.0	29.1	15.7	20.8429	1.5	4.4
ClimateId2	12345	10-07-2006	2.1	28.8	16.7	21.1222	2.1	4.6
ClimateId2	12345	11-07-2006	0.0	30.8	16.4	23.3224	1.3	5.0
ClimateId2	12345	12-07-2006	0.9	30.4	17.5	20.9672	1.8	4.8
ClimateId2	12345	13-07-2006	1.4	28.6	16.6	23.6851	1.7	5.0
ClimateId2	12345	14-07-2006	1.3	30.1	16.1	22.0734	2.4	5.1
ClimateId2	12345	15-07-2006	0.0	26.2	17.8	23.8908	3.0	5.6
ClimateId2	12345	16-07-2006	0.0	25.3	11.5	25.2057	2.7	5.2
ClimateId2	12345	17-07-2006	0.0	25.9	9.6	26.5533	2.3	5.1
ClimateId2	12345	18-07-2006	0.0	27.6	11.4	25.6996	1.3	4.8
ClimateId2	12345	19-07-2006	0.0	30.7	12.9	24.2573	1.3	4.8
ClimateId2	12345	20-07-2006	0.0	31.7	13.8	24.1345	1.5	5.1
ClimateId2	12345	21-07-2006	0.0	33.4	15.2	23.4648	1.6	5.2
ClimateId2	12345	22-07-2006	0.0	33.1	17.0	23.2842	1.7	5.3
ClimateId2	12345	23-07-2006	0.0	31.6	18.2	19.039	1.8	4.7
ClimateId2	12345	24-07-2006	0.0	30.9	17.1	18.5493	1.6	4.3
ClimateId2	12345	25-07-2006	0.9	31.3	17.7	20.6526	1.6	4.6
ClimateId2	12345	26-07-2006	0.0	32.4	17.5	21.3043	1.5	4.9
ClimateId2	12345	27-07-2006	7.9	32.5	18.0	18.2303	1.7	4.5
ClimateId2	12345	28-07-2006	9.0	32.5	15.7	22.6509	1.7	5.0
ClimateId2	12345	29-07-2006	8.2	30.8	17.5	20.042	2.2	4.6
ClimateId2	12345	30-07-2006	0.4	30.5	18.3	19.6511	1.6	4.4
ClimateId2	12345	31-07-2006	0.0	30.9	16.4	19.1969	1.5	4.4
ClimateId2	12345	01-08-2006	2.5	23.8	18.5	10.6562	1.0	2.5
ClimateId2	12345	02-08-2006	1.3	20.8	17.4	8.0614	1.5	2.2
ClimateId2	12345	03-08-2006	21.5	18.5	13.1	8.1179	1.9	1.9
ClimateId2	12345	04-08-2006	3.2	18.1	12.1	10.2328	1.9	2.0
ClimateId2	12345	05-08-2006	4.1	22.9	12.4	15.1142	1.6	3.1
ClimateId2	12345	06-08-2006	2.1	23.1	13.4	12.1851	1.7	2.7
ClimateId2	12345	07-08-2006	2.2	20.0	14.4	9.0691	2.3	2.1
ClimateId2	12345	08-08-2006	0.0	25.4	15.3	14.7865	2.5	3.7
ClimateId2	12345	09-08-2006	0.0	24.5	12.8	17.556	1.6	3.5
ClimateId2	12345	10-08-2006	0.0	22.6	13.3	12.0455	1.6	2.7
ClimateId2	12345	11-08-2006	0.7	20.8	12.7	13.9723	1.8	2.8
ClimateId2	12345	12-08-2006	34.1	13.3	10.3	6.0406	1.8	1.3
ClimateId2	12345	13-08-2006	0.0	19.1	11.1	14.5364	1.5	2.5
ClimateId2	12345	14-08-2006	2.7	21.1	8.4	17.2782	1.8	2.7
ClimateId2	12345	15-08-2006	0.0	24.2	11.1	20.6316	2.0	3.5
ClimateId2	12345	16-08-2006	0.0	24.9	10.3	18.0538	2.6	3.4
ClimateId2	12345	17-08-2006	0.0	29.0	13.1	20.9941	3.1	4.3
ClimateId2	12345	18-08-2006	0.0	29.5	18.0	19.4057	3.4	4.7
ClimateId2	12345	19-08-2006	0.0	25.9	14.3	14.5052	2.0	3.1
ClimateId2	12345	20-08-2006	2.0	27.9	15.5	17.0095	2.8	3.8
ClimateId2	12345	21-08-2006	0.7	23.2	13.8	14.2066	1.9	2.9
ClimateId2	12345	22-08-2006	1.1	24.3	11.7	16.895	1.5	3.1
ClimateId2	12345	23-08-2006	0.0	23.3	13.2	15.5684	1.7	3.0
ClimateId2	12345	24-08-2006	41.0	24.6	10.2	16.0539	1.8	2.8
ClimateId2	12345	25-08-2006	4.2	18.4	14.0	9.1498	1.7	1.8
ClimateId2	12345	26-08-2006	0.1	22.4	10.7	14.6858	1.3	2.6
ClimateId2	12345	27-08-2006	5.6	22.6	9.9	14.2007	1.8	2.6
ClimateId2	12345	28-08-2006	5.6	21.8	10.1	14.9242	2.0	2.6
ClimateId2	12345	29-08-2006	2.5	20.9	12.6	14.183	2.2	2.8
ClimateId2	12345	30-08-2006	1.6	18.0	10.2	12.6707	2.3	2.4
ClimateId2	12345	31-08-2006	0.0	20.9	9.3	15.0187	3.4	3.0
ClimateId2	12345	01-09-2006	0.0	22.3	5.7	18.9607	1.7	2.8
ClimateId2	12345	02-09-2006	0.0	24.5	8.9	17.6842	1.4	2.8
ClimateId2	12345	03-09-2006	0.0	26.6	12.2	14.0576	1.5	2.7
ClimateId2	12345	04-09-2006	0.0	31.0	14.6	16.8837	1.7	3.5
ClimateId2	12345	05-09-2006	0.0	28.1	14.9	16.507	1.6	3.2
ClimateId2	12345	06-09-2006	0.0	25.1	15.1	14.5112	1.3	2.7
ClimateId2	12345	07-09-2006	0.0	26.1	14.5	12.9143	1.6	2.5
ClimateId2	12345	08-09-2006	1.6	21.4	16.1	8.7557	2.1	2.4
ClimateId2	12345	09-09-2006	0.0	21.2	7.1	16.4983	1.3	2.4
ClimateId2	12345	10-09-2006	0.0	21.9	6.6	16.6096	1.5	2.4
ClimateId2	12345	11-09-2006	0.0	22.2	6.7	15.8741	1.7	2.3
ClimateId2	12345	12-09-2006	0.0	23.0	7.8	15.797	2.0	2.4
ClimateId2	12345	13-09-2006	0.0	23.2	7.1	16.0042	1.9	2.4
ClimateId2	12345	14-09-2006	0.0	24.9	7.9	15.5189	2.2	2.4
ClimateId2	12345	15-09-2006	22.0	20.4	12.6	7.9049	2.3	1.7
ClimateId2	12345	16-09-2006	20.5	16.5	15.0	3.6068	2.6	1.2
ClimateId2	12345	17-09-2006	5.4	20.8	13.9	9.3666	2.0	1.7
ClimateId2	12345	18-09-2006	17.1	19.4	15.3	5.292	1.7	1.4
ClimateId2	12345	19-09-2006	3.9	20.5	13.9	7.8285	1.5	1.6
ClimateId2	12345	20-09-2006	0.0	23.6	13.3	13.1726	1.6	2.3
ClimateId2	12345	21-09-2006	0.0	22.8	9.7	12.5416	1.4	1.9
ClimateId2	12345	22-09-2006	0.0	21.9	10.4	11.0795	1.5	1.7
ClimateId2	12345	23-09-2006	0.0	20.9	8.8	13.8765	1.6	2.0
ClimateId2	12345	24-09-2006	0.0	22.2	8.3	13.4933	2.0	1.9
ClimateId2	12345	25-09-2006	0.0	22.4	9.0	12.1322	2.3	1.8
ClimateId2	12345	26-09-2006	0.0	23.4	9.8	12.9666	2.4	2.1
ClimateId2	12345	27-09-2006	0.3	22.1	11.3	10.6567	1.9	1.9
ClimateId2	12345	28-09-2006	0.0	23.2	10.5	12.0559	1.2	1.8
ClimateId2	12345	29-09-2006	0.0	22.9	9.2	12.3261	1.4	1.7
ClimateId2	12345	30-09-2006	0.1	23.0	9.3	11.1842	1.1	1.6
ClimateId2	12345	01-10-2006	0.0	23.9	9.8	11.3	1.5	1.8
ClimateId2	12345	02-10-2006	0.0	22.9	12.4	7.9435	1.6	1.5
ClimateId2	12345	03-10-2006	4.4	25.1	14.1	10.0638	4.3	2.6
ClimateId2	12345	04-10-2006	15.6	14.4	13.3	3.4615	2.3	1.0
ClimateId2	12345	05-10-2006	0.0	17.3	10.3	7.7257	1.8	1.3
ClimateId2	12345	06-10-2006	0.0	18.8	4.6	12.2487	1.7	1.4
ClimateId2	12345	07-10-2006	1.9	18.6	4.4	10.665	1.7	1.2
ClimateId2	12345	08-10-2006	0.0	18.1	9.2	10.6352	1.8	1.5
ClimateId2	12345	09-10-2006	0.0	18.7	3.7	11.9977	1.3	1.3
ClimateId2	12345	10-10-2006	0.0	19.7	3.9	11.2662	1.4	1.3
ClimateId2	12345	11-10-2006	0.0	18.9	4.3	10.3999	1.5	1.2
ClimateId2	12345	12-10-2006	0.1	19.1	4.4	10.2574	1.2	1.0
ClimateId2	12345	13-10-2006	0.0	18.4	6.5	7.9314	1.3	1.0
ClimateId2	12345	14-10-2006	0.0	17.7	9.9	7.4384	1.6	1.2
ClimateId2	12345	15-10-2006	0.0	18.1	4.1	10.2497	1.6	1.1
ClimateId2	12345	16-10-2006	0.0	14.6	6.3	9.609	2.3	1.3
ClimateId2	12345	17-10-2006	0.0	14.1	-0.8	10.3739	1.7	0.9
ClimateId2	12345	18-10-2006	0.0	14.3	-1.5	10.3805	1.8	0.9
ClimateId2	12345	19-10-2006	0.0	16.7	0.6	9.3247	2.5	1.1
ClimateId2	12345	20-10-2006	0.0	18.0	6.9	6.1835	3.2	1.3
ClimateId2	12345	21-10-2006	0.0	20.4	6.4	8.5917	1.6	1.1
ClimateId2	12345	22-10-2006	0.0	20.2	6.8	8.821	1.6	1.0
ClimateId2	12345	23-10-2006	0.0	21.4	9.3	8.9022	3.6	1.4
ClimateId2	12345	24-10-2006	31.5	20.0	14.0	3.8556	3.3	1.5
ClimateId2	12345	25-10-2006	0.0	18.6	10.3	7.5838	1.3	0.9
ClimateId2	12345	26-10-2006	0.0	18.2	8.3	7.1982	1.2	0.8
ClimateId2	12345	27-10-2006	0.0	19.5	7.3	7.4133	1.0	0.8
ClimateId2	12345	28-10-2006	0.0	18.3	9.4	5.7144	1.2	0.7
ClimateId2	12345	29-10-2006	1.3	19.9	10.6	5.3674	2.4	1.4
ClimateId2	12345	30-10-2006	0.0	11.9	8.1	5.7774	2.4	1.1
ClimateId2	12345	31-10-2006	0.0	12.4	-1.4	8.2959	1.9	0.6
ClimateId2	12345	01-11-2006	5.0	7.9	4.0	2.9405	1.8	0.9
ClimateId2	12345	02-11-2006	0.0	4.7	0.1	6.0876	3.3	0.9
ClimateId2	12345	03-11-2006	0.1	5.2	-4.5	5.6733	2.0	0.5
ClimateId2	12345	04-11-2006	0.0	6.9	-4.4	6.0263	1.9	0.4
ClimateId2	12345	05-11-2006	0.0	12.0	-0.1	5.1981	2.4	0.8
ClimateId2	12345	06-11-2006	0.0	12.6	4.3	4.1977	2.1	0.9
ClimateId2	12345	07-11-2006	0.0	13.1	-1.8	7.4151	1.5	0.6
ClimateId2	12345	08-11-2006	0.0	15.4	-1.9	7.2657	1.5	0.7
ClimateId2	12345	09-11-2006	0.0	16.2	0.4	6.092	1.9	0.7
ClimateId2	12345	10-11-2006	0.0	11.4	3.7	5.9136	2.9	1.0
ClimateId2	12345	11-11-2006	0.0	6.4	-3.1	4.63	2.0	0.6
ClimateId2	12345	12-11-2006	0.4	10.2	1.0	3.6443	2.5	0.7
ClimateId2	12345	13-11-2006	0.0	10.3	0.3	4.2896	2.0	0.5
ClimateId2	12345	14-11-2006	0.0	12.7	2.0	4.4069	1.4	0.5
ClimateId2	12345	15-11-2006	0.0	17.1	2.7	6.3569	1.5	0.5
ClimateId2	12345	16-11-2006	0.0	18.6	1.4	6.4876	3.1	0.7
ClimateId2	12345	17-11-2006	0.0	18.5	5.7	5.8248	2.7	1.0
ClimateId2	12345	18-11-2006	0.0	17.2	4.7	4.1065	2.5	0.9
ClimateId2	12345	19-11-2006	0.0	12.6	6.0	3.2991	1.7	0.5
ClimateId2	12345	20-11-2006	4.3	8.9	4.8	1.6969	1.2	0.4
ClimateId2	12345	21-11-2006	7.4	10.0	5.8	2.9906	1.9	0.5
ClimateId2	12345	22-11-2006	16.2	7.0	4.1	1.2031	2.8	0.5
ClimateId2	12345	23-11-2006	0.0	11.9	5.0	4.1845	1.9	0.6
ClimateId2	12345	24-11-2006	0.0	10.6	-0.2	4.5884	2.0	0.4
ClimateId2	12345	25-11-2006	0.0	16.8	3.0	4.7499	3.7	0.6
ClimateId2	12345	26-11-2006	0.0	9.4	3.4	2.5247	1.4	0.4
ClimateId2	12345	27-11-2006	0.1	7.6	6.5	1.636	1.3	0.6
ClimateId2	12345	28-11-2006	0.1	7.5	5.1	1.5591	1.4	0.7
ClimateId2	12345	29-11-2006	0.0	7.2	5.2	1.592	1.8	0.6
ClimateId2	12345	30-11-2006	0.0	9.0	5.2	1.6606	1.7	0.5
ClimateId2	12345	01-12-2006	0.0	8.7	5.6	1.8828	1.6	0.7
ClimateId2	12345	02-12-2006	0.0	5.7	-1.0	3.0004	1.6	0.5
ClimateId2	12345	03-12-2006	0.0	5.9	-0.1	3.0646	1.3	0.4
ClimateId2	12345	04-12-2006	0.0	4.8	-1.6	2.65	1.2	0.2
ClimateId2	12345	05-12-2006	0.0	9.7	-0.2	2.9543	1.8	0.3
ClimateId2	12345	06-12-2006	0.0	15.4	1.1	4.7757	3.6	0.2
ClimateId2	12345	07-12-2006	0.2	10.0	7.0	2.3654	2.3	0.5
ClimateId2	12345	08-12-2006	0.0	15.5	3.3	4.5895	4.1	0.4
ClimateId2	12345	09-12-2006	3.7	12.8	8.5	1.7828	3.2	0.8
ClimateId2	12345	10-12-2006	0.9	7.4	5.5	1.048	1.4	0.6
ClimateId2	12345	11-12-2006	0.0	7.2	0.4	3.1872	1.4	0.3
ClimateId2	12345	12-12-2006	0.0	4.4	-3.9	3.0021	1.4	0.3
ClimateId2	12345	13-12-2006	0.0	6.3	-3.5	3.6666	1.6	0.3
ClimateId2	12345	14-12-2006	0.0	6.1	-4.2	3.9639	1.5	0.3
ClimateId2	12345	15-12-2006	0.0	0.6	-3.7	1.7902	1.5	0.6
ClimateId2	12345	16-12-2006	0.0	-0.4	-2.2	1.4651	1.3	0.4
ClimateId2	12345	17-12-2006	7.1	1.4	-1.8	1.6089	1.3	0.3
ClimateId2	12345	18-12-2006	5.9	4.5	0.9	1.0044	2.6	0.6
ClimateId2	12345	19-12-2006	0.0	3.5	1.1	1.223	3.1	1.0
ClimateId2	12345	20-12-2006	0.0	4.8	-4.6	3.3913	1.8	0.3
ClimateId2	12345	21-12-2006	0.0	5.1	-0.9	1.8528	2.1	0.4
ClimateId2	12345	22-12-2006	0.0	5.6	0.7	2.4713	1.3	0.4
ClimateId2	12345	23-12-2006	0.0	4.4	-4.1	4.4148	1.3	0.1
ClimateId2	12345	24-12-2006	0.0	1.1	-3.2	1.5415	1.6	0.3
ClimateId2	12345	25-12-2006	0.0	4.5	-1.5	2.7492	2.3	0.4
ClimateId2	12345	26-12-2006	0.0	4.1	-2.1	2.73	1.5	0.4
ClimateId2	12345	27-12-2006	0.0	3.5	-5.9	4.313	1.1	0.2
ClimateId2	12345	28-12-2006	0.0	2.8	-7.6	3.7348	1.6	0.3
ClimateId2	12345	29-12-2006	0.0	3.9	-5.1	2.8457	1.4	0.2
ClimateId2	12345	30-12-2006	0.0	1.5	-5.8	2.5928	1.3	0.2
ClimateId2	12345	31-12-2006	0.0	2.1	-3.5	2.2592	1.5	0.4
