{
  "depth_cm": [
    0.970875301408924,
    2.03406620428441,
    3.01547439148127,
    3.95598966093348,
    4.97828920596967,
    6.12326438442912,
    6.94110402045804,
    7.84072949197624,
    8.94481175269108,
    10.0080026555665,
    10.7849509337561,
    12.0526017456389,
    12.9522272171571,
    13.9745267621932,
    14.9150404717401,
    15.9782313746156,
    17.0005309196518,
    18.0637249423379,
    18.8815645783669,
    19.9856468390817,
    21.0897290997965,
    22.0711372869933,
    23.0934368320295,
    23.9112764680584,
    25.1380359221019,
    25.8740928424522,
    26.9372837453276,
    27.9595832903638,
    28.9001001197214,
    30.0041823804362,
    30.9446992097937,
    31.9728417701509,
    32.9075120744004,
    33.7253517104294,
    34.8352804962522,
    35.7699508005017,
    36.7046273443725,
    37.8145498905741,
    38.8076417685551,
    39.9759858884882,
    41.0274931005795,
    42.0790003126709,
    43.0720921906519,
    43.9483471607911,
    44.9998606125037,
    45.8177002485326,
    47.044459702576,
    48.0959669146673,
    48.9138065506963,
    49.8484768549458,
    50.8415687329268,
    52.0683281869702,
    53.0614200649512,
    53.9960938789877,
    54.8723519689375,
    55.9238591810288,
    56.7416988170578,
    57.7347906950388,
    58.7278794532092,
    60.0130573611735,
    60.9477307852336,
    61.8239888751835,
    63.0507483292269,
    63.9270032993661,
    64.8616767234262,
    65.9131870553282,
    66.8478604793883,
    67.9577830255899,
    68.7756226616188,
    69.943966781552,
    70.8786433254227,
    71.8717352034037,
    72.9232424154951,
    73.9163342934761,
    74.8510045977256,
    75.8510045977256,
    76.8510045977256,
    77.8510045977256,
    78.8510045977256,
    79.8510045977256,
    80.8510045977256,
    81.8510045977256,
    82.8510045977256,
    83.8510045977256,
    84.8510045977256,
    85.8510045977256,
    86.8510045977256,
    87.8510045977256,
    88.8510045977256,
    89.8510045977256,
    90.8510045977256
  ],
  "k_profile": [
    0.010448716728254284,
    0.01190162642449909,
    0.014141527910653047,
    0.017107881935593122,
    0.0209217670015654,
    0.02585560396528274,
    0.031122398727499757,
    0.03647999890239688,
    0.041595446691474504,
    0.04571202108505311,
    0.04885999055402602,
    0.050736665770787,
    0.052098767745015394,
    0.053301730247391516,
    0.05628513553049262,
    0.06123095382278801,
    0.06778566642707601,
    0.07372739610534845,
    0.07969098934104067,
    0.08301346149665276,
    0.08398097357590165,
    0.0821112245759389,
    0.08012552083036466,
    0.07809183934419123,
    0.0758645607932055,
    0.0734175580696012,
    0.07104309497356012,
    0.06923550718036728,
    0.06981544409381041,
    0.07141427661286559,
    0.0731402914636633,
    0.07335090043795456,
    0.0733901812075986,
    0.07303671985876786,
    0.07204788549795035,
    0.07063719549939579,
    0.07029821768910638,
    0.0728540718664646,
    0.07979572273327198,
    0.09125925174675524,
    0.10731902808788983,
    0.12838706073361703,
    0.15771000167664884,
    0.20243855385272796,
    0.24915400762141807,
    0.31208929569958926,
    0.3764918399551591,
    0.45272385873167137,
    0.5247786560309134,
    0.6043696580809675,
    0.7019709121684417,
    0.7757558776929434,
    0.7925174472984144,
    0.7469370384930105,
    0.673438471128099,
    0.6067229114176695,
    0.5416374923670744,
    0.48628205568853117,
    0.4489328417360805,
    0.4217303455796721,
    0.4012082427956248,
    0.37004749171320983,
    0.3400468062106934,
    0.31140023067707434,
    0.2863926242662369,
    0.2635375088236882,
    0.24696008841412598,
    0.24053832610640746,
    0.24437769658903588,
    0.25454761055087954,
    0.2695241932454623,
    0.28729364426144355,
    0.3054530869084213,
    0.32707081247535386,
    0.3420101487141758,
    0.3420101487141758,
    0.3420101487141758,
    0.3420101487141758,
    0.3420101487141758,
    0.3420101487141758,
    0.3420101487141758,
    0.3420101487141758,
    0.3420101487141758,
    0.3420101487141758,
    0.3420101487141758,
    0.3420101487141758,
    0.3420101487141758,
    0.3420101487141758,
    0.3420101487141758,
    0.3420101487141758,
    0.3420101487141758
  ],
  "note": "High-resolution k(z) derived from Kompost PR calibration and extended to 90 cm using last k-value"
}