{
  "depth_cm": [
    0.843195266272189,
    1.78994127984583,
    2.85503003724228,
    3.74260400173932,
    4.80769275913577,
    5.69526672363281,
    6.76035548102926,
    7.82544559275611,
    8.83136094674556,
    9.7781083146496,
    10.843197072046,
    11.7899417312892,
    12.7958597939395,
    13.9201192460821,
    14.8668639053254,
    15.8136112732294,
    16.8787000306259,
    17.8846153846153,
    18.8313627525194,
    19.8372781065088,
    20.7248520710059,
    21.7307701336561,
    22.8550295857988,
    23.8017769537028,
    24.8076923076923,
    25.9911251632419,
    26.8786991277389,
    27.766273092236,
    28.653847056733,
    29.8372799122827,
    30.7840272801867,
    31.6124278412768,
    32.8550313915726,
    33.9201201489691,
    34.9260355029585,
    35.7544414813701,
    36.937871628259,
    38.1213017751479,
    39.0088757396449,
    39.896449704142,
    40.9615384615384,
    41.8491124260355,
    42.7366863905325,
    43.6834337584365,
    44.80769591924,
    45.8727846766364,
    46.8787000306259,
    47.9437887880223,
    48.9497078664204,
    49.8964498170028,
    50.9023705883139,
    51.8491125388963,
    52.9733763926127,
    53.8017769537028,
    54.8668657110992,
    55.9319544684957,
    56.7603550295857,
    57.8254437869822,
    58.8905325443787,
    59.8372799122827,
    61.0207100591716,
    61.8491160375832,
    62.9142047949796,
    63.9201201489691,
    64.8076941134661,
    65.9319562742696,
    66.878698224852,
    67.9437910452396,
    69.0088798026361,
    69.7189389742337,
    71.020710510615,
    71.9674578785191,
    72.7958584396091,
    73.9201206004125,
    74.985209357809,
    75.985209357809,
    76.985209357809,
    77.985209357809,
    78.985209357809,
    79.985209357809,
    80.985209357809,
    81.985209357809,
    82.985209357809,
    83.985209357809,
    84.985209357809,
    85.985209357809,
    86.985209357809,
    87.985209357809,
    88.985209357809,
    89.985209357809,
    90.985209357809
  ],
  "k_profile": [
    0.010167899688251606,
    0.012295077001242726,
    0.015656014351387963,
    0.019102037391862482,
    0.023228753744917646,
    0.027908536822546258,
    0.033098841832096985,
    0.03820406115131851,
    0.04301147860690087,
    0.047393459820890396,
    0.05143509437858956,
    0.054625856453103055,
    0.056497768905159895,
    0.057008290837082067,
    0.05672915787754682,
    0.056517042139168125,
    0.05676829831709718,
    0.059233897480564235,
    0.06459061204500893,
    0.07284003956962862,
    0.08307941885012546,
    0.0954301124910405,
    0.1088532437984582,
    0.12234822918896719,
    0.13679557138126036,
    0.15149784831635532,
    0.16859136559971236,
    0.1851987015764312,
    0.20414782064944725,
    0.21041201000342113,
    0.21402465422616873,
    0.2138019766697503,
    0.22250396515387652,
    0.22871219312979701,
    0.23178942769245445,
    0.2332767065587723,
    0.23308210376196334,
    0.2319039014974768,
    0.22884849165836568,
    0.22327027411755862,
    0.21638837277530612,
    0.20835564187809513,
    0.20229946646052016,
    0.19762008912693546,
    0.2040612517418009,
    0.20909771090213758,
    0.2130656118351213,
    0.2047897284871666,
    0.1985255285857218,
    0.1936569688170473,
    0.19157054054376926,
    0.19185060284900932,
    0.1925305015142686,
    0.19397867506091204,
    0.1956232146701228,
    0.198846898729781,
    0.20298610760468003,
    0.2092726195954746,
    0.21637696639338055,
    0.23524869614002175,
    0.253297522801745,
    0.27321546719999,
    0.2824283876435204,
    0.29266866832239447,
    0.3022842722689687,
    0.31336076892234854,
    0.32556375637217727,
    0.3393396601851056,
    0.3508484247314356,
    0.3622439120609061,
    0.37364280823104845,
    0.3887569431261969,
    0.4020776917483362,
    0.41974133851116613,
    0.43195331706343476,
    0.43195331706343476,
    0.43195331706343476,
    0.43195331706343476,
    0.43195331706343476,
    0.43195331706343476,
    0.43195331706343476,
    0.43195331706343476,
    0.43195331706343476,
    0.43195331706343476,
    0.43195331706343476,
    0.43195331706343476,
    0.43195331706343476,
    0.43195331706343476,
    0.43195331706343476,
    0.43195331706343476,
    0.43195331706343476
  ],
  "note": "High-resolution k(z) derived from Kontrolle PR calibration and extended to 90 cm using last k-value"
}