DAS,mean_length,std_length
42,2090.603911,364.1952534
63,19076.03325,147.6160687
98,77627.14616,544.4102646
154,76958.43837,244.3199416
