DAS,meas_diam
42,0.410892297811862
63,0.318389166806844
98,0.321555006527401
154,0.304495897185783
