,DAS,mean_diam
0,42,0.3395504833569474
1,63,0.3018894871320488
2,98,0.21402844608746432
